상가업소번호,상호명,지점명,업종대분류코드,업종대분류명,업종중분류코드,업종중분류명,업종소분류코드,업종소분류명,시군구명,행정동코드,행정동명,법정동명,지번주소,도로명주소,경도,위도
MA010120220800643176,덤내슈퍼,,G2,소매,G204,종합 소매,G20404,슈퍼마켓,영월군,51750325,김삿갓면,김삿갓면,강원특별자치도 영월군 김삿갓면 대야리 254,강원특별자치도 영월군 김삿갓면 영월동로 1464,128.554262811373,37.1246557700449
MA010120220800669965,대영매운탕,,I2,음식,I201,한식,I20112,해산물 구이/찜,영월군,51750325,김삿갓면,김삿갓면,강원특별자치도 영월군 김삿갓면 진별리 506-12,강원특별자치도 영월군 김삿갓면 영월동로 1131-21,128.535992027426,37.1297682243943
MA010120220800716022,대산생약초,,G2,소매,G221,기타 상품 소매,G22199,그 외 기타 상품 전문 소매업,영월군,51750325,김삿갓면,김삿갓면,강원특별자치도 영월군 김삿갓면 와석리 919,강원특별자치도 영월군 김삿갓면 김삿갓로 216-19,128.602249437754,37.0802476610279
MA010120220801316373,히어리마켓,,G2,소매,G204,종합 소매,G20404,슈퍼마켓,영월군,51750325,김삿갓면,김삿갓면,강원특별자치도 영월군 김삿갓면 와석리 744,강원특별자치도 영월군 김삿갓면 김삿갓로 587-6,128.602885691102,37.1051148791982
MA010120220803070557,동강아름캠프,,I1,숙박,I101,일반 숙박,I10104,캠핑/글램핑,영월군,51750325,김삿갓면,김삿갓면,강원특별자치도 영월군 김삿갓면 외룡리 717,강원특별자치도 영월군 김삿갓면 영월동로 2435,128.641473469422,37.1152272279849
MA010120220803367015,동강레포츠스쿨,,R1,예술·스포츠,R104,유원지·오락,R10409,수상/해양 레저업,영월군,51750325,김삿갓면,김삿갓면,강원특별자치도 영월군 김삿갓면 진별리 506-13,강원특별자치도 영월군 김삿갓면 영월동로 1131-15,128.536166011258,37.1294686480591
MA010120220803726624,푸른산,,G2,소매,G219,식물 소매,G21901,꽃집,영월군,51750325,김삿갓면,김삿갓면,강원특별자치도 영월군 김삿갓면 각동리 314-9,강원특별자치도 영월군 김삿갓면 길론길 10-6,128.525956458862,37.115842631319
MA010120220803913460,동강여울,,I2,음식,I201,한식,I20101,백반/한정식,영월군,51750325,김삿갓면,김삿갓면,강원특별자치도 영월군 김삿갓면 각동리 509-3,강원특별자치도 영월군 김삿갓면 강변로 1311,128.522120178906,37.1169731279405
MA010120220804349624,미사밸리,,I1,숙박,I101,일반 숙박,I10102,여관/모텔,영월군,51750325,김삿갓면,김삿갓면,강원특별자치도 영월군 김삿갓면 와석리 185-4,강원특별자치도 영월군 김삿갓면 미사리길 348,128.640174619215,37.1009108613904
MA010120220804424878,가향민박,,I1,숙박,I101,일반 숙박,I10103,펜션,영월군,51750325,김삿갓면,김삿갓면,강원특별자치도 영월군 김삿갓면 와석리 335-2,강원특별자치도 영월군 김삿갓면 김삿갓로 764,128.607755543466,37.1189058202913
MA010120220804539175,스테이브릴,,I1,숙박,I101,일반 숙박,I10103,펜션,영월군,51750325,김삿갓면,김삿갓면,강원특별자치도 영월군 김삿갓면 와석리 507-24,강원특별자치도 영월군 김삿갓면 두릉골길 24-33,128.589179623487,37.1226340717524
MA010120220804593495,강원방송，동강가든,,I2,음식,I201,한식,I20101,백반/한정식,영월군,51750325,김삿갓면,김삿갓면,강원특별자치도 영월군 김삿갓면 각동리 331,강원특별자치도 영월군 김삿갓면 강변로 1343,128.525050509118,37.1155479582107
MA010120220804673748,산골매점,,G2,소매,G207,담배 소매,G20701,담배/전자담배 소매업,영월군,51750325,김삿갓면,김삿갓면,강원특별자치도 영월군 김삿갓면 옥동리 342,강원특별자치도 영월군 김삿갓면 영월동로 1667,128.569781948034,37.1286137288326
MA010120220804674617,조제상회,,G2,소매,G204,종합 소매,G20404,슈퍼마켓,영월군,51750325,김삿갓면,김삿갓면,강원특별자치도 영월군 김삿갓면 내리 75,강원특별자치도 영월군 김삿갓면 내리계곡로 43,128.752245678142,37.0699632635556
MA010120220804674699,삿갓가게,,G2,소매,G204,종합 소매,G20404,슈퍼마켓,영월군,51750325,김삿갓면,김삿갓면,강원특별자치도 영월군 김삿갓면 와석리 921,강원특별자치도 영월군 김삿갓면 김삿갓로 216-11,128.602043234939,37.0806018267003
MA010120220804674703,산촌슈퍼,,G2,소매,G204,종합 소매,G20404,슈퍼마켓,영월군,51750325,김삿갓면,김삿갓면,강원특별자치도 영월군 김삿갓면 내리 551,강원특별자치도 영월군 김삿갓면 내리계곡로 1162-1,128.670962443476,37.1096977322316
MA010120220804674803,아쁘리까옥동점,,I2,음식,I210,기타 간이,I21006,치킨,영월군,51750325,김삿갓면,김삿갓면,강원특별자치도 영월군 김삿갓면 옥동리 232,강원특별자치도 영월군 김삿갓면 옥동장터길 28-2,128.569548552135,37.1249408603701
MA010120220804675584,김삿갓해선식당,,I2,음식,I201,한식,I20101,백반/한정식,영월군,51750325,김삿갓면,김삿갓면,강원특별자치도 영월군 김삿갓면 와석리 921-1,강원특별자치도 영월군 김삿갓면 김삿갓로 216-11,128.602043234939,37.0806018267003
MA010120220804675815,꽃비농원민박,,I1,숙박,I101,일반 숙박,I10103,펜션,영월군,51750325,김삿갓면,김삿갓면,강원특별자치도 영월군 김삿갓면 와석리 739,강원특별자치도 영월군 김삿갓면 김삿갓로 603-2,128.603429005005,37.1063418597299
MA010120220804675879,느티나무쉼터,,G2,소매,G204,종합 소매,G20404,슈퍼마켓,영월군,51750325,김삿갓면,김삿갓면,강원특별자치도 영월군 김삿갓면 내리 495,강원특별자치도 영월군 김삿갓면 내리계곡로 1106,128.676108716347,37.1068771479478
MA010120220804676242,하동노래연습장,,R1,예술·스포츠,R104,유원지·오락,R10407,노래방,영월군,51750325,김삿갓면,김삿갓면,강원특별자치도 영월군 김삿갓면 옥동리 232,강원특별자치도 영월군 김삿갓면 옥동장터길 28-2,128.569548552135,37.1249408603701
MA010120220804676299,김삿갓계곡주막상회,,G2,소매,G204,종합 소매,G20404,슈퍼마켓,영월군,51750325,김삿갓면,김삿갓면,강원특별자치도 영월군 김삿갓면 와석리 625,강원특별자치도 영월군 김삿갓면 김삿갓로 676,128.603230264142,37.1129216204686
MA010120220804676472,김삿갓유원지송어회집,,I2,음식,I201,한식,I20111,횟집,영월군,51750325,김삿갓면,김삿갓면,강원특별자치도 영월군 김삿갓면 와석리 506,강원특별자치도 영월군 김삿갓면 두릉골길 32-2,128.590029401554,37.1223794134534
MA010120220804676576,산장가든,,I2,음식,I201,한식,I20101,백반/한정식,영월군,51750325,김삿갓면,김삿갓면,강원특별자치도 영월군 김삿갓면 진별리 506-10,강원특별자치도 영월군 김삿갓면 영월동로 1131-35,128.535776684976,37.1302485311943
MA010120220804676728,강촌가든,,I2,음식,I201,한식,I20101,백반/한정식,영월군,51750325,김삿갓면,김삿갓면,강원특별자치도 영월군 김삿갓면 와석리 243,강원특별자치도 영월군 김삿갓면 영월동로 2280-26,128.623662414979,37.1177700042868
MA010120220804676922,심심산골건강밥상,,I2,음식,I201,한식,I20101,백반/한정식,영월군,51750325,김삿갓면,김삿갓면,강원특별자치도 영월군 김삿갓면 옥동리 343,강원특별자치도 영월군 김삿갓면 영월동로 1667,128.569781948034,37.1286137288326
MA010120220804677049,나들목민박,,I1,숙박,I101,일반 숙박,I10103,펜션,영월군,51750325,김삿갓면,김삿갓면,강원특별자치도 영월군 김삿갓면 각동리 4-1,강원특별자치도 영월군 김삿갓면 강변로 1462-23,128.539309033478,37.1168682840784
MA010120220804677321,민속촌,,I2,음식,I201,한식,I20101,백반/한정식,영월군,51750325,김삿갓면,김삿갓면,강원특별자치도 영월군 김삿갓면 진별리 506-18,강원특별자치도 영월군 김삿갓면 영월동로 1131-40,128.536470884701,37.1300773583891
MA010120220804677329,미사리촌집,,I2,음식,I201,한식,I20101,백반/한정식,영월군,51750325,김삿갓면,김삿갓면,강원특별자치도 영월군 김삿갓면 와석리 246,강원특별자치도 영월군 김삿갓면 영월동로 2280-16,128.624411969435,37.1186246607761
MA010120220804677338,강원토속분식,,I2,음식,I210,기타 간이,I21007,김밥/만두/분식,영월군,51750325,김삿갓면,김삿갓면,강원특별자치도 영월군 김삿갓면 진별리 506-17,강원특별자치도 영월군 김삿갓면 영월동로 1121-16,128.536397054978,37.130321578429
MA010120220804677873,영월아프리카미술박물관&에이미캠핑장,,I1,숙박,I101,일반 숙박,I10104,캠핑/글램핑,영월군,51750325,김삿갓면,김삿갓면,강원특별자치도 영월군 김삿갓면 진별리 592-3,강원특별자치도 영월군 김삿갓면 영월동로 1107-1,128.535348211798,37.1318758355444
MA010120220804678298,김삿갓주막,,I2,음식,I201,한식,I20107,돼지고기 구이/찜,영월군,51750325,김삿갓면,김삿갓면,강원특별자치도 영월군 김삿갓면 와석리 618-2,강원특별자치도 영월군 김삿갓면 김삿갓로 676,128.603230264142,37.1129216204686
MA010120220804678384,꽃비농원,,G2,소매,G204,종합 소매,G20404,슈퍼마켓,영월군,51750325,김삿갓면,김삿갓면,강원특별자치도 영월군 김삿갓면 와석리 745,강원특별자치도 영월군 김삿갓면 김삿갓로 592-3,128.60403387897,37.1051534068491
MA010120220804678417,초성가든,,I2,음식,I201,한식,I20101,백반/한정식,영월군,51750325,김삿갓면,김삿갓면,강원특별자치도 영월군 김삿갓면 진별리 506-11,강원특별자치도 영월군 김삿갓면 영월동로 1131-25,128.535917468109,37.1299764146568
MA010120220804678850,김삿갓주유소,,G2,소매,G214,연료 소매,G21401,주유소,영월군,51750325,김삿갓면,김삿갓면,강원특별자치도 영월군 김삿갓면 와석리 322,강원특별자치도 영월군 김삿갓면 영월동로 2150,128.610573023059,37.1212551312357
MA010120220804678944,김삿갓펜션,,I1,숙박,I101,일반 숙박,I10103,펜션,영월군,51750325,김삿갓면,김삿갓면,강원특별자치도 영월군 김삿갓면 와석리 630,강원특별자치도 영월군 김삿갓면 김삿갓로 698-25,128.604986301626,37.1124383628989
MA010120220804679079,김삿갓휴게소,,I2,음식,I201,한식,I20101,백반/한정식,영월군,51750325,김삿갓면,김삿갓면,강원특별자치도 영월군 김삿갓면 와석리 322-2,강원특별자치도 영월군 김삿갓면 영월동로 2156,128.611311202764,37.1215784558494
MA010120220804679126,고향향토식당,,I2,음식,I201,한식,I20105,국수/칼국수,영월군,51750325,김삿갓면,김삿갓면,강원특별자치도 영월군 김삿갓면 진별리 506-8,강원특별자치도 영월군 김삿갓면 영월동로 1121-9,128.536340484846,37.1308628960379
MA010120220804679152,GS25영월고씨굴점,,G2,소매,G204,종합 소매,G20405,편의점,영월군,51750325,김삿갓면,김삿갓면,강원특별자치도 영월군 김삿갓면 진별리 506-14,강원특별자치도 영월군 김삿갓면 영월동로 1121-8,128.536050318516,37.1304251798965
MA010120220804679352,내리금봉펜션,,I1,숙박,I101,일반 숙박,I10103,펜션,영월군,51750325,김삿갓면,김삿갓면,강원특별자치도 영월군 김삿갓면 내리 537,강원특별자치도 영월군 김삿갓면 내리계곡로 1146,128.67189596288,37.1086664838901
MA010120220804679427,김삿갓황토한옥민박,,I1,숙박,I101,일반 숙박,I10103,펜션,영월군,51750325,김삿갓면,김삿갓면,강원특별자치도 영월군 김삿갓면 와석리 566,강원특별자치도 영월군 김삿갓면 들모랭이길 72,128.59852619438,37.1219407758395
MA010120220804679733,해피트리,,I2,음식,I212,비알코올 ,I21201,카페,영월군,51750325,김삿갓면,김삿갓면,강원특별자치도 영월군 김삿갓면 와석리 590,강원특별자치도 영월군 김삿갓면 들모랭이길 118,128.603006685562,37.1225920281998
MA010120220804679951,솔기념품,,G2,소매,G218,장식품 소매,G21802,기념품점,영월군,51750325,김삿갓면,김삿갓면,강원특별자치도 영월군 김삿갓면 와석리 841-1,강원특별자치도 영월군 김삿갓면 김삿갓로 432-10,128.606625452329,37.0963068282794
MA010120220804680017,직실농원,,I1,숙박,I101,일반 숙박,I10103,펜션,영월군,51750325,김삿갓면,김삿갓면,강원특별자치도 영월군 김삿갓면 외룡리 219-4,강원특별자치도 영월군 김삿갓면 영월동로 2660,128.6620424401,37.1148775298281
MA010120220804693756,예밀2리,,R1,예술·스포츠,R104,유원지·오락,R10499,기타 오락관련 서비스업,영월군,51750325,김삿갓면,김삿갓면,강원특별자치도 영월군 김삿갓면 예밀리 106,강원특별자치도 영월군 김삿갓면 예밀촌길 229-4,128.590480307704,37.1417711884762
MA010120220805215747,마추픽추패러,,R1,예술·스포츠,R104,유원지·오락,R10499,기타 오락관련 서비스업,영월군,51750325,김삿갓면,김삿갓면,강원특별자치도 영월군 김삿갓면 진별리 714,강원특별자치도 영월군 김삿갓면 중앙로 801-107,128.528703135458,37.1505938591104
MA010120220805392135,행복둥지,,I1,숙박,I101,일반 숙박,I10103,펜션,영월군,51750325,김삿갓면,김삿갓면,강원특별자치도 영월군 김삿갓면 와석리 산 35,강원특별자치도 영월군 김삿갓면 미사리길 445-18,128.639470611941,37.092253304041
MA010120220805486537,김삿갓슬로시티사회적협동조합,,R1,예술·스포츠,R104,유원지·오락,R10499,기타 오락관련 서비스업,영월군,51750325,김삿갓면,김삿갓면,강원특별자치도 영월군 김삿갓면 와석리 595,강원특별자치도 영월군 김삿갓면 영월동로 2096,128.60480831846,37.1221261743819
MA010120220805528558,와석유앤아이,,I1,숙박,I101,일반 숙박,I10103,펜션,영월군,51750325,김삿갓면,김삿갓면,강원특별자치도 영월군 김삿갓면 와석리 553-1,강원특별자치도 영월군 김삿갓면 두릉골길 35,128.590622916751,37.1222453143478
MA010120220805608950,고씨굴펜션,,I1,숙박,I101,일반 숙박,I10103,펜션,영월군,51750325,김삿갓면,김삿갓면,강원특별자치도 영월군 김삿갓면 진별리 491,강원특별자치도 영월군 김삿갓면 영월동로 1165,128.538342722798,37.1269357076821
MA010120220805900027,김삿갓계곡캠핑장,,I1,숙박,I101,일반 숙박,I10104,캠핑/글램핑,영월군,51750325,김삿갓면,김삿갓면,강원특별자치도 영월군 김삿갓면 와석리 913-3,강원특별자치도 영월군 김삿갓면 김삿갓로 216-30,128.602678442463,37.0792598025669
MA010120220806348224,동강리버버깅협동조합,,P1,교육,P106,기타 교육,P10607,청소년 수련시설,영월군,51750325,김삿갓면,김삿갓면,강원특별자치도 영월군 김삿갓면 각동리 18-1,강원특별자치도 영월군 김삿갓면 강변로 1462-17,128.538618550978,37.1166610146765
MA010120220806477378,삿갓펜션,,I1,숙박,I101,일반 숙박,I10103,펜션,영월군,51750325,김삿갓면,김삿갓면,강원특별자치도 영월군 김삿갓면 와석리 878,강원특별자치도 영월군 김삿갓면 김삿갓로 362,128.603467201078,37.0910789049686
MA010120220806573075,아라리펜션,,I1,숙박,I101,일반 숙박,I10103,펜션,영월군,51750325,김삿갓면,김삿갓면,강원특별자치도 영월군 김삿갓면 각동리 510-1,강원특별자치도 영월군 김삿갓면 강변로 1305-4,128.521972448635,37.1174615526418
MA010120220806810515,외룡송어회캠핑장,,I1,숙박,I101,일반 숙박,I10104,캠핑/글램핑,영월군,51750325,김삿갓면,김삿갓면,강원특별자치도 영월군 김삿갓면 외룡리 651-1,강원특별자치도 영월군 김삿갓면 직실길 7,128.642249812769,37.116793160008
MA010120220806947748,영월외룡캠핑장,,I1,숙박,I101,일반 숙박,I10104,캠핑/글램핑,영월군,51750325,김삿갓면,김삿갓면,강원특별자치도 영월군 김삿갓면 외룡리 190-2,강원특별자치도 영월군 김삿갓면 영월동로 2696,128.666269990865,37.1137370235788
MA010120220806956171,영월생태관광협동조합,,N1,시설관리·임대,N105,여행사·보조,N10501,여행사,영월군,51750325,김삿갓면,김삿갓면,강원특별자치도 영월군 김삿갓면 와석리 743,강원특별자치도 영월군 김삿갓면 김삿갓로 587-6,128.602885691102,37.1051148791982
MA010120220806977292,파랑새펜션,,I1,숙박,I101,일반 숙박,I10103,펜션,영월군,51750325,김삿갓면,김삿갓면,강원특별자치도 영월군 김삿갓면 와석리 775,강원특별자치도 영월군 김삿갓면 김삿갓로 497-57,128.60371175296,37.1026800986527
MA010120220807064790,자연펜션캠핑장,,I1,숙박,I101,일반 숙박,I10104,캠핑/글램핑,영월군,51750325,김삿갓면,김삿갓면,강원특별자치도 영월군 김삿갓면 내리 616,강원특별자치도 영월군 김삿갓면 내리계곡로 1199,128.669159692655,37.1126422430763
MA010120220807071218,느티나무캠핑장,,I1,숙박,I101,일반 숙박,I10104,캠핑/글램핑,영월군,51750325,김삿갓면,김삿갓면,강원특별자치도 영월군 김삿갓면 내리 474,강원특별자치도 영월군 김삿갓면 내리계곡로 1061,128.678497593521,37.1040053217763
MA010120220807072743,내리계곡펜션,,I1,숙박,I101,일반 숙박,I10103,펜션,영월군,51750325,김삿갓면,김삿갓면,강원특별자치도 영월군 김삿갓면 내리 378,강원특별자치도 영월군 김삿갓면 내리계곡로 1044-22,128.680790678528,37.1054594150491
MA010120220807120263,강촌팬션형,,I1,숙박,I101,일반 숙박,I10103,펜션,영월군,51750325,김삿갓면,김삿갓면,강원특별자치도 영월군 김삿갓면 와석리 243,강원특별자치도 영월군 김삿갓면 영월동로 2280-26,128.623662414979,37.1177700042868
MA010120220807147628,이조,,G2,소매,G205,식료품 소매,G20506,채소/과일 소매업,영월군,51750325,김삿갓면,김삿갓면,강원특별자치도 영월군 김삿갓면 예밀리 917,강원특별자치도 영월군 김삿갓면 포도마을길 1-89,128.570859100082,37.1377172677067
MA010120220807156178,디케이서핑협동조합,,R1,예술·스포츠,R104,유원지·오락,R10409,수상/해양 레저업,영월군,51750325,김삿갓면,김삿갓면,강원특별자치도 영월군 김삿갓면 대야리 823-3,강원특별자치도 영월군 김삿갓면 영월동로 1278,128.543299199956,37.1177894527524
MA010120220807369705,리버파크모텔,,I1,숙박,I101,일반 숙박,I10102,여관/모텔,영월군,51750325,김삿갓면,김삿갓면,강원특별자치도 영월군 김삿갓면 진별리 506-25,강원특별자치도 영월군 김삿갓면 영월동로 1121-33,128.537491997778,37.1293793763001
MA010120220807717998,휴가를부탁해캠핑장,,I1,숙박,I101,일반 숙박,I10104,캠핑/글램핑,영월군,51750325,김삿갓면,김삿갓면,강원특별자치도 영월군 김삿갓면 내리 388-10,강원특별자치도 영월군 김삿갓면 내리계곡로 1024,128.682519107114,37.1037591101498
MA010120220807999243,동굴칡국수,,I2,음식,I201,한식,I20105,국수/칼국수,영월군,51750325,김삿갓면,김삿갓면,강원특별자치도 영월군 김삿갓면 진별리 506-15,강원특별자치도 영월군 김삿갓면 영월동로 1121-10,128.536139223297,37.1303699691912
MA010120220808061126,마당바위황토민박,,I1,숙박,I101,일반 숙박,I10103,펜션,영월군,51750325,김삿갓면,김삿갓면,강원특별자치도 영월군 김삿갓면 옥동리 624,강원특별자치도 영월군 김삿갓면 버드나무길 6-31,128.563413945085,37.1193548259526
MA010120220808145791,솔희식품,,G2,소매,G204,종합 소매,G20404,슈퍼마켓,영월군,51750325,김삿갓면,김삿갓면,강원특별자치도 영월군 김삿갓면 예밀리 825-8,강원특별자치도 영월군 김삿갓면 영월동로 1726-3,128.575167895583,37.1305964803316
MA010120220808172438,고씨굴주유소,,G2,소매,G214,연료 소매,G21401,주유소,영월군,51750325,김삿갓면,김삿갓면,강원특별자치도 영월군 김삿갓면 진별리 506-29,강원특별자치도 영월군 김삿갓면 영월동로 1139,128.536747845045,37.1287493359021
MA010120220808257174,귀농귀촌사이다TV나그네쉼터,,I1,숙박,I101,일반 숙박,I10103,펜션,영월군,51750325,김삿갓면,김삿갓면,강원특별자치도 영월군 김삿갓면 대야리 823-3,강원특별자치도 영월군 김삿갓면 영월동로 1278,128.543299199956,37.1177894527524
MA010120220808330257,프레임하우스,,I1,숙박,I101,일반 숙박,I10103,펜션,영월군,51750325,김삿갓면,김삿갓면,강원특별자치도 영월군 김삿갓면 와석리 601-3,강원특별자치도 영월군 김삿갓면 김삿갓로 731,128.605045739437,37.1168523010277
MA010120220808515903,수백랑의문방사우,,G2,소매,G213,오락용품 소매,G21302,문구/회화용품 소매업,영월군,51750325,김삿갓면,김삿갓면,강원특별자치도 영월군 김삿갓면 외룡리 638,강원특별자치도 영월군 김삿갓면 소미원길 53,128.642849239456,37.1195417996541
MA010120220808671436,외룡송어마트,,G2,소매,G204,종합 소매,G20404,슈퍼마켓,영월군,51750325,김삿갓면,김삿갓면,강원특별자치도 영월군 김삿갓면 외룡리 651-1,강원특별자치도 영월군 김삿갓면 직실길 7,128.642249812769,37.116793160008
MA010120220808801521,일탈을꿈꾸며,,G2,소매,G212,기타 생활용품 소매,G21202,주방/가정용품 소매업,영월군,51750325,김삿갓면,김삿갓면,강원특별자치도 영월군 김삿갓면 와석리 271,강원특별자치도 영월군 김삿갓면 영월동로 2244,128.621050666282,37.1208600245691
MA010120220809166191,스테이하우스,,I1,숙박,I101,일반 숙박,I10102,여관/모텔,영월군,51750325,김삿갓면,김삿갓면,강원특별자치도 영월군 김삿갓면 와석리 715-5,강원특별자치도 영월군 김삿갓면 김삿갓로 660,128.603370472376,37.1115682713148
MA010120220809279287,별마로빌리지,,I1,숙박,I101,일반 숙박,I10103,펜션,영월군,51750325,김삿갓면,김삿갓면,강원특별자치도 영월군 김삿갓면 예밀리 536,강원특별자치도 영월군 김삿갓면 영월동로 1954-40,128.585157752645,37.1256250871546
MA010120220809745348,히어리캠핑장,,I1,숙박,I101,일반 숙박,I10104,캠핑/글램핑,영월군,51750325,김삿갓면,김삿갓면,강원특별자치도 영월군 김삿갓면 와석리 744,강원특별자치도 영월군 김삿갓면 김삿갓로 587-6,128.602885691102,37.1051148791982
MA010120220809989041,짚시,,I1,숙박,I101,일반 숙박,I10103,펜션,영월군,51750325,김삿갓면,김삿갓면,강원특별자치도 영월군 김삿갓면 와석리 186-1,강원특별자치도 영월군 김삿갓면 미사리길 330,128.640329974161,37.1023772855781
MA010120220810129031,공주네펜션,,I1,숙박,I101,일반 숙박,I10103,펜션,영월군,51750325,김삿갓면,김삿갓면,강원특별자치도 영월군 김삿갓면 와석리 618,강원특별자치도 영월군 김삿갓면 김삿갓로 676-16,128.603974983041,37.1135602428108
MA010120220810192635,모운동펜션민박,,I1,숙박,I101,일반 숙박,I10103,펜션,영월군,51750325,김삿갓면,김삿갓면,강원특별자치도 영월군 김삿갓면 주문리 산 41,강원특별자치도 영월군 김삿갓면 모운동길 401-9,128.615077269851,37.1378436672463
MA010120220810278244,우드밸리,,G2,소매,G215,의약·화장품 소매,G21503,화장품 소매업,영월군,51750325,김삿갓면,김삿갓면,강원특별자치도 영월군 김삿갓면 와석리 927-3,강원특별자치도 영월군 김삿갓면 김삿갓로 228-3,128.60261053683,37.0819095810488
MA010120220810303469,식도락,,I2,음식,I201,한식,I20101,백반/한정식,영월군,51750325,김삿갓면,김삿갓면,강원특별자치도 영월군 김삿갓면 옥동리 227,강원특별자치도 영월군 김삿갓면 옥동장터길 22,128.5695187998,37.1245898757631
MA010120220810335267,비브릿지,,I1,숙박,I101,일반 숙박,I10103,펜션,영월군,51750325,김삿갓면,김삿갓면,강원특별자치도 영월군 김삿갓면 주문리 6-1,강원특별자치도 영월군 김삿갓면 영월동로 2295-12,128.627177234131,37.1206139014977
MA010120220810415218,보리밭사잇길로,,I2,음식,I201,한식,I20101,백반/한정식,영월군,51750325,김삿갓면,김삿갓면,강원특별자치도 영월군 김삿갓면 옥동리 386,강원특별자치도 영월군 김삿갓면 영월동로 1646,128.570063137046,37.126429656027
MA010120220811902818,사랑나무캠핑장,,I1,숙박,I101,일반 숙박,I10104,캠핑/글램핑,영월군,51750325,김삿갓면,김삿갓면,강원특별자치도 영월군 김삿갓면 내리 90,강원특별자치도 영월군 김삿갓면 내리계곡로 131-12,128.74469408105,37.072588280203
MA010120220812140298,늘보마을협의회,,R1,예술·스포츠,R104,유원지·오락,R10499,기타 오락관련 서비스업,영월군,51750325,김삿갓면,김삿갓면,강원특별자치도 영월군 김삿갓면 옥동리 223-4,강원특별자치도 영월군 김삿갓면 옥동장터길 11,128.568731116202,37.1240417018113
MA010120220812203983,김삿갓삿갓쉼터,,I1,숙박,I101,일반 숙박,I10104,캠핑/글램핑,영월군,51750325,김삿갓면,김삿갓면,강원특별자치도 영월군 김삿갓면 각동리 126-20,강원특별자치도 영월군 김삿갓면 강변로 1390,128.529705381607,37.1137310739138
MA010120220812430072,구름에달가듯이,,I1,숙박,I101,일반 숙박,I10101,호텔/리조트,영월군,51750325,김삿갓면,김삿갓면,강원특별자치도 영월군 김삿갓면 와석리 775-1,강원특별자치도 영월군 김삿갓면 김삿갓로 497-51,128.603805742332,37.1023364586118
MA010120220812482756,과수원산동네펜션,,I1,숙박,I101,일반 숙박,I10103,펜션,영월군,51750325,김삿갓면,김삿갓면,강원특별자치도 영월군 김삿갓면 내리 53-2,강원특별자치도 영월군 김삿갓면 내리계곡로 42-14,128.753523962132,37.0712777814028
MA010120220812590001,오늘의선물,,I1,숙박,I101,일반 숙박,I10103,펜션,영월군,51750325,김삿갓면,김삿갓면,강원특별자치도 영월군 김삿갓면 외룡리 735-12,강원특별자치도 영월군 김삿갓면 직실길 6-25,128.640842400981,37.1172631330737
MA010120220812868871,예다움캠핑장,,I1,숙박,I101,일반 숙박,I10104,캠핑/글램핑,영월군,51750325,김삿갓면,김삿갓면,강원특별자치도 영월군 김삿갓면 내리 539-2,강원특별자치도 영월군 김삿갓면 내리계곡로 1162-2,128.671621552371,37.1089766805049
MA010120220812889773,영월펜션,,I1,숙박,I101,일반 숙박,I10103,펜션,영월군,51750325,김삿갓면,김삿갓면,강원특별자치도 영월군 김삿갓면 와석리 322,강원특별자치도 영월군 김삿갓면 영월동로 2150,128.610573023059,37.1212551312357
MA010120220812999643,더카페영월고씨동굴점,,I2,음식,I212,비알코올 ,I21201,카페,영월군,51750325,김삿갓면,김삿갓면,강원특별자치도 영월군 김삿갓면 진별리 506-10,강원특별자치도 영월군 김삿갓면 영월동로 1131-35,128.535776684976,37.1302485311943
MA010120220813283989,와석상회,,G2,소매,G204,종합 소매,G20404,슈퍼마켓,영월군,51750325,김삿갓면,김삿갓면,강원특별자치도 영월군 김삿갓면 와석리 598,강원특별자치도 영월군 김삿갓면 영월동로 2102,128.605243569148,37.1219581063644
MA010120220813808321,꿈꾸는유배지늡다리,,I1,숙박,I101,일반 숙박,I10103,펜션,영월군,51750325,김삿갓면,김삿갓면,강원특별자치도 영월군 김삿갓면 내리 409,강원특별자치도 영월군 김삿갓면 내리계곡로 1006-47,128.695266610898,37.0791614811556
MA010120220813959772,늘푸른펜션캠핑장,,I1,숙박,I101,일반 숙박,I10104,캠핑/글램핑,영월군,51750325,김삿갓면,김삿갓면,강원특별자치도 영월군 김삿갓면 내리 492-5,강원특별자치도 영월군 김삿갓면 내리계곡로 1116-4,128.675623710163,37.1078390225781
MA010120220813989703,비브릿지레저산업,,I1,숙박,I101,일반 숙박,I10104,캠핑/글램핑,영월군,51750325,김삿갓면,김삿갓면,강원특별자치도 영월군 김삿갓면 주문리 6-15,강원특별자치도 영월군 김삿갓면 영월동로 2295-10,128.627489277585,37.1204744725832
MA010120220814393582,구름정원펜션,,I1,숙박,I101,일반 숙박,I10103,펜션,영월군,51750325,김삿갓면,김삿갓면,강원특별자치도 영월군 김삿갓면 와석리 652,강원특별자치도 영월군 김삿갓면 김삿갓로 698-73,128.609241529186,37.1120383031306
MA0101202209A0044547,우상,,I2,음식,I207,구내식당·뷔페,I20701,구내식당,영월군,51750325,김삿갓면,김삿갓면,강원특별자치도 영월군 김삿갓면 내리 127,강원특별자치도 영월군 김삿갓면 내리계곡로 281,128.732184454813,37.0807001045012
MA0101202209C0008898,가재골민박식당,,I1,숙박,I101,일반 숙박,I10103,펜션,영월군,51750325,김삿갓면,김삿갓면,강원특별자치도 영월군 김삿갓면 대야리 544,강원특별자치도 영월군 김삿갓면 가재골길 197,128.545452913575,37.105850496948
MA0101202211A0016850,사막여우로스터리카페,,I2,음식,I212,비알코올 ,I21201,카페,영월군,51750325,김삿갓면,김삿갓면,강원특별자치도 영월군 김삿갓면 진별리 506-16,강원특별자치도 영월군 김삿갓면 영월동로 1121-14,128.53628455837,37.1303230367028
MA0101202212A0027912,핑크문,,I1,숙박,I101,일반 숙박,I10103,펜션,영월군,51750325,김삿갓면,김삿갓면,강원특별자치도 영월군 김삿갓면 와석리 507-16,강원특별자치도 영월군 김삿갓면 두릉골길 24-36,128.588411166322,37.1224731885598
MA0101202212A0031044,우디밸리,,I1,숙박,I101,일반 숙박,I10103,펜션,영월군,51750325,김삿갓면,김삿갓면,강원특별자치도 영월군 김삿갓면 와석리 927-3,강원특별자치도 영월군 김삿갓면 김삿갓로 228-3,128.60261053683,37.0819095810488
MA0101202212A0041407,김삿갓,,I1,숙박,I101,일반 숙박,I10103,펜션,영월군,51750325,김삿갓면,김삿갓면,강원특별자치도 영월군 김삿갓면 와석리 410,강원특별자치도 영월군 김삿갓면 영월동로 2057,128.600605536069,37.1239759293261
MA0101202212A0057084,칠부자2,,I1,숙박,I101,일반 숙박,I10103,펜션,영월군,51750325,김삿갓면,김삿갓면,강원특별자치도 영월군 김삿갓면 와석리 715-4,강원특별자치도 영월군 김삿갓면 김삿갓로 654,128.603899475104,37.111047562659
MA0101202212A0067004,둥지,,I1,숙박,I101,일반 숙박,I10103,펜션,영월군,51750325,김삿갓면,김삿갓면,강원특별자치도 영월군 김삿갓면 와석리 320,강원특별자치도 영월군 김삿갓면 영월동로 2158,128.611873027657,37.1215437877725
MA0101202212A0093536,칠부자민박,,I1,숙박,I101,일반 숙박,I10103,펜션,영월군,51750325,김삿갓면,김삿갓면,강원특별자치도 영월군 김삿갓면 와석리 715,강원특별자치도 영월군 김삿갓면 김삿갓로 656,128.603665579466,37.1111588434102
MA0101202301A0006129,구름품은캠핑장,,I1,숙박,I101,일반 숙박,I10104,캠핑/글램핑,영월군,51750325,김삿갓면,김삿갓면,강원특별자치도 영월군 김삿갓면 예밀리 산 149,강원특별자치도 영월군 김삿갓면 솔숲길 503,128.604174157478,37.1448480968771
MA0101202301A0051931,지에스25영월김삿갓점,,G2,소매,G204,종합 소매,G20405,편의점,영월군,51750325,김삿갓면,김삿갓면,강원특별자치도 영월군 김삿갓면 대야리 823-3,강원특별자치도 영월군 김삿갓면 영월동로 1278,128.543299199956,37.1177894527524
MA0101202301A0078716,강원산삼랜드,,G2,소매,G221,기타 상품 소매,G22199,그 외 기타 상품 전문 소매업,영월군,51750325,김삿갓면,김삿갓면,강원특별자치도 영월군 김삿갓면 각동리 330,강원특별자치도 영월군 김삿갓면 길론길 3,128.525299219915,37.1156078265238
MA0101202302A0056070,강별캠핑장,,I1,숙박,I101,일반 숙박,I10104,캠핑/글램핑,영월군,51750325,김삿갓면,김삿갓면,강원특별자치도 영월군 김삿갓면 각동리 652,강원특별자치도 영월군 김삿갓면 강변로 1167-22,128.507629405922,37.1152752732148
MA0101202302A0084121,영월에이치에스시스템,,N1,시설관리·임대,N102,청소·방제,N10202,"산업설비, 운송장비 및 공공장소 청소업",영월군,51750325,김삿갓면,김삿갓면,강원특별자치도 영월군 김삿갓면 주문리 산 50-2,강원특별자치도 영월군 김삿갓면 모운동길 487-6,128.618460814614,37.138193930015
MA0101202303A0045226,엔투,,I1,숙박,I101,일반 숙박,I10104,캠핑/글램핑,영월군,51750325,김삿갓면,김삿갓면,강원특별자치도 영월군 김삿갓면 와석리 779,강원특별자치도 영월군 김삿갓면 김삿갓로 497-35,128.604442985727,37.1010844974768
MA0101202305A0005942,내리솔밭캠핑장,,I1,숙박,I101,일반 숙박,I10104,캠핑/글램핑,영월군,51750325,김삿갓면,김삿갓면,강원특별자치도 영월군 김삿갓면 내리 386-4,강원특별자치도 영월군 김삿갓면 내리계곡로 1006-18,128.683163269675,37.101353412163
MA0101202305A0011541,이마트24영월고씨굴점,,G2,소매,G204,종합 소매,G20405,편의점,영월군,51750325,김삿갓면,김삿갓면,강원특별자치도 영월군 김삿갓면 진별리 506-13,강원특별자치도 영월군 김삿갓면 영월동로 1131-15,128.536166011258,37.1294686480591
MA0101202305A0015562,브레드메밀,,I2,음식,I210,기타 간이,I21001,빵/도넛,영월군,51750325,김삿갓면,김삿갓면,강원특별자치도 영월군 김삿갓면 예밀리 103,강원특별자치도 영월군 김삿갓면 예밀촌길 229-3,128.59029500981,37.1415214048215
MA0101202305A0084036,용담마을농촌체험휴양마을협의회,,R1,예술·스포츠,R104,유원지·오락,R10499,기타 오락관련 서비스업,영월군,51750325,김삿갓면,김삿갓면,강원특별자치도 영월군 김삿갓면 외룡리 651,강원특별자치도 영월군 김삿갓면 직실길 6-3,128.642441442639,37.1173310826279
MA0101202305A0187431,김삿갓강건너펜션,,I1,숙박,I101,일반 숙박,I10103,펜션,영월군,51750325,김삿갓면,김삿갓면,강원특별자치도 영월군 김삿갓면 외룡리 756,강원특별자치도 영월군 김삿갓면 직실길 96,128.633482979853,37.1192838361867
MA0101202305A0201980,아담빌리지,,I1,숙박,I101,일반 숙박,I10103,펜션,영월군,51750325,김삿갓면,김삿갓면,강원특별자치도 영월군 김삿갓면 와석리 804,강원특별자치도 영월군 김삿갓면 김삿갓로 497-24,128.604926202718,37.0999967927656
MA0101202306A0041442,456펜션,,I1,숙박,I101,일반 숙박,I10103,펜션,영월군,51750325,김삿갓면,김삿갓면,강원특별자치도 영월군 김삿갓면 주문리 산 41-7,강원특별자치도 영월군 김삿갓면 모운동길 456,128.615939385833,37.1381652711976
MA0101202307A0065566,산골민박,,I1,숙박,I101,일반 숙박,I10103,펜션,영월군,51750325,김삿갓면,김삿갓면,강원특별자치도 영월군 김삿갓면 옥동리 342,강원특별자치도 영월군 김삿갓면 영월동로 1667,128.569781948034,37.1286137288326
MA0101202308A0037990,늘보카페,,I2,음식,I212,비알코올 ,I21201,카페,영월군,51750325,김삿갓면,김삿갓면,강원특별자치도 영월군 김삿갓면 옥동리 222-1,강원특별자치도 영월군 김삿갓면 영월동로 1616,128.568386128563,37.1242264615708
MA0101202311A0032035,내리계곡솔바람캠핑장,,I1,숙박,I101,일반 숙박,I10104,캠핑/글램핑,영월군,51750325,김삿갓면,김삿갓면,강원특별자치도 영월군 김삿갓면 내리 386-2,강원특별자치도 영월군 김삿갓면 내리계곡로 1039-14,128.682073363179,37.1024230054105
MA0101202406A0010342,김삿갓흙집이야기,,I1,숙박,I101,일반 숙박,I10103,펜션,영월군,51750325,김삿갓면,김삿갓면,강원특별자치도 영월군 김삿갓면 와석리 775-3,강원특별자치도 영월군 김삿갓면 김삿갓로 497-43,128.604098153547,37.1018009301216
MA0101202406A0034987,배꼽장승,,I1,숙박,I101,일반 숙박,I10103,펜션,영월군,51750325,김삿갓면,김삿갓면,강원특별자치도 영월군 김삿갓면 외룡리 164-2,강원특별자치도 영월군 김삿갓면 내리계곡로 1216,128.669375035035,37.1142519292334
MA0101202406A0144093,양씨판화미술관,,G2,소매,G218,장식품 소매,G21801,예술품 소매업,영월군,51750325,김삿갓면,김삿갓면,강원특별자치도 영월군 김삿갓면 주문리 166-6,강원특별자치도 영월군 김삿갓면 모운동길 463-18,128.616451521376,37.139491712193
MA0101202406A0206121,별하담,,I1,숙박,I101,일반 숙박,I10103,펜션,영월군,51750325,김삿갓면,김삿갓면,강원특별자치도 영월군 김삿갓면 예밀리 산 139,강원특별자치도 영월군 김삿갓면 솔숲길 410,128.600366348759,37.1473411960782
MA0101202406A0325501,길벗펜션,,I1,숙박,I101,일반 숙박,I10103,펜션,영월군,51750325,김삿갓면,김삿갓면,강원특별자치도 영월군 김삿갓면 와석리 601-1,강원특별자치도 영월군 김삿갓면 김삿갓로 729,128.604920878181,37.1167999336545
MA0101202406A0371966,산에산산채농원,,G2,소매,G205,식료품 소매,G20506,채소/과일 소매업,영월군,51750325,김삿갓면,김삿갓면,강원특별자치도 영월군 김삿갓면 대야리 322-2,강원특별자치도 영월군 김삿갓면 마대길 192,128.559613444928,37.1112420757162
MA0101202406A0376645,고로개포토마을,,G2,소매,G204,종합 소매,G20404,슈퍼마켓,영월군,51750325,김삿갓면,김삿갓면,강원특별자치도 영월군 김삿갓면 와석리 327-3,강원특별자치도 영월군 김삿갓면 영월동로 2134,128.60891233438,37.1214668884774
MA0101202406A0431727,나조스트캠프,,I1,숙박,I101,일반 숙박,I10104,캠핑/글램핑,영월군,51750325,김삿갓면,김삿갓면,강원특별자치도 영월군 김삿갓면 와석리 729-6,강원특별자치도 영월군 김삿갓면 김삿갓로 638,128.604337616349,37.1094198899636
MA0101202406A0504290,"고씨굴맛집,설원칡냉면",,I2,음식,I201,한식,I20106,냉면/밀면,영월군,51750325,김삿갓면,김삿갓면,강원특별자치도 영월군 김삿갓면 진별리 506-1,강원특별자치도 영월군 김삿갓면 영월동로 1121-7,128.535986644309,37.1306152096328
MA0101202406A0505338,시절인연,,G2,소매,G219,식물 소매,G21901,꽃집,영월군,51750325,김삿갓면,김삿갓면,강원특별자치도 영월군 김삿갓면 주문리 103,강원특별자치도 영월군 김삿갓면 모운동길 438,128.616833734644,37.1368286565697
MA0101202408A0000726,솔방안마,,Q1,보건의료,Q104,기타 보건,Q10402,유사 의료업,영월군,51750325,김삿갓면,김삿갓면,강원특별자치도 영월군 김삿갓면 주문리 165,강원특별자치도 영월군 김삿갓면 모운동길 461-23,128.614791748375,37.1392350417871
MA0101202409A0078383,별하담소매점,,G2,소매,G204,종합 소매,G20404,슈퍼마켓,영월군,51750325,김삿갓면,김삿갓면,강원특별자치도 영월군 김삿갓면 예밀리 산 139,강원특별자치도 영월군 김삿갓면 솔숲길 410,128.600366348759,37.1473411960782
MA0101202410A0343752,산골약초농원,,G2,소매,G221,기타 상품 소매,G22199,그 외 기타 상품 전문 소매업,영월군,51750325,김삿갓면,김삿갓면,강원특별자치도 영월군 김삿갓면 예밀리 452,강원특별자치도 영월군 김삿갓면 예밀촌길 307,128.588651202865,37.1468681605247
MA0101202410A0343800,산골식육점,,G2,소매,G205,식료품 소매,G20503,정육점,영월군,51750325,김삿갓면,김삿갓면,강원특별자치도 영월군 김삿갓면 옥동리 342,강원특별자치도 영월군 김삿갓면 영월동로 1667,128.569781948034,37.1286137288326
MA0101202410A0343900,김삿갓토종마을,,G2,소매,G205,식료품 소매,G20501,곡물/곡분 소매업,영월군,51750325,김삿갓면,김삿갓면,강원특별자치도 영월군 김삿갓면 옥동리 241-1,강원특별자치도 영월군 김삿갓면 배골길 3-6,128.570275703997,37.1241924328833
MA0101202410A0344011,밀골농원,,G2,소매,G205,식료품 소매,G20506,채소/과일 소매업,영월군,51750325,김삿갓면,김삿갓면,강원특별자치도 영월군 김삿갓면 예밀리 829,강원특별자치도 영월군 김삿갓면 영월동로 1726-5,128.575412956521,37.1304760970618
MA0101202410A0358757,참살이농원,,G2,소매,G205,식료품 소매,G20506,채소/과일 소매업,영월군,51750325,김삿갓면,김삿갓면,강원특별자치도 영월군 김삿갓면 예밀리 148-1,강원특별자치도 영월군 김삿갓면 예밀촌길 226-5,128.591572078837,37.1407024003842
MA0101202410A0692361,금풍원장묘개발,,S2,수리·개인,S210,장례식장 ,S21001,장례식장,영월군,51750325,김삿갓면,김삿갓면,강원특별자치도 영월군 김삿갓면 옥동리 623,강원특별자치도 영월군 김삿갓면 버드나무길 6-35,128.563076508242,37.1193592762502
MA0101202410A0781004,아트플라워,,G2,소매,G219,식물 소매,G21901,꽃집,영월군,51750325,김삿갓면,김삿갓면,강원특별자치도 영월군 김삿갓면 진별리 506-20,강원특별자치도 영월군 김삿갓면 영월동로 1131-34,128.536611482865,37.1297962337056
MA0101202410A0839184,다슬기,,G2,소매,G205,식료품 소매,G20504,건어물/젓갈 소매업,영월군,51750325,김삿갓면,김삿갓면,강원특별자치도 영월군 김삿갓면 외룡리 304,강원특별자치도 영월군 김삿갓면 영월동로 2605-13,128.657758959605,37.1175863409944
MA0101202410A0862594,수백랑,,P1,교육,P105,일반 교육,P10501,입시·교과학원,영월군,51750325,김삿갓면,김삿갓면,강원특별자치도 영월군 김삿갓면 외룡리 638,강원특별자치도 영월군 김삿갓면 소미원길 53,128.642849239456,37.1195417996541
MA0101202411A0129368,김삿갓휴게소슈퍼,,G2,소매,G204,종합 소매,G20404,슈퍼마켓,영월군,51750325,김삿갓면,김삿갓면,강원특별자치도 영월군 김삿갓면 와석리 322,강원특별자치도 영월군 김삿갓면 영월동로 2150,128.610573023059,37.1212551312357
MA0101202412A0074666,김삿갓삿갓쉼터,,I1,숙박,I101,일반 숙박,I10104,캠핑/글램핑,영월군,51750325,김삿갓면,김삿갓면,강원특별자치도 영월군 김삿갓면 각동리 126-20,강원특별자치도 영월군 김삿갓면 강변로 1390,128.529705381607,37.1137310739138
MA0101202412A0084362,삿갓반점,,I2,음식,I202,중식,I20201,중국집,영월군,51750325,김삿갓면,김삿갓면,강원특별자치도 영월군 김삿갓면 와석리 598,강원특별자치도 영월군 김삿갓면 영월동로 2102,128.605243569148,37.1219581063644
MA0101202501A0011210,비탈길,,I2,음식,I201,한식,I20101,백반/한정식,영월군,51750325,김삿갓면,김삿갓면,강원특별자치도 영월군 김삿갓면 각동리 45,강원특별자치도 영월군 김삿갓면 강변로 1458-4,128.537016382763,37.1153213270588
MA0101202501A0021546,동해다육,,G2,소매,G219,식물 소매,G21901,꽃집,영월군,51750325,김삿갓면,김삿갓면,강원특별자치도 영월군 김삿갓면 주문리 330,강원특별자치도 영월군 김삿갓면 주실길 1-11,128.603517841247,37.1249546567367
MA0101202502A0055384,소담흙집,,I1,숙박,I101,일반 숙박,I10103,펜션,영월군,51750325,김삿갓면,김삿갓면,강원특별자치도 영월군 김삿갓면 진별리 378-1,강원특별자치도 영월군 김삿갓면 베리골길 153,128.543278475599,37.1466839195258
MA0101202504A0053990,김삿갓반딧불민박,,I1,숙박,I101,일반 숙박,I10103,펜션,영월군,51750325,김삿갓면,김삿갓면,강원특별자치도 영월군 김삿갓면 와석리 894,강원특별자치도 영월군 김삿갓면 김삿갓로 291,128.6022323619,37.0869150893481
MA0101202505A0068490,주안나캘리그라피,,P1,교육,P106,기타 교육,P10613,기타 예술/스포츠 교육기관,영월군,51750325,김삿갓면,김삿갓면,강원특별자치도 영월군 김삿갓면 대야리 402,강원특별자치도 영월군 김삿갓면 가재골길 341-1,128.548455381735,37.0958555252776
MA0106202302A1358991,지에스GS25영월김삿갓점,,G2,소매,G204,종합 소매,G20405,편의점,영월군,51750325,김삿갓면,김삿갓면,강원특별자치도 영월군 김삿갓면 대야리 823-3,강원특별자치도 영월군 김삿갓면 영월동로 1278,128.543299199956,37.1177894527524
MA0106202506A1041482,예촌,,I2,음식,I201,한식,I20101,백반/한정식,영월군,51750325,김삿갓면,김삿갓면,강원특별자치도 영월군 김삿갓면 진별리 506-8,강원특별자치도 영월군 김삿갓면 영월동로 1121-9,128.536340484846,37.1308628960379
MA0106202508A1323912,카페아마떼 영월점,,I2,음식,I212,비알코올 ,I21201,카페,영월군,51750325,김삿갓면,김삿갓면,강원특별자치도 영월군 김삿갓면 각동리 45,강원특별자치도 영월군 김삿갓면 강변로 1458-4,128.537016382763,37.1153213270588
MA0106202508A2348830,노네임(NoName)삿갓,,I1,숙박,I101,일반 숙박,I10102,여관/모텔,영월군,51750325,김삿갓면,김삿갓면,강원특별자치도 영월군 김삿갓면 와석리 850-4,강원특별자치도 영월군 김삿갓면 김삿갓로 450,128.604449575232,37.0965975765218
MA0106202510A0718901,예밀잡곡,,G2,소매,G205,식료품 소매,G20502,가축 사료 소매업,영월군,51750325,김삿갓면,김삿갓면,강원특별자치도 영월군 김삿갓면 예밀리 717,강원특별자치도 영월군 김삿갓면 포도마을길 1-30,128.573708486188,37.1340215313983
MA0106202510A2254160,비탈길굽이돌아,,I1,숙박,I101,일반 숙박,I10102,여관/모텔,영월군,51750325,김삿갓면,김삿갓면,강원특별자치도 영월군 김삿갓면 각동리 45,강원특별자치도 영월군 김삿갓면 강변로 1458-4,128.537016382763,37.1153213270588
MA0106202512A0338052,에투에셋영월,,G2,소매,G221,기타 상품 소매,G22199,그 외 기타 상품 전문 소매업,영월군,51750325,김삿갓면,김삿갓면,강원특별자치도 영월군 김삿갓면 와석리 779,강원특별자치도 영월군 김삿갓면 김삿갓로 497-35,128.604895445146,37.1012045088641
MA0106202512A0811066,외룡상회,,G2,소매,G221,기타 상품 소매,G22199,그 외 기타 상품 전문 소매업,영월군,51750325,김삿갓면,김삿갓면,강원특별자치도 영월군 김삿갓면 외룡리 190,강원특별자치도 영월군 김삿갓면 영월동로 2696,128.666269990865,37.1137370235788
MA0106202512A2445847,내리계곡솔밭캠핑장,,I1,숙박,I101,일반 숙박,I10104,캠핑/글램핑,영월군,51750325,김삿갓면,김삿갓면,강원특별자치도 영월군 김삿갓면 내리 646,강원특별자치도 영월군 김삿갓면 내리계곡로 1039-18,128.682777396661,37.1022148023933
MA010120220800152692,홍대감,,I2,음식,I201,한식,I20101,백반/한정식,영월군,51750340,남면,남면,강원특별자치도 영월군 남면 토교리 83-2,강원특별자치도 영월군 남면 토교로 51-27,128.337254208632,37.1640272562074
MA010120220801059355,한반도농업협동조합하나로마트사업소,남면점,G2,소매,G204,종합 소매,G20404,슈퍼마켓,영월군,51750340,남면,남면,강원특별자치도 영월군 남면 연당리 880-3,강원특별자치도 영월군 남면 연당로 127,128.407120469564,37.1907431211299
MA010120220801653291,캠프에이프릴,,I1,숙박,I101,일반 숙박,I10104,캠핑/글램핑,영월군,51750340,남면,남면,강원특별자치도 영월군 남면 북쌍리 688-3,강원특별자치도 영월군 남면 서강로 1664-134,128.394935164524,37.2035910592329
MA010120220801949667,자연에너지,,M1,과학·기술,M109,기술 서비스,M10999,기타 엔지니어링 서비스업,영월군,51750340,남면,남면,강원특별자치도 영월군 남면 연당리 863-10,강원특별자치도 영월군 남면 송정길 41,128.410467182956,37.1902438187903
MA010120220802374003,연당원커피향,,I2,음식,I212,비알코올 ,I21201,카페,영월군,51750340,남면,남면,강원특별자치도 영월군 남면 연당리 883-7,강원특별자치도 영월군 남면 송정길 3-2,128.407312934458,37.1920112155942
MA010120220803257081,영월민박서강1803,,I1,숙박,I101,일반 숙박,I10103,펜션,영월군,51750340,남면,남면,강원특별자치도 영월군 남면 북쌍리 296-9,강원특별자치도 영월군 남면 서강로 1803,128.397551687241,37.2025511178881
MA010120220803336103,콩이랑곤드레,,I2,음식,I201,한식,I20101,백반/한정식,영월군,51750340,남면,남면,강원특별자치도 영월군 남면 창원리 887-14,강원특별자치도 영월군 남면 영월로 323-11,128.362367344298,37.1751386534104
MA010120220803350163,법인백봉,,G2,소매,G205,식료품 소매,G20509,반찬/식료품 소매업,영월군,51750340,남면,남면,강원특별자치도 영월군 남면 창원리 978,강원특별자치도 영월군 남면 별방창원로 1423-74,128.362702015769,37.1618001927755
MA010120220803794490,연당초등학교사회적협동조합,,G2,소매,G205,식료품 소매,G20509,반찬/식료품 소매업,영월군,51750340,남면,남면,강원특별자치도 영월군 남면 연당리 1097-4,강원특별자치도 영월군 남면 연당로 17,128.402312766884,37.186538497591
MA010120220804234834,플러스가운,,G2,소매,G209,섬유·의복·신발 소매,G20905,기타 의류 소매업,영월군,51750340,남면,남면,강원특별자치도 영월군 남면 창원리 128-1,강원특별자치도 영월군 남면 별방창원로 1284-15,128.385526204684,37.1590037294912
MA010120220804320741,옐로우투그린,,M1,과학·기술,M112,전문 디자인,M11201,인테리어 디자인업,영월군,51750340,남면,남면,강원특별자치도 영월군 남면 연당리 876-6,강원특별자치도 영월군 남면 송정길 23,128.408840247253,37.1911731690066
MA010120220804674555,우리식당,,I2,음식,I201,한식,I20101,백반/한정식,영월군,51750340,남면,남면,강원특별자치도 영월군 남면 연당리 932-4,강원특별자치도 영월군 남면 조양마을길 6-5,128.403091940348,37.1945660122277
MA010120220804674885,최아영헤어,,S2,수리·개인,S207,이용·미용,S20701,미용실,영월군,51750340,남면,남면,강원특별자치도 영월군 남면 연당리 932-7,강원특별자치도 영월군 남면 조양마을길 6-9,128.403104456619,37.1940252763294
MA010120220804674901,국희관,,I2,음식,I202,중식,I20201,중국집,영월군,51750340,남면,남면,강원특별자치도 영월군 남면 연당리 932-5,강원특별자치도 영월군 남면 조양마을길 6-7,128.403099198828,37.1943496911983
MA010120220804675636,산들바람,,I2,음식,I201,한식,I20101,백반/한정식,영월군,51750340,남면,남면,강원특별자치도 영월군 남면 창원리 588,강원특별자치도 영월군 남면 별방창원로 1423,128.375223833949,37.1663406521372
MA010120220804676199,남면종합철물,,G2,소매,G210,철물·건설자재 소매,G21001,철물/공구 소매업,영월군,51750340,남면,남면,강원특별자치도 영월군 남면 연당리 932-8,강원특별자치도 영월군 남면 조양마을길 6-11,128.403133734383,37.1937816650658
MA010120220804676284,오가네,,I2,음식,I201,한식,I20101,백반/한정식,영월군,51750340,남면,남면,강원특별자치도 영월군 남면 연당리 1001-26,강원특별자치도 영월군 남면 연당로 106,128.409085569557,37.1892241355819
MA010120220804676709,선아미용실,,S2,수리·개인,S207,이용·미용,S20701,미용실,영월군,51750340,남면,남면,강원특별자치도 영월군 남면 연당리 884-4,강원특별자치도 영월군 남면 송정길 1,128.407076820159,37.1920320401694
MA010120220804677467,영월명품곰탕,,I2,음식,I201,한식,I20102,국/탕/찌개류,영월군,51750340,남면,남면,강원특별자치도 영월군 남면 창원리 1181,강원특별자치도 영월군 남면 영월로 124,128.34246489644,37.1671127876371
MA010120220804677610,손두부,전문점,I2,음식,I201,한식,I20101,백반/한정식,영월군,51750340,남면,남면,강원특별자치도 영월군 남면 연당리 932-7,강원특별자치도 영월군 남면 조양마을길 6-9,128.403104456619,37.1940252763294
MA010120220804677887,당나귀타는원시마을,,R1,예술·스포츠,R104,유원지·오락,R10499,기타 오락관련 서비스업,영월군,51750340,남면,남면,강원특별자치도 영월군 남면 연당리 947,강원특별자치도 영월군 남면 영월로 933-9,128.401165504388,37.1945347572533
MA010120220804677928,예공방,,G2,소매,G215,의약·화장품 소매,G21503,화장품 소매업,영월군,51750340,남면,남면,강원특별자치도 영월군 남면 연당리 876-12,강원특별자치도 영월군 남면 송정길 19-9,128.408502252969,37.1917718347847
MA010120220804678068,동베이펜션,,I1,숙박,I101,일반 숙박,I10103,펜션,영월군,51750340,남면,남면,강원특별자치도 영월군 남면 연당리 925-2,강원특별자치도 영월군 남면 조양마을길 13-3,128.403763778095,37.1949634927794
MA010120220804678777,연당카포스,,S2,수리·개인,S203,자동차 수리·세차,S20301,자동차 정비소,영월군,51750340,남면,남면,강원특별자치도 영월군 남면 연당리 1105-4,강원특별자치도 영월군 남면 연당로 5,128.400531345932,37.185811758454
MA010120220804679527,가람민박,,I1,숙박,I101,일반 숙박,I10103,펜션,영월군,51750340,남면,남면,강원특별자치도 영월군 남면 북쌍리 296-1,강원특별자치도 영월군 남면 서강로 1813,128.398181104198,37.201867955298
MA010120220804679657,지에스25영월,남면점,G2,소매,G204,종합 소매,G20405,편의점,영월군,51750340,남면,남면,강원특별자치도 영월군 남면 연당리 932-5,강원특별자치도 영월군 남면 조양마을길 6-7,128.403099198828,37.1943496911983
MA010120220804679802,연당시골밥상,,I2,음식,I201,한식,I20101,백반/한정식,영월군,51750340,남면,남면,강원특별자치도 영월군 남면 연당리 913-1,강원특별자치도 영월군 남면 연당로 154,128.405938310212,37.1931898025869
MA010120220804693793,북쌍잡곡작목반,,G2,소매,G205,식료품 소매,G20501,곡물/곡분 소매업,영월군,51750340,남면,남면,강원특별자치도 영월군 남면 북쌍리 280-44,강원특별자치도 영월군 남면 서강로 1857-3,128.402238425986,37.1995675435436
MA010120220805036675,아낙들의뜰협동조합,,R1,예술·스포츠,R104,유원지·오락,R10499,기타 오락관련 서비스업,영월군,51750340,남면,남면,강원특별자치도 영월군 남면 북쌍리 780-1,강원특별자치도 영월군 남면 들골안길 121-3,128.377882859958,37.2048808525431
MA010120220805265794,영월서강연탄구이,,I2,음식,I201,한식,I20107,돼지고기 구이/찜,영월군,51750340,남면,남면,강원특별자치도 영월군 남면 북쌍리 280-18,강원특별자치도 영월군 남면 서강로 1823-5,128.399430023568,37.2011864812137
MA010120220805667152,정우유통,,G2,소매,G204,종합 소매,G20404,슈퍼마켓,영월군,51750340,남면,남면,강원특별자치도 영월군 남면 창원리 729-8,강원특별자치도 영월군 남면 강원남로 641,128.355200075981,37.1773111449986
MA010120220806288193,별표연탄,,G2,소매,G214,연료 소매,G21403,가정용 연료 소매업,영월군,51750340,남면,남면,강원특별자치도 영월군 남면 창원리 906-7,강원특별자치도 영월군 남면 담터길 3-14,128.356360530233,37.1697926415356
MA010120220806608160,서강종합가스,,G2,소매,G214,연료 소매,G21403,가정용 연료 소매업,영월군,51750340,남면,남면,강원특별자치도 영월군 남면 북쌍리 280-58,강원특별자치도 영월군 남면 서강로 1857-27,128.403099058854,37.2010349563578
MA010120220806686033,람산농장,,G2,소매,G205,식료품 소매,G20506,채소/과일 소매업,영월군,51750340,남면,남면,강원특별자치도 영월군 남면 조전리 606,강원특별자치도 영월군 남면 연당조전로 101-126,128.425561673917,37.106514913513
MA010120220808011499,태경에프앤지동강휴게소,,I2,음식,I201,한식,I20101,백반/한정식,영월군,51750340,남면,남면,강원특별자치도 영월군 남면 창원리 729-1,강원특별자치도 영월군 남면 강원남로 641,128.355200075981,37.1773111449986
MA010120220808047342,현아풀하우스,,I1,숙박,I101,일반 숙박,I10102,여관/모텔,영월군,51750340,남면,남면,강원특별자치도 영월군 남면 연당리 산 13-13,강원특별자치도 영월군 남면 연당로 76-48,128.416541725888,37.1826481564538
MA010120220808841230,청림자원구내식당,,I2,음식,I207,구내식당·뷔페,I20701,구내식당,영월군,51750340,남면,남면,강원특별자치도 영월군 남면 토교리 1030-1,강원특별자치도 영월군 남면 토교로 548-27,128.281076454429,37.1646479616803
MA010120220808843531,제가,코리아,N1,시설관리·임대,N111,산업용품 대여,N11101,건설기계/장비 대여업,영월군,51750340,남면,남면,강원특별자치도 영월군 남면 창원리 1181,강원특별자치도 영월군 남면 영월로 124,128.34246489644,37.1671127876371
MA010120220808924683,서강물도리,,R1,예술·스포츠,R104,유원지·오락,R10499,기타 오락관련 서비스업,영월군,51750340,남면,남면,강원특별자치도 영월군 남면 북쌍리 281-30,강원특별자치도 영월군 남면 서강로 1855,128.402054590415,37.1993715044648
MA010120220809627014,케이엠티,,M1,과학·기술,M109,기술 서비스,M10999,기타 엔지니어링 서비스업,영월군,51750340,남면,남면,강원특별자치도 영월군 남면 연당리 94-1,강원특별자치도 영월군 남면 고싯골길 24-7,128.410629478798,37.1365883468741
MA010120220809697922,태경에프앤지동강주유소,,G2,소매,G214,연료 소매,G21401,주유소,영월군,51750340,남면,남면,강원특별자치도 영월군 남면 창원리 729-1,강원특별자치도 영월군 남면 강원남로 641,128.355200075981,37.1773111449986
MA010120220811136937,선돌농산물,,G2,소매,G204,종합 소매,G20404,슈퍼마켓,영월군,51750340,남면,남면,강원특별자치도 영월군 남면 북쌍리 1-2,강원특별자치도 영월군 남면 영월로 1472,128.434660736318,37.2064951794684
MA010120220811497375,영월민박서강1805,,I1,숙박,I101,일반 숙박,I10103,펜션,영월군,51750340,남면,남면,강원특별자치도 영월군 남면 북쌍리 296-10,강원특별자치도 영월군 남면 서강로 1805,128.397794944973,37.2023049830352
MA010120220812354512,와룡,,N1,시설관리·임대,N111,산업용품 대여,N11199,기타 산업용 기계/장비 대여업,영월군,51750340,남면,남면,강원특별자치도 영월군 남면 연당리 901-7,강원특별자치도 영월군 남면 연당로 147,128.406237706828,37.1923303182528
MA010120220812432196,소석,,I2,음식,I201,한식,I20101,백반/한정식,영월군,51750340,남면,남면,강원특별자치도 영월군 남면 북쌍리 789,강원특별자치도 영월군 남면 들골안길 136,128.378905016478,37.2065808191866
MA010120220812447383,강까민박,,I1,숙박,I101,일반 숙박,I10103,펜션,영월군,51750340,남면,남면,강원특별자치도 영월군 남면 북쌍리 150-5,강원특별자치도 영월군 남면 문개실길 28-31,128.415936098775,37.2044860973687
MA010120220812579163,속초코다리냉면,,I2,음식,I201,한식,I20105,국수/칼국수,영월군,51750340,남면,남면,강원특별자치도 영월군 남면 연당리 932-3,강원특별자치도 영월군 남면 조양마을길 6-3,128.403094441211,37.1947011295059
MA010120220812686245,한얼기획사,,N1,시설관리·임대,N108,기타 사업 서비스,N10802,전시/컨벤션/행사 대행 서비스업,영월군,51750340,남면,남면,강원특별자치도 영월군 남면 연당리 883-7,강원특별자치도 영월군 남면 송정길 3-2,128.407312934458,37.1920112155942
MA010120220812704010,서하농가,,G2,소매,G205,식료품 소매,G20506,채소/과일 소매업,영월군,51750340,남면,남면,강원특별자치도 영월군 남면 토교리 952,강원특별자치도 영월군 남면 기동길 3,128.295628409121,37.1604172378895
MA010120220813574586,연당상회,,G2,소매,G213,오락용품 소매,G21306,장난감 소매업,영월군,51750340,남면,남면,강원특별자치도 영월군 남면 연당리 932-5,강원특별자치도 영월군 남면 조양마을길 6-7,128.403099198828,37.1943496911983
MA010120220813858756,연당낚시터캠핑,,R1,예술·스포츠,R104,유원지·오락,R10408,낚시터 운영업,영월군,51750340,남면,남면,강원특별자치도 영월군 남면 창원리 467-1,강원특별자치도 영월군 남면 영월로 468-38,128.378378876765,37.1776473930578
MA010120220813960158,한반도농업협동조합주유소,남면점,G2,소매,G214,연료 소매,G21401,주유소,영월군,51750340,남면,남면,강원특별자치도 영월군 남면 북쌍리 271-1,강원특별자치도 영월군 남면 영월로 971,128.403171563687,37.1982590832743
MA010120220814179753,궁,,I2,음식,I201,한식,I20101,백반/한정식,영월군,51750340,남면,남면,강원특별자치도 영월군 남면 연당리 917-7,강원특별자치도 영월군 남면 송정길 9-3,128.407677585707,37.1922411372868
MA0101202209A0090331,자승,,G2,소매,G215,의약·화장품 소매,G21502,의료기기 소매업,영월군,51750340,남면,남면,강원특별자치도 영월군 남면 토교리 111-4,강원특별자치도 영월군 남면 토교로 80,128.33318939821,37.1620638522008
MA0101202212A0005407,옹기종기,,G2,소매,G205,식료품 소매,G20509,반찬/식료품 소매업,영월군,51750340,남면,남면,강원특별자치도 영월군 남면 북쌍리 산 15,강원특별자치도 영월군 남면 문개실길 37-90,128.426331236617,37.2044154251555
MA0101202212A0017782,선돌흙집,,I1,숙박,I101,일반 숙박,I10103,펜션,영월군,51750340,남면,남면,강원특별자치도 영월군 남면 북쌍리 24-2,강원특별자치도 영월군 남면 남애길 131-13,128.425658403304,37.2075679300243
MA0101202301A0076803,고향한식뷔페,,I2,음식,I207,구내식당·뷔페,I20702,뷔페,영월군,51750340,남면,남면,강원특별자치도 영월군 남면 연당리 932-7,강원특별자치도 영월군 남면 조양마을길 6-9,128.403104456619,37.1940252763294
MA0101202303A0074185,부릉부릉,,G2,소매,G214,연료 소매,G21401,주유소,영월군,51750340,남면,남면,강원특별자치도 영월군 남면 창원리 1181,강원특별자치도 영월군 남면 영월로 124,128.34246489644,37.1671127876371
MA0101202305A0163459,선돌농산물,,G2,소매,G205,식료품 소매,G20506,채소/과일 소매업,영월군,51750340,남면,남면,강원특별자치도 영월군 남면 북쌍리 1-2,강원특별자치도 영월군 남면 영월로 1472,128.434660736318,37.2064951794684
MA0101202308A0063079,사음천막,,N1,시설관리·임대,N110,가정용품 대여,N11001,스포츠/레크리에이션 용품 대여업,영월군,51750340,남면,남면,강원특별자치도 영월군 남면 연당리 883-7,강원특별자치도 영월군 남면 송정길 3-2,128.407312934458,37.1920112155942
MA0101202311A0007599,더한옥호텔앤리조트영월지점,,I1,숙박,I101,일반 숙박,I10101,호텔/리조트,영월군,51750340,남면,남면,강원특별자치도 영월군 남면 북쌍리 산 46,강원특별자치도 영월군 남면 문개실길 37-150,128.429209132362,37.2005335668435
MA0101202409A0142047,강언덕숲속이야기,,I2,음식,I201,한식,I20101,백반/한정식,영월군,51750340,남면,남면,강원특별자치도 영월군 남면 광천리 21-2,강원특별자치도 영월군 남면 광천길 425-18,128.430597721996,37.179217703775
MA0101202409A0237982,에스인테리어,,M1,과학·기술,M112,전문 디자인,M11201,인테리어 디자인업,영월군,51750340,남면,남면,강원특별자치도 영월군 남면 연당리 1362-2,강원특별자치도 영월군 남면 연당로 20,128.401908655866,37.1853900254282
MA0101202410A0343666,단지식품,,G2,소매,G205,식료품 소매,G20509,반찬/식료품 소매업,영월군,51750340,남면,남면,강원특별자치도 영월군 남면 연당리 933-6,강원특별자치도 영월군 남면 조양마을길 21-1,128.404678411361,37.1944841406205
MA0101202410A0343822,곤드레나물집,,G2,소매,G205,식료품 소매,G20506,채소/과일 소매업,영월군,51750340,남면,남면,강원특별자치도 영월군 남면 창원리 165-1,강원특별자치도 영월군 남면 명전길 76-2,128.378031986394,37.1542077710653
MA0101202410A0343841,중앙식육점,,G2,소매,G205,식료품 소매,G20503,정육점,영월군,51750340,남면,남면,강원특별자치도 영월군 남면 연당리 932-8,강원특별자치도 영월군 남면 조양마을길 6-11,128.403133734383,37.1937816650658
MA0101202410A0343894,국지골부부농원,,G2,소매,G205,식료품 소매,G20506,채소/과일 소매업,영월군,51750340,남면,남면,강원특별자치도 영월군 남면 조전리 386,강원특별자치도 영월군 남면 국지골길 116,128.43647888482,37.1312143239177
MA0101202410A0422066,영월나우리터,,G2,소매,G205,식료품 소매,G20506,채소/과일 소매업,영월군,51750340,남면,남면,강원특별자치도 영월군 남면 북쌍리 769-6,강원특별자치도 영월군 남면 들골길 57-67,128.386082557729,37.201163236697
MA0101202410A0438402,제천경동,,G2,소매,G214,연료 소매,G21403,가정용 연료 소매업,영월군,51750340,남면,남면,강원특별자치도 영월군 남면 토교리 174-2,강원특별자치도 영월군 남면 토교로 125-37,128.330808403683,37.1585317010478
MA0101202410A0698576,상일,,G2,소매,G205,식료품 소매,G20506,채소/과일 소매업,영월군,51750340,남면,남면,강원특별자치도 영월군 남면 토교리 223-3,강원특별자치도 영월군 남면 토교로 115,128.329739306005,37.1611205399708
MA0101202410A0951325,김미경영월댁의텃밭,,G2,소매,G205,식료품 소매,G20506,채소/과일 소매업,영월군,51750340,남면,남면,강원특별자치도 영월군 남면 창원리 231,강원특별자치도 영월군 남면 별방창원로 1347-7,128.378941378429,37.1615132075564
MA0101202502A0033589,동강맛자랑,,I2,음식,I201,한식,I20101,백반/한정식,영월군,51750340,남면,남면,강원특별자치도 영월군 남면 연당리 945,강원특별자치도 영월군 남면 영월로 931,128.402249283568,37.1946750986023
MA0101202502A0049892,카페4월,,I2,음식,I212,비알코올 ,I21201,카페,영월군,51750340,남면,남면,강원특별자치도 영월군 남면 북쌍리 688-2,강원특별자치도 영월군 남면 서강로 1664-133,128.395395382488,37.2035045499921
MA0101202502A0072504,복지낚시터,,R1,예술·스포츠,R104,유원지·오락,R10408,낚시터 운영업,영월군,51750340,남면,남면,강원특별자치도 영월군 남면 북쌍리 365,강원특별자치도 영월군 남면 갈골길 103,128.407050078379,37.2160704397599
MA0101202503A0036476,베스트엔터테인먼트,,N1,시설관리·임대,N108,기타 사업 서비스,N10802,전시/컨벤션/행사 대행 서비스업,영월군,51750340,남면,남면,강원특별자치도 영월군 남면 연당리 899-5,강원특별자치도 영월군 남면 연당로 159-8,128.40513460821,37.1923614284108
MA0101202504A0046374,다온,코리아,G2,소매,G205,식료품 소매,G20509,반찬/식료품 소매업,영월군,51750340,남면,남면,강원특별자치도 영월군 남면 북쌍리 760,강원특별자치도 영월군 남면 들골길 57-68,128.386918008593,37.2012705842799
MA0101202504A0107309,토교휴게소,,G2,소매,G204,종합 소매,G20404,슈퍼마켓,영월군,51750340,남면,남면,강원특별자치도 영월군 남면 토교리 108-12,강원특별자치도 영월군 남면 토교로 56,128.335208699473,37.1629421056609
MA0106202506A1169124,주식회사 다온코리아,,G2,소매,G221,기타 상품 소매,G22199,그 외 기타 상품 전문 소매업,영월군,51750340,남면,남면,강원특별자치도 영월군 남면 북쌍리 760,강원특별자치도 영월군 남면 들골길 57-68,128.386918008593,37.2012705842799
MA0106202506A2338246,토교휴게소,,G2,소매,G204,종합 소매,G20404,슈퍼마켓,영월군,51750340,남면,남면,강원특별자치도 영월군 남면 토교리 108-12,강원특별자치도 영월군 남면 토교로 56,128.335208699473,37.1629421056609
MA0106202510A1319669,광포유통식품교촌쿡,,I2,음식,I201,한식,I20101,백반/한정식,영월군,51750340,남면,남면,강원특별자치도 영월군 남면 연당리 858-2,강원특별자치도 영월군 남면 연당로 76-16,128.409538434125,37.1869302594789
MA0106202510A2150581,와룡식당,,I2,음식,I201,한식,I20101,백반/한정식,영월군,51750340,남면,남면,강원특별자치도 영월군 남면 연당리 876-6,강원특별자치도 영월군 남면 송정길 23,128.408840247253,37.1911731690066
MA0106202510A2195754,힘찬농원,,G2,소매,G205,식료품 소매,G20502,가축 사료 소매업,영월군,51750340,남면,남면,강원특별자치도 영월군 남면 북쌍리 579,강원특별자치도 영월군 남면 서강로 1664-22,128.395434593609,37.2129733688499
MA010120220800059945,상우농장야영장,,I1,숙박,I101,일반 숙박,I10104,캠핑/글램핑,영월군,51750380,무릉도원면,무릉도원면,강원특별자치도 영월군 무릉도원면 법흥리 73,강원특별자치도 영월군 무릉도원면 무릉법흥로 994-23,128.278519239889,37.3479354957746
MA010120220800457320,힐링캠프,,I2,음식,I201,한식,I20101,백반/한정식,영월군,51750380,무릉도원면,무릉도원면,강원특별자치도 영월군 무릉도원면 법흥리 181,강원특별자치도 영월군 무릉도원면 무릉법흥로 1208-7,128.273397922921,37.364100065542
MA010120220800704858,소나무와계곡,,I1,숙박,I101,일반 숙박,I10103,펜션,영월군,51750380,무릉도원면,무릉도원면,강원특별자치도 영월군 무릉도원면 법흥리 311,강원특별자치도 영월군 무릉도원면 백년계곡길 88-3,128.27236904066,37.3726883470611
MA010120220800856974,파인힐팬션,,I1,숙박,I101,일반 숙박,I10103,펜션,영월군,51750380,무릉도원면,무릉도원면,강원특별자치도 영월군 무릉도원면 두산리 162-9,강원특별자치도 영월군 무릉도원면 도원운학로 1036-9,128.191591189789,37.2974331889963
MA010120220801089196,유어펜션,,I1,숙박,I101,일반 숙박,I10103,펜션,영월군,51750380,무릉도원면,무릉도원면,강원특별자치도 영월군 무릉도원면 무릉리 1056-1,강원특별자치도 영월군 무릉도원면 무릉법흥로 275-25,128.263027426463,37.2968905324936
MA010120220801339257,둥지,,I2,음식,I201,한식,I20101,백반/한정식,영월군,51750380,무릉도원면,무릉도원면,강원특별자치도 영월군 무릉도원면 법흥리 21,강원특별자치도 영월군 무릉도원면 무릉법흥로 913,128.280470875501,37.3385893438849
MA010120220801756469,백년펜션,,I1,숙박,I101,일반 숙박,I10103,펜션,영월군,51750380,무릉도원면,무릉도원면,강원특별자치도 영월군 무릉도원면 법흥리 286-4,강원특별자치도 영월군 무릉도원면 백년계곡길 186,128.271391830534,37.3810057643505
MA010120220801915010,패패놀이터,,R1,예술·스포츠,R104,유원지·오락,R10499,기타 오락관련 서비스업,영월군,51750380,무릉도원면,무릉도원면,강원특별자치도 영월군 무릉도원면 두산리 34-3,강원특별자치도 영월군 무릉도원면 두덕골길 28-14,128.192124177637,37.311906629026
MA010120220802298896,소소정,,I1,숙박,I101,일반 숙박,I10103,펜션,영월군,51750380,무릉도원면,무릉도원면,강원특별자치도 영월군 무릉도원면 무릉리 1087-1,강원특별자치도 영월군 무릉도원면 무릉법흥로 279-32,128.261983036793,37.299181149891
MA010120220802401882,요선농어촌체험.휴양마을,,R1,예술·스포츠,R104,유원지·오락,R10499,기타 오락관련 서비스업,영월군,51750380,무릉도원면,무릉도원면,강원특별자치도 영월군 무릉도원면 무릉리 365-8,강원특별자치도 영월군 무릉도원면 명마동길 44-37,128.280775813277,37.2854195331192
MA010120220802671367,원두막가든,,I2,음식,I201,한식,I20101,백반/한정식,영월군,51750380,무릉도원면,무릉도원면,강원특별자치도 영월군 무릉도원면 운학리 718,강원특별자치도 영월군 무릉도원면 도원운학로 1534,128.195357849161,37.3337498181983
MA010120220803002497,가메골힐링하우스,,I1,숙박,I101,일반 숙박,I10103,펜션,영월군,51750380,무릉도원면,무릉도원면,강원특별자치도 영월군 무릉도원면 도원리 710-2,강원특별자치도 영월군 무릉도원면 엄둔길 165,128.23320301649,37.3110261242966
MA010120220803129385,해질녘강물소리,,I1,숙박,I102,기타 숙박,I10299,그 외 기타 숙박업,영월군,51750380,무릉도원면,무릉도원면,강원특별자치도 영월군 무릉도원면 운학리 939-2,강원특별자치도 영월군 무릉도원면 학산길 42,128.185639007652,37.3191436120702
MA010120220803275356,스카이펜션,,I1,숙박,I101,일반 숙박,I10103,펜션,영월군,51750380,무릉도원면,무릉도원면,강원특별자치도 영월군 무릉도원면 법흥리 587,강원특별자치도 영월군 무릉도원면 무릉법흥로 852-15,128.282346009374,37.3353886042737
MA010120220803275434,밤골야영장,,I1,숙박,I101,일반 숙박,I10104,캠핑/글램핑,영월군,51750380,무릉도원면,무릉도원면,강원특별자치도 영월군 무릉도원면 법흥리 39-4,강원특별자치도 영월군 무릉도원면 무릉법흥로 940,128.280341411216,37.3409332687558
MA010120220803342389,캠프오어즈,,I1,숙박,I101,일반 숙박,I10104,캠핑/글램핑,영월군,51750380,무릉도원면,무릉도원면,강원특별자치도 영월군 무릉도원면 법흥리 304-2,강원특별자치도 영월군 무릉도원면 백년계곡길 116,128.271849744771,37.374694078902
MA010120220803705997,청송캠핑장,,I1,숙박,I101,일반 숙박,I10104,캠핑/글램핑,영월군,51750380,무릉도원면,무릉도원면,강원특별자치도 영월군 무릉도원면 법흥리 364,강원특별자치도 영월군 무릉도원면 무릉법흥로 1278-8,128.267489213867,37.3684881860176
MA010120220803822783,물마루캠핑장,,I1,숙박,I101,일반 숙박,I10104,캠핑/글램핑,영월군,51750380,무릉도원면,무릉도원면,강원특별자치도 영월군 무릉도원면 두산리 222-1,강원특별자치도 영월군 무릉도원면 두산길 106,128.180074127555,37.3131626600995
MA010120220803944807,좋은생각민박,,I1,숙박,I101,일반 숙박,I10103,펜션,영월군,51750380,무릉도원면,무릉도원면,강원특별자치도 영월군 무릉도원면 무릉리 1349-12,강원특별자치도 영월군 무릉도원면 도원운학로 28,128.259266529041,37.3006246246197
MA010120220804379122,두덕골휴,,I1,숙박,I101,일반 숙박,I10103,펜션,영월군,51750380,무릉도원면,무릉도원면,강원특별자치도 영월군 무릉도원면 두산리 40,강원특별자치도 영월군 무릉도원면 두덕골길 31,128.191451416098,37.3128774566624
MA010120220804628547,사재식당,,I2,음식,I202,중식,I20201,중국집,영월군,51750380,무릉도원면,무릉도원면,강원특별자치도 영월군 무릉도원면 법흥리 160-5,강원특별자치도 영월군 무릉도원면 무릉법흥로 1191,128.273322506256,37.3616412352317
MA010120220804674092,도원산장식당,,I1,숙박,I101,일반 숙박,I10103,펜션,영월군,51750380,무릉도원면,무릉도원면,강원특별자치도 영월군 무릉도원면 도원리 681,강원특별자치도 영월군 무릉도원면 엄둔길 46-1,128.236167284459,37.3026160837847
MA010120220804674664,대추나무집,,I2,음식,I201,한식,I20101,백반/한정식,영월군,51750380,무릉도원면,무릉도원면,강원특별자치도 영월군 무릉도원면 법흥리 56,강원특별자치도 영월군 무릉도원면 무릉법흥로 968-5,128.279908687153,37.3433615617704
MA010120220804674738,법흥리통나무집,,I2,음식,I201,한식,I20101,백반/한정식,영월군,51750380,무릉도원면,무릉도원면,강원특별자치도 영월군 무릉도원면 법흥리 783-5,강원특별자치도 영월군 무릉도원면 무릉법흥로 561-3,128.259158911686,37.3212220981974
MA010120220804674787,무릉송어장횟집,,I2,음식,I201,한식,I20111,횟집,영월군,51750380,무릉도원면,무릉도원면,강원특별자치도 영월군 무릉도원면 무릉리 613,강원특별자치도 영월군 무릉도원면 아래골길 20-3,128.277201754265,37.2934498335047
MA010120220804675595,솔내음농원,,I2,음식,I201,한식,I20101,백반/한정식,영월군,51750380,무릉도원면,무릉도원면,강원특별자치도 영월군 무릉도원면 두산리 383-2,강원특별자치도 영월군 무릉도원면 두산길 179-6,128.174966136345,37.3125647851322
MA010120220804675825,솔밭매점,,G2,소매,G204,종합 소매,G20404,슈퍼마켓,영월군,51750380,무릉도원면,무릉도원면,강원특별자치도 영월군 무릉도원면 법흥리 655,강원특별자치도 영월군 무릉도원면 무릉법흥로 740,128.271269214267,37.3282373121515
MA010120220804675869,신라가든,,I2,음식,I201,한식,I20101,백반/한정식,영월군,51750380,무릉도원면,무릉도원면,강원특별자치도 영월군 무릉도원면 법흥리 519-1,강원특별자치도 영월군 무릉도원면 무릉법흥로 1248,128.270498110156,37.3661764506838
MA010120220804676087,솔밭캠프장,,I1,숙박,I101,일반 숙박,I10104,캠핑/글램핑,영월군,51750380,무릉도원면,무릉도원면,강원특별자치도 영월군 무릉도원면 법흥리 655,강원특별자치도 영월군 무릉도원면 무릉법흥로 740,128.271269214267,37.3282373121515
MA010120220804676468,남강,,I2,음식,I201,한식,I20101,백반/한정식,영월군,51750380,무릉도원면,무릉도원면,강원특별자치도 영월군 무릉도원면 법흥리 89-5,강원특별자치도 영월군 무릉도원면 무릉법흥로 1050-13,128.279354320967,37.3505933354191
MA010120220804676495,소나무집가든,,I2,음식,I201,한식,I20101,백반/한정식,영월군,51750380,무릉도원면,무릉도원면,강원특별자치도 영월군 무릉도원면 법흥리 645,강원특별자치도 영월군 무릉도원면 무릉법흥로 709,128.267644726484,37.328068980966
MA010120220804676527,뜨란솔,,I1,숙박,I101,일반 숙박,I10104,캠핑/글램핑,영월군,51750380,무릉도원면,무릉도원면,강원특별자치도 영월군 무릉도원면 법흥리 625-1,강원특별자치도 영월군 무릉도원면 무릉법흥로 782-26,128.276542783099,37.3318474830427
MA010120220804676610,구룡농원,,I2,음식,I201,한식,I20101,백반/한정식,영월군,51750380,무릉도원면,무릉도원면,강원특별자치도 영월군 무릉도원면 도원리 879,강원특별자치도 영월군 무릉도원면 도원운학로 920-3,128.201866144212,37.2932298040395
MA010120220804676712,오지의마법사,,I2,음식,I210,기타 간이,I21099,그 외 기타 간이 음식점,영월군,51750380,무릉도원면,무릉도원면,강원특별자치도 영월군 무릉도원면 운학리 1379-2,강원특별자치도 영월군 무릉도원면 도원운학로 1987-5,128.188305211193,37.3673642571445
MA010120220804677004,무릉도원,,I1,숙박,I101,일반 숙박,I10103,펜션,영월군,51750380,무릉도원면,무릉도원면,강원특별자치도 영월군 무릉도원면 무릉리 1721,강원특별자치도 영월군 무릉도원면 도원운학로 28-12,128.258953181989,37.3014478488766
MA010120220804677853,무릉도원가든,,I2,음식,I201,한식,I20107,돼지고기 구이/찜,영월군,51750380,무릉도원면,무릉도원면,강원특별자치도 영월군 무릉도원면 무릉리 855-2,강원특별자치도 영월군 무릉도원면 중방길 34,128.271124117462,37.2901456108425
MA010120220804677856,수복수퍼,,G2,소매,G204,종합 소매,G20404,슈퍼마켓,영월군,51750380,무릉도원면,무릉도원면,강원특별자치도 영월군 무릉도원면 법흥리 526,강원특별자치도 영월군 무릉도원면 무릉법흥로 1229,128.271708371757,37.3649831748057
MA010120220804678003,구봉산장,,I1,숙박,I101,일반 숙박,I10103,펜션,영월군,51750380,무릉도원면,무릉도원면,강원특별자치도 영월군 무릉도원면 법흥리 523,강원특별자치도 영월군 무릉도원면 무릉법흥로 1230,128.271805501532,37.3653875657618
MA010120220804678241,푸른농원리버힐즈,,I1,숙박,I101,일반 숙박,I10104,캠핑/글램핑,영월군,51750380,무릉도원면,무릉도원면,강원특별자치도 영월군 무릉도원면 두산리 169-4,강원특별자치도 영월군 무릉도원면 도원운학로 1043,128.188319570471,37.2959344115562
MA010120220804678361,새막골,,G2,소매,G204,종합 소매,G20404,슈퍼마켓,영월군,51750380,무릉도원면,무릉도원면,강원특별자치도 영월군 무릉도원면 두산리 304-1,강원특별자치도 영월군 무릉도원면 새막골길 72-115,128.178533959102,37.3236113923913
MA010120220804678501,두산건강원,,G2,소매,G205,식료품 소매,G20508,건강보조식품 소매업,영월군,51750380,무릉도원면,무릉도원면,강원특별자치도 영월군 무릉도원면 두산리 572,강원특별자치도 영월군 무릉도원면 두산길 336-6,128.161346611331,37.3049507670972
MA010120220804678704,엄둔솔밭빌리지,,I1,숙박,I101,일반 숙박,I10103,펜션,영월군,51750380,무릉도원면,무릉도원면,강원특별자치도 영월군 무릉도원면 도원리 673,강원특별자치도 영월군 무릉도원면 도원운학로 376,128.233609312844,37.2999938954044
MA010120220804678752,종점마트,,I1,숙박,I101,일반 숙박,I10103,펜션,영월군,51750380,무릉도원면,무릉도원면,강원특별자치도 영월군 무릉도원면 법흥리 522-1,강원특별자치도 영월군 무릉도원면 백년계곡길 15-3,128.27242373851,37.36657019265
MA010120220804678764,수궁,,G2,소매,G204,종합 소매,G20404,슈퍼마켓,영월군,51750380,무릉도원면,무릉도원면,강원특별자치도 영월군 무릉도원면 무릉리 1357,강원특별자치도 영월군 무릉도원면 도원운학로 13-3,128.261333394767,37.3001250934589
MA010120220804678816,청송식당,,I2,음식,I201,한식,I20101,백반/한정식,영월군,51750380,무릉도원면,무릉도원면,강원특별자치도 영월군 무릉도원면 법흥리 364,강원특별자치도 영월군 무릉도원면 무릉법흥로 1278-8,128.267489213867,37.3684881860176
MA010120220804678820,토지,,I2,음식,I201,한식,I20107,돼지고기 구이/찜,영월군,51750380,무릉도원면,무릉도원면,강원특별자치도 영월군 무릉도원면 무릉리 1652,강원특별자치도 영월군 무릉도원면 무릉길 4-4,128.27554195735,37.2853138811452
MA010120220804678858,강산빌리지,,I1,숙박,I101,일반 숙박,I10102,여관/모텔,영월군,51750380,무릉도원면,무릉도원면,강원특별자치도 영월군 무릉도원면 두산리 82-2,강원특별자치도 영월군 무릉도원면 도원운학로 1238,128.189650889,37.3110035093927
MA010120220804679565,수펜션,,I1,숙박,I101,일반 숙박,I10103,펜션,영월군,51750380,무릉도원면,무릉도원면,강원특별자치도 영월군 무릉도원면 두산리 162,강원특별자치도 영월군 무릉도원면 도원운학로 1036-3,128.191070925551,37.2973393181683
MA010120220804679877,풍경,,I1,숙박,I101,일반 숙박,I10104,캠핑/글램핑,영월군,51750380,무릉도원면,무릉도원면,강원특별자치도 영월군 무릉도원면 법흥리 702-6,강원특별자치도 영월군 무릉도원면 무릉법흥로 674-14,128.265862164344,37.3267275977047
MA010120220804680166,자연이랑캠프,,I1,숙박,I101,일반 숙박,I10102,여관/모텔,영월군,51750380,무릉도원면,무릉도원면,강원특별자치도 영월군 무릉도원면 법흥리 156-1,강원특별자치도 영월군 무릉도원면 무릉법흥로 1174,128.274617285589,37.3607803778178
MA010120220804693470,명의약초,,G2,소매,G221,기타 상품 소매,G22199,그 외 기타 상품 전문 소매업,영월군,51750380,무릉도원면,무릉도원면,강원특별자치도 영월군 무릉도원면 법흥리 91-1,강원특별자치도 영월군 무릉도원면 무릉법흥로 1062-3,128.278807252085,37.3516083369057
MA010120220804693594,법흥033,,G2,소매,G205,식료품 소매,G20506,채소/과일 소매업,영월군,51750380,무릉도원면,무릉도원면,강원특별자치도 영월군 무릉도원면 법흥리 114,강원특별자치도 영월군 무릉도원면 무릉법흥로 1091,128.278363142991,37.3540367440527
MA010120220804693688,두산마을,,I1,숙박,I101,일반 숙박,I10102,여관/모텔,영월군,51750380,무릉도원면,무릉도원면,강원특별자치도 영월군 무릉도원면 두산리 375-5,강원특별자치도 영월군 무릉도원면 두산길 192,128.173501973405,37.3119846657978
MA010120220804693737,영월학산천마을,,G2,소매,G205,식료품 소매,G20506,채소/과일 소매업,영월군,51750380,무릉도원면,무릉도원면,강원특별자치도 영월군 무릉도원면 운학리 834-3,강원특별자치도 영월군 무릉도원면 덕은골길 6,128.189823580801,37.3269671706145
MA010120220804693826,요선권역,,R1,예술·스포츠,R104,유원지·오락,R10499,기타 오락관련 서비스업,영월군,51750380,무릉도원면,무릉도원면,강원특별자치도 영월군 무릉도원면 무릉리 365-8,강원특별자치도 영월군 무릉도원면 명마동길 44-37,128.280775813277,37.2854195331192
MA010120220804765929,산산캠핑,,I1,숙박,I101,일반 숙박,I10104,캠핑/글램핑,영월군,51750380,무릉도원면,무릉도원면,강원특별자치도 영월군 무릉도원면 두산리 276,강원특별자치도 영월군 무릉도원면 두산길 17,128.186315336791,37.3126497582075
MA010120220804905434,더좋은펜션캠핑장,,I1,숙박,I101,일반 숙박,I10104,캠핑/글램핑,영월군,51750380,무릉도원면,무릉도원면,강원특별자치도 영월군 무릉도원면 도원리 710-1,강원특별자치도 영월군 무릉도원면 엄둔길 180,128.232943232565,37.3116955560758
MA010120220804920478,워터벨리,,I1,숙박,I101,일반 숙박,I10103,펜션,영월군,51750380,무릉도원면,무릉도원면,강원특별자치도 영월군 무릉도원면 두산리 1114-3,강원특별자치도 영월군 무릉도원면 황정길 267,128.134406303663,37.2963013159609
MA010120220805005826,캠프우든브릿지,,I1,숙박,I101,일반 숙박,I10104,캠핑/글램핑,영월군,51750380,무릉도원면,무릉도원면,강원특별자치도 영월군 무릉도원면 두산리 578,강원특별자치도 영월군 무릉도원면 두산길 299-8,128.164807091704,37.304808636094
MA010120220805110086,자연이랑캠프,,I1,숙박,I101,일반 숙박,I10103,펜션,영월군,51750380,무릉도원면,무릉도원면,강원특별자치도 영월군 무릉도원면 법흥리 158-5,강원특별자치도 영월군 무릉도원면 무릉법흥로 1182,128.274104561719,37.3611643091771
MA010120220805211080,우든브릿지,,G2,소매,G204,종합 소매,G20404,슈퍼마켓,영월군,51750380,무릉도원면,무릉도원면,강원특별자치도 영월군 무릉도원면 두산리 578,강원특별자치도 영월군 무릉도원면 두산길 299-8,128.164807091704,37.304808636094
MA010120220805263636,숲속트리하우스,,I1,숙박,I101,일반 숙박,I10103,펜션,영월군,51750380,무릉도원면,무릉도원면,강원특별자치도 영월군 무릉도원면 법흥리 664,강원특별자치도 영월군 무릉도원면 무릉법흥로 715-20,128.268998235767,37.3293879105112
MA010120220805276668,숲속의작은집,,I1,숙박,I101,일반 숙박,I10104,캠핑/글램핑,영월군,51750380,무릉도원면,무릉도원면,강원특별자치도 영월군 무릉도원면 두산리 631-1,강원특별자치도 영월군 무릉도원면 새막골길 133,128.166063621269,37.3175181690546
MA010120220805341401,숲속의아침,,I1,숙박,I101,일반 숙박,I10103,펜션,영월군,51750380,무릉도원면,무릉도원면,강원특별자치도 영월군 무릉도원면 법흥리 538,강원특별자치도 영월군 무릉도원면 무릉법흥로 1115,128.277801427127,37.3561871192739
MA010120220805717503,상우농장,,G2,소매,G204,종합 소매,G20404,슈퍼마켓,영월군,51750380,무릉도원면,무릉도원면,강원특별자치도 영월군 무릉도원면 법흥리 72,강원특별자치도 영월군 무릉도원면 무릉법흥로 994-23,128.278519239889,37.3479354957746
MA010120220805718346,황토와통나무별장,,I1,숙박,I101,일반 숙박,I10103,펜션,영월군,51750380,무릉도원면,무릉도원면,강원특별자치도 영월군 무릉도원면 법흥리 244-1,강원특별자치도 영월군 무릉도원면 백년계곡길 66-16,128.273763009852,37.3716732673793
MA010120220805887728,산여울민박,,I1,숙박,I101,일반 숙박,I10103,펜션,영월군,51750380,무릉도원면,무릉도원면,강원특별자치도 영월군 무릉도원면 법흥리 297,강원특별자치도 영월군 무릉도원면 백년계곡길 142,128.271799452852,37.3770641607563
MA010120220806080955,솔모루식당,,I2,음식,I201,한식,I20101,백반/한정식,영월군,51750380,무릉도원면,무릉도원면,강원특별자치도 영월군 무릉도원면 운학리 905,강원특별자치도 영월군 무릉도원면 도원운학로 1368,128.19110239429,37.3207825828435
MA010120220806400235,무릉도원자연펜션,,I1,숙박,I101,일반 숙박,I10103,펜션,영월군,51750380,무릉도원면,무릉도원면,강원특별자치도 영월군 무릉도원면 운학리 830,강원특별자치도 영월군 무릉도원면 도원운학로 1457-6,128.190107332402,37.328504993221
MA010120220806508370,하얀여울캠핑장,,I1,숙박,I101,일반 숙박,I10104,캠핑/글램핑,영월군,51750380,무릉도원면,무릉도원면,강원특별자치도 영월군 무릉도원면 법흥리 37-11,강원특별자치도 영월군 무릉도원면 무릉법흥로 932,128.280590041452,37.3402908883398
MA010120220806573245,더불어사는터,,I1,숙박,I101,일반 숙박,I10103,펜션,영월군,51750380,무릉도원면,무릉도원면,강원특별자치도 영월군 무릉도원면 두산리 384,강원특별자치도 영월군 무릉도원면 두산길 199-8,128.173658197542,37.3104244133945
MA010120220806702828,첫물내기캠핑장,,I1,숙박,I101,일반 숙박,I10104,캠핑/글램핑,영월군,51750380,무릉도원면,무릉도원면,강원특별자치도 영월군 무릉도원면 법흥리 727-1,강원특별자치도 영월군 무릉도원면 무릉법흥로 524-2,128.260466245949,37.3184421830676
MA010120220806789969,별그리다펜션,,I1,숙박,I101,일반 숙박,I10103,펜션,영월군,51750380,무릉도원면,무릉도원면,강원특별자치도 영월군 무릉도원면 법흥리 775-5,강원특별자치도 영월군 무릉도원면 무릉법흥로 551-7,128.257052991383,37.320766975241
MA010120220806791722,더불어사는터,,I1,숙박,I101,일반 숙박,I10102,여관/모텔,영월군,51750380,무릉도원면,무릉도원면,강원특별자치도 영월군 무릉도원면 두산리 384,강원특별자치도 영월군 무릉도원면 두산길 199-8,128.173658197542,37.3104244133945
MA010120220806910645,파라다이스캠프,,I2,음식,I201,한식,I20101,백반/한정식,영월군,51750380,무릉도원면,무릉도원면,강원특별자치도 영월군 무릉도원면 법흥리 137,강원특별자치도 영월군 무릉도원면 무릉법흥로 1128-10,128.27869751577,37.3571144416067
MA010120220806962543,산울림산장펜션,,I1,숙박,I101,일반 숙박,I10103,펜션,영월군,51750380,무릉도원면,무릉도원면,강원특별자치도 영월군 무릉도원면 무릉리 116,강원특별자치도 영월군 무릉도원면 아래골길 257,128.288844919331,37.3109286584383
MA010120220807067827,우드캐슬,,I1,숙박,I101,일반 숙박,I10103,펜션,영월군,51750380,무릉도원면,무릉도원면,강원특별자치도 영월군 무릉도원면 법흥리 148-2,강원특별자치도 영월군 무릉도원면 무릉법흥로 1158,128.275819161681,37.3597673439926
MA010120220807366134,도원패밀리캠핑장,,I1,숙박,I101,일반 숙박,I10104,캠핑/글램핑,영월군,51750380,무릉도원면,무릉도원면,강원특별자치도 영월군 무릉도원면 도원리 367,강원특별자치도 영월군 무릉도원면 엄둔길 390,128.232180471521,37.3278490261451
MA010120220807487712,에이스매점,,G2,소매,G204,종합 소매,G20404,슈퍼마켓,영월군,51750380,무릉도원면,무릉도원면,강원특별자치도 영월군 무릉도원면 법흥리 56-9,강원특별자치도 영월군 무릉도원면 무릉법흥로 968-9,128.280018335548,37.3438378894055
MA010120220807559303,여울소리,,I1,숙박,I101,일반 숙박,I10103,펜션,영월군,51750380,무릉도원면,무릉도원면,강원특별자치도 영월군 무릉도원면 무릉리 800-1,강원특별자치도 영월군 무릉도원면 중방길 2-51,128.268157692384,37.2934660074831
MA010120220808069041,효인상사,,G2,소매,G221,기타 상품 소매,G22199,그 외 기타 상품 전문 소매업,영월군,51750380,무릉도원면,무릉도원면,강원특별자치도 영월군 무릉도원면 무릉리 31,강원특별자치도 영월군 무릉도원면 명마동길 212-2,128.294493271631,37.2956315183264
MA010120220808073535,여울소리오토캠핑장,,I1,숙박,I101,일반 숙박,I10104,캠핑/글램핑,영월군,51750380,무릉도원면,무릉도원면,강원특별자치도 영월군 무릉도원면 무릉리 800-5,강원특별자치도 영월군 무릉도원면 중방길 2-45,128.26877601277,37.2933512625292
MA010120220808140064,푸른농원,,G2,소매,G204,종합 소매,G20404,슈퍼마켓,영월군,51750380,무릉도원면,무릉도원면,강원특별자치도 영월군 무릉도원면 두산리 169-4,강원특별자치도 영월군 무릉도원면 도원운학로 1043,128.188319570471,37.2959344115562
MA010120220808168203,처갓집법흥점,,I2,음식,I210,기타 간이,I21006,치킨,영월군,51750380,무릉도원면,무릉도원면,강원특별자치도 영월군 무릉도원면 법흥리 534-3,강원특별자치도 영월군 무릉도원면 무릉법흥로 1145-10,128.275555489598,37.3588602101944
MA010120220808183028,엄둔밸리,,I1,숙박,I101,일반 숙박,I10102,여관/모텔,영월군,51750380,무릉도원면,무릉도원면,강원특별자치도 영월군 무릉도원면 도원리 704,강원특별자치도 영월군 무릉도원면 엄둔길 145,128.234808331102,37.3098651389581
MA010120220808304004,플레이스영,,I2,음식,I210,기타 간이,I21007,김밥/만두/분식,영월군,51750380,무릉도원면,무릉도원면,강원특별자치도 영월군 무릉도원면 무릉리 606,강원특별자치도 영월군 무릉도원면 아래골길 4,128.27471331252,37.2930081552609
MA010120220808389810,무릉가족콘도식농어촌민박,,I1,숙박,I101,일반 숙박,I10103,펜션,영월군,51750380,무릉도원면,무릉도원면,강원특별자치도 영월군 무릉도원면 무릉리 1486,강원특별자치도 영월군 무릉도원면 중방길 2,128.273204500907,37.2918080771593
MA010120220808478695,영월키즈캠핑장,,I1,숙박,I101,일반 숙박,I10104,캠핑/글램핑,영월군,51750380,무릉도원면,무릉도원면,강원특별자치도 영월군 무릉도원면 법흥리 181,강원특별자치도 영월군 무릉도원면 무릉법흥로 1208-7,128.273397922921,37.364100065542
MA010120220808480436,꽃피는무릉도원,,I1,숙박,I101,일반 숙박,I10103,펜션,영월군,51750380,무릉도원면,무릉도원면,강원특별자치도 영월군 무릉도원면 무릉리 1166,강원특별자치도 영월군 무릉도원면 무릉법흥로 372-19,128.261858845504,37.3065975204141
MA010120220808574045,제범이네공방,,P1,교육,P106,기타 교육,P10625,기타 기술/직업 훈련학원,영월군,51750380,무릉도원면,무릉도원면,강원특별자치도 영월군 무릉도원면 무릉리 1537,강원특별자치도 영월군 무릉도원면 중방길 55-45,128.274129238484,37.2877977805771
MA010120220808667616,강산애,,I2,음식,I201,한식,I20101,백반/한정식,영월군,51750380,무릉도원면,무릉도원면,강원특별자치도 영월군 무릉도원면 무릉리 608-1,강원특별자치도 영월군 무릉도원면 아래골길 10,128.275374589304,37.2927667763061
MA010120220808743700,금방아민박캠핑장,,I1,숙박,I101,일반 숙박,I10104,캠핑/글램핑,영월군,51750380,무릉도원면,무릉도원면,강원특별자치도 영월군 무릉도원면 법흥리 728-10,강원특별자치도 영월군 무릉도원면 무릉법흥로 516,128.260354956836,37.3178577345063
MA010120220809232367,정든오토캠핑장,,I1,숙박,I101,일반 숙박,I10104,캠핑/글램핑,영월군,51750380,무릉도원면,무릉도원면,강원특별자치도 영월군 무릉도원면 법흥리 712,강원특별자치도 영월군 무릉도원면 무릉법흥로 644-9,128.263034517341,37.3249558712593
MA010120220809405257,운학식당슈퍼,,I2,음식,I201,한식,I20101,백반/한정식,영월군,51750380,무릉도원면,무릉도원면,강원특별자치도 영월군 무릉도원면 운학리 817-2,강원특별자치도 영월군 무릉도원면 도원운학로 1439,128.190271817827,37.3267734558779
MA010120220809580682,달달한쿠킹공방,,P1,교육,P106,기타 교육,P10625,기타 기술/직업 훈련학원,영월군,51750380,무릉도원면,무릉도원면,강원특별자치도 영월군 무릉도원면 무릉리 627-2,강원특별자치도 영월군 무릉도원면 아래골길 50-2,128.278078332131,37.2952693539167
MA010120220809724578,수주섬모텔,,I1,숙박,I101,일반 숙박,I10102,여관/모텔,영월군,51750380,무릉도원면,무릉도원면,강원특별자치도 영월군 무릉도원면 무릉리 1090,강원특별자치도 영월군 무릉도원면 무릉법흥로 307,128.262475154561,37.300284103745
MA010120220809930712,솔숲민박,,I1,숙박,I101,일반 숙박,I10103,펜션,영월군,51750380,무릉도원면,무릉도원면,강원특별자치도 영월군 무릉도원면 법흥리 864,강원특별자치도 영월군 무릉도원면 무릉법흥로 588-80,128.261082787573,37.3249586721382
MA010120220810092051,반딧불이,,I1,숙박,I101,일반 숙박,I10102,여관/모텔,영월군,51750380,무릉도원면,무릉도원면,강원특별자치도 영월군 무릉도원면 두산리 산 336,강원특별자치도 영월군 무릉도원면 황정길 165-9,128.144393584444,37.2982143641081
MA010120220810098864,정원캠핑장,,I1,숙박,I101,일반 숙박,I10104,캠핑/글램핑,영월군,51750380,무릉도원면,무릉도원면,강원특별자치도 영월군 무릉도원면 도원리 880-12,강원특별자치도 영월군 무릉도원면 도원운학로 871,128.204453176025,37.29280706966
MA010120220810115849,엄둔계곡가자화이트,,I1,숙박,I101,일반 숙박,I10103,펜션,영월군,51750380,무릉도원면,무릉도원면,강원특별자치도 영월군 무릉도원면 도원리 295-8,강원특별자치도 영월군 무릉도원면 엄둔길 529-1,128.230408678799,37.3395801553557
MA010120220810119867,민트,,G2,소매,G204,종합 소매,G20404,슈퍼마켓,영월군,51750380,무릉도원면,무릉도원면,강원특별자치도 영월군 무릉도원면 법흥리 285-1,강원특별자치도 영월군 무릉도원면 백년계곡길 191,128.270744407138,37.3814451872558
MA010120220810144725,별빛매점,,G2,소매,G204,종합 소매,G20404,슈퍼마켓,영월군,51750380,무릉도원면,무릉도원면,강원특별자치도 영월군 무릉도원면 법흥리 775-5,강원특별자치도 영월군 무릉도원면 무릉법흥로 551-7,128.257052991383,37.320766975241
MA010120220810270930,"설원칡냉명,청솔가든주천점",,I2,음식,I201,한식,I20101,백반/한정식,영월군,51750380,무릉도원면,무릉도원면,강원특별자치도 영월군 무릉도원면 무릉리 791-4,강원특별자치도 영월군 무릉도원면 무릉법흥로 198,128.271981600769,37.2941907999615
MA010120220810294386,가비카페,,I2,음식,I212,비알코올 ,I21201,카페,영월군,51750380,무릉도원면,무릉도원면,강원특별자치도 영월군 무릉도원면 두산리 275-2,강원특별자치도 영월군 무릉도원면 두산길 15,128.186993458014,37.3127330556754
MA010120220810298340,둥지,,I1,숙박,I101,일반 숙박,I10103,펜션,영월군,51750380,무릉도원면,무릉도원면,강원특별자치도 영월군 무릉도원면 법흥리 20-8,강원특별자치도 영월군 무릉도원면 무릉법흥로 911,128.28028030677,37.3386634842465
MA010120220810366175,자연과함께,,I1,숙박,I101,일반 숙박,I10104,캠핑/글램핑,영월군,51750380,무릉도원면,무릉도원면,강원특별자치도 영월군 무릉도원면 법흥리 61-7,강원특별자치도 영월군 무릉도원면 무릉법흥로 968-31,128.280293438994,37.3447539014036
MA010120220810408893,슬로우캠프,,I1,숙박,I101,일반 숙박,I10103,펜션,영월군,51750380,무릉도원면,무릉도원면,강원특별자치도 영월군 무릉도원면 운학리 614-3,강원특별자치도 영월군 무릉도원면 고일길 18-5,128.194869344276,37.3463594395429
MA010120220810481920,수희재캠프,,I1,숙박,I101,일반 숙박,I10104,캠핑/글램핑,영월군,51750380,무릉도원면,무릉도원면,강원특별자치도 영월군 무릉도원면 법흥리 97-2,강원특별자치도 영월군 무릉도원면 무릉법흥로 1078-20,128.27976365946,37.35210253495
MA010120220811581781,주천강민박,,I1,숙박,I101,일반 숙박,I10102,여관/모텔,영월군,51750380,무릉도원면,무릉도원면,강원특별자치도 영월군 무릉도원면 무릉리 791-7,강원특별자치도 영월군 무릉도원면 무릉법흥로 190,128.272879677324,37.2939468893978
MA010120220811709400,무릉요선,,I1,숙박,I101,일반 숙박,I10103,펜션,영월군,51750380,무릉도원면,무릉도원면,강원특별자치도 영월군 무릉도원면 무릉리 1742-1,강원특별자치도 영월군 무릉도원면 무릉법흥로 275-19,128.263987642102,37.2963126638393
MA010120220811761350,뜨란솔마켓,,G2,소매,G204,종합 소매,G20404,슈퍼마켓,영월군,51750380,무릉도원면,무릉도원면,강원특별자치도 영월군 무릉도원면 법흥리 625-1,강원특별자치도 영월군 무릉도원면 무릉법흥로 782-26,128.276542783099,37.3318474830427
MA010120220811764609,여림치민박,,I1,숙박,I101,일반 숙박,I10103,펜션,영월군,51750380,무릉도원면,무릉도원면,강원특별자치도 영월군 무릉도원면 무릉리 776-2,강원특별자치도 영월군 무릉도원면 무릉법흥로 217,128.269768392237,37.2946920861597
MA010120220811805817,낙타펜션,,I1,숙박,I101,일반 숙박,I10103,펜션,영월군,51750380,무릉도원면,무릉도원면,강원특별자치도 영월군 무릉도원면 무릉리 1038-4,강원특별자치도 영월군 무릉도원면 무릉길 140-5,128.261636794668,37.2885803191228
MA010120220812152879,영월힐링숲펜션,,I1,숙박,I101,일반 숙박,I10103,펜션,영월군,51750380,무릉도원면,무릉도원면,강원특별자치도 영월군 무릉도원면 두산리 34-3,강원특별자치도 영월군 무릉도원면 두덕골길 28-14,128.192124177637,37.311906629026
MA010120220812362969,요기는캠핑장,,I1,숙박,I101,일반 숙박,I10104,캠핑/글램핑,영월군,51750380,무릉도원면,무릉도원면,강원특별자치도 영월군 무릉도원면 운학리 707-18,강원특별자치도 영월군 무릉도원면 도원운학로 1524-45,128.19559832836,37.3361079529343
MA010120220812411667,온새미로,,I1,숙박,I101,일반 숙박,I10103,펜션,영월군,51750380,무릉도원면,무릉도원면,강원특별자치도 영월군 무릉도원면 법흥리 153-1,강원특별자치도 영월군 무릉도원면 무릉법흥로 1166,128.275166146313,37.3605311998363
MA010120220812475495,산206,,I1,숙박,I101,일반 숙박,I10103,펜션,영월군,51750380,무릉도원면,무릉도원면,강원특별자치도 영월군 무릉도원면 도원리 676-6,강원특별자치도 영월군 무릉도원면 엄둔길 51,128.235710393712,37.3029542184488
MA010120220812512521,예솔누리,,I1,숙박,I101,일반 숙박,I10103,펜션,영월군,51750380,무릉도원면,무릉도원면,강원특별자치도 영월군 무릉도원면 두산리 170-1,강원특별자치도 영월군 무릉도원면 도원운학로 1069,128.188271330933,37.297169245689
MA010120220812576263,아날로거무릉도원점,,I1,숙박,I101,일반 숙박,I10104,캠핑/글램핑,영월군,51750380,무릉도원면,무릉도원면,강원특별자치도 영월군 무릉도원면 무릉리 608-1,강원특별자치도 영월군 무릉도원면 아래골길 10,128.275374589304,37.2927667763061
MA010120220812584454,에스앤지,,G2,소매,G204,종합 소매,G20404,슈퍼마켓,영월군,51750380,무릉도원면,무릉도원면,강원특별자치도 영월군 무릉도원면 두산리 224-5,강원특별자치도 영월군 무릉도원면 두산길 135,128.177600898867,37.3129800743613
MA010120220812606930,아날로거무릉도원점,,I1,숙박,I101,일반 숙박,I10102,여관/모텔,영월군,51750380,무릉도원면,무릉도원면,강원특별자치도 영월군 무릉도원면 무릉리 608-1,강원특별자치도 영월군 무릉도원면 아래골길 10,128.275374589304,37.2927667763061
MA010120220812642405,브레인민박,,I1,숙박,I101,일반 숙박,I10103,펜션,영월군,51750380,무릉도원면,무릉도원면,강원특별자치도 영월군 무릉도원면 법흥리 45-1,강원특별자치도 영월군 무릉도원면 무릉법흥로 968-10,128.282051717072,37.3426355972138
MA010120220812976443,청송민박,,I1,숙박,I101,일반 숙박,I10103,펜션,영월군,51750380,무릉도원면,무릉도원면,강원특별자치도 영월군 무릉도원면 법흥리 364,강원특별자치도 영월군 무릉도원면 무릉법흥로 1278-8,128.267489213867,37.3684881860176
MA010120220813008847,달꽃,,I2,음식,I201,한식,I20101,백반/한정식,영월군,51750380,무릉도원면,무릉도원면,강원특별자치도 영월군 무릉도원면 도원리 880-2,강원특별자치도 영월군 무릉도원면 도원운학로 849,128.203991594896,37.2942713610158
MA010120220813018668,영월별마로캠핑장,,I1,숙박,I101,일반 숙박,I10104,캠핑/글램핑,영월군,51750380,무릉도원면,무릉도원면,강원특별자치도 영월군 무릉도원면 법흥리 97,강원특별자치도 영월군 무릉도원면 무릉법흥로 1078-22,128.280080643519,37.3514954555775
MA010120220813572627,다솜이야영장,,I1,숙박,I101,일반 숙박,I10104,캠핑/글램핑,영월군,51750380,무릉도원면,무릉도원면,강원특별자치도 영월군 무릉도원면 법흥리 584-1,강원특별자치도 영월군 무릉도원면 무릉법흥로 852-21,128.283202169791,37.3353072424996
MA010120220813658676,사루네,,G2,소매,G208,가전·통신 소매,G20801,컴퓨터/소프트웨어 소매업,영월군,51750380,무릉도원면,무릉도원면,강원특별자치도 영월군 무릉도원면 운학리 983-1,강원특별자치도 영월군 무릉도원면 학산길 133,128.184259911728,37.3247164819736
MA010120220813822166,요선권역영월체험학교소풍,,P1,교육,P106,기타 교육,P10607,청소년 수련시설,영월군,51750380,무릉도원면,무릉도원면,강원특별자치도 영월군 무릉도원면 법흥리 84,강원특별자치도 영월군 무릉도원면 무릉법흥로 1050-14,128.279484648977,37.3496278886453
MA010120220813846184,별이빛나는밤에펜션캠핑,,I1,숙박,I101,일반 숙박,I10103,펜션,영월군,51750380,무릉도원면,무릉도원면,강원특별자치도 영월군 무릉도원면 법흥리 115,강원특별자치도 영월군 무릉도원면 무릉법흥로 1090,128.279052396959,37.3540833503747
MA010120220814007135,산수벨리펜션,,I1,숙박,I101,일반 숙박,I10103,펜션,영월군,51750380,무릉도원면,무릉도원면,강원특별자치도 영월군 무릉도원면 도원리 295-4,강원특별자치도 영월군 무릉도원면 엄둔길 529-2,128.230167081836,37.3399881069122
MA010120220814064784,영월가자,,I1,숙박,I101,일반 숙박,I10103,펜션,영월군,51750380,무릉도원면,무릉도원면,강원특별자치도 영월군 무릉도원면 법흥리 599,강원특별자치도 영월군 무릉도원면 무릉법흥로 852-24,128.282845899118,37.3335992614737
MA010120220814234579,수주농원,,I1,숙박,I101,일반 숙박,I10102,여관/모텔,영월군,51750380,무릉도원면,무릉도원면,강원특별자치도 영월군 무릉도원면 도원리 687,강원특별자치도 영월군 무릉도원면 엄둔길 85,128.234987547396,37.3063404392249
MA010120220814350743,영월스타글램핑,,I1,숙박,I101,일반 숙박,I10104,캠핑/글램핑,영월군,51750380,무릉도원면,무릉도원면,강원특별자치도 영월군 무릉도원면 법흥리 101,강원특별자치도 영월군 무릉도원면 무릉법흥로 1078-16,128.279145642727,37.3522623850672
MA010120220814391385,영월카페,,I2,음식,I212,비알코올 ,I21201,카페,영월군,51750380,무릉도원면,무릉도원면,강원특별자치도 영월군 무릉도원면 법흥리 522,강원특별자치도 영월군 무릉도원면 백년계곡길 11,128.272121173173,37.3660328672184
MA0101202210A0041005,산골캠핑장,,I1,숙박,I101,일반 숙박,I10104,캠핑/글램핑,영월군,51750380,무릉도원면,무릉도원면,강원특별자치도 영월군 무릉도원면 법흥리 293,강원특별자치도 영월군 무릉도원면 백년계곡길 158,128.271575916245,37.3785351391365
MA0101202211A0029116,솔밭사이로캠핑&펜션,,I1,숙박,I101,일반 숙박,I10103,펜션,영월군,51750380,무릉도원면,무릉도원면,강원특별자치도 영월군 무릉도원면 무릉리 833-13,강원특별자치도 영월군 무릉도원면 중방안길 14-2,128.271302124851,37.2913420002411
MA0101202212A0000940,고향민박,,I1,숙박,I101,일반 숙박,I10103,펜션,영월군,51750380,무릉도원면,무릉도원면,강원특별자치도 영월군 무릉도원면 무릉리 1494,강원특별자치도 영월군 무릉도원면 무릉법흥로 153,128.274024684335,37.2916280645201
MA0101202212A0005589,강남민박,,I1,숙박,I101,일반 숙박,I10103,펜션,영월군,51750380,무릉도원면,무릉도원면,강원특별자치도 영월군 무릉도원면 법흥리 89-5,강원특별자치도 영월군 무릉도원면 무릉법흥로 1050-13,128.279354320967,37.3505933354191
MA0101202212A0025380,풀골농원펜션,,I1,숙박,I101,일반 숙박,I10103,펜션,영월군,51750380,무릉도원면,무릉도원면,강원특별자치도 영월군 무릉도원면 도원리 710-8,강원특별자치도 영월군 무릉도원면 엄둔길 166,128.233466972805,37.3113026764823
MA0101202212A0041251,풀골농원펜션,,I1,숙박,I101,일반 숙박,I10103,펜션,영월군,51750380,무릉도원면,무릉도원면,강원특별자치도 영월군 무릉도원면 도원리 710-8,강원특별자치도 영월군 무릉도원면 엄둔길 166,128.233466972805,37.3113026764823
MA0101202212A0044242,영월강변꽃바위펜션,,I1,숙박,I101,일반 숙박,I10103,펜션,영월군,51750380,무릉도원면,무릉도원면,강원특별자치도 영월군 무릉도원면 도원리 443-5,강원특별자치도 영월군 무릉도원면 도원운학로 187,128.246795947594,37.2974050299979
MA0101202212A0045273,청산캠프,,I1,숙박,I101,일반 숙박,I10104,캠핑/글램핑,영월군,51750380,무릉도원면,무릉도원면,강원특별자치도 영월군 무릉도원면 법흥리 624,강원특별자치도 영월군 무릉도원면 무릉법흥로 782-18,128.275599917967,37.3314702355253
MA0101202212A0050180,대성농원민박,,I1,숙박,I101,일반 숙박,I10103,펜션,영월군,51750380,무릉도원면,무릉도원면,강원특별자치도 영월군 무릉도원면 두산리 727,강원특별자치도 영월군 무릉도원면 두산길 363,128.159059594207,37.304387549126
MA0101202212A0063752,도마니,,I1,숙박,I101,일반 숙박,I10103,펜션,영월군,51750380,무릉도원면,무릉도원면,강원특별자치도 영월군 무릉도원면 법흥리 548,강원특별자치도 영월군 무릉도원면 무릉법흥로 1125-53,128.273067797345,37.3539136662818
MA0101202212A0066154,모짜르트펜션,,I1,숙박,I101,일반 숙박,I10103,펜션,영월군,51750380,무릉도원면,무릉도원면,강원특별자치도 영월군 무릉도원면 도원리 672,강원특별자치도 영월군 무릉도원면 엄둔길 32,128.235318738191,37.3010752590631
MA0101202212A0080384,얼음골펜션,,I1,숙박,I101,일반 숙박,I10103,펜션,영월군,51750380,무릉도원면,무릉도원면,강원특별자치도 영월군 무릉도원면 법흥리 122,강원특별자치도 영월군 무릉도원면 무릉법흥로 1078-9,128.279993998707,37.3537037667354
MA0101202301A0009229,마치무릉도원,,N1,시설관리·임대,N110,가정용품 대여,N11099,기타 개인/가정용품 대여업,영월군,51750380,무릉도원면,무릉도원면,강원특별자치도 영월군 무릉도원면 운학리 1333-2,강원특별자치도 영월군 무릉도원면 도원운학로 1901,128.191252351227,37.3602799720259
MA0101202301A0017254,무지개너머,,I1,숙박,I101,일반 숙박,I10103,펜션,영월군,51750380,무릉도원면,무릉도원면,강원특별자치도 영월군 무릉도원면 법흥리 788,강원특별자치도 영월군 무릉도원면 술면길 6,128.259823041918,37.3211339403908
MA0101202302A0028138,솔향기펜션,,I1,숙박,I101,일반 숙박,I10103,펜션,영월군,51750380,무릉도원면,무릉도원면,강원특별자치도 영월군 무릉도원면 법흥리 612-5,강원특별자치도 영월군 무릉도원면 무릉법흥로 787,128.275105831937,37.3322774274057
MA0101202302A0047976,무릉도원해든하우스,,I1,숙박,I101,일반 숙박,I10103,펜션,영월군,51750380,무릉도원면,무릉도원면,강원특별자치도 영월군 무릉도원면 운학리 1707-5,강원특별자치도 영월군 무릉도원면 도안지길 135-9,128.175271181444,37.3256350197053
MA0101202302A0068432,청풍명월,,I1,숙박,I101,일반 숙박,I10104,캠핑/글램핑,영월군,51750380,무릉도원면,무릉도원면,강원특별자치도 영월군 무릉도원면 도원리 807-2,강원특별자치도 영월군 무릉도원면 도원운학로 591,128.21132498588,37.3014944881423
MA0101202305A0182597,첫물내기캠핑장,,I1,숙박,I101,일반 숙박,I10104,캠핑/글램핑,영월군,51750380,무릉도원면,무릉도원면,강원특별자치도 영월군 무릉도원면 법흥리 727-1,강원특별자치도 영월군 무릉도원면 무릉법흥로 524-2,128.260466245949,37.3184421830676
MA0101202305A0199394,상류펜션,,I1,숙박,I101,일반 숙박,I10103,펜션,영월군,51750380,무릉도원면,무릉도원면,강원특별자치도 영월군 무릉도원면 법흥리 286-20,강원특별자치도 영월군 무릉도원면 백년계곡길 194-5,128.271112021188,37.3818196414595
MA0101202306A0005890,청우재캠핑장,,I1,숙박,I101,일반 숙박,I10104,캠핑/글램핑,영월군,51750380,무릉도원면,무릉도원면,강원특별자치도 영월군 무릉도원면 법흥리 302-1,강원특별자치도 영월군 무릉도원면 백년계곡길 133,128.271302373131,37.3763757620816
MA0101202306A0008746,마치무릉도원,,I1,숙박,I101,일반 숙박,I10103,펜션,영월군,51750380,무릉도원면,무릉도원면,강원특별자치도 영월군 무릉도원면 운학리 1333-2,강원특별자치도 영월군 무릉도원면 도원운학로 1901,128.191252351227,37.3602799720259
MA0101202306A0103561,솔티에라,,I2,음식,I212,비알코올 ,I21201,카페,영월군,51750380,무릉도원면,무릉도원면,강원특별자치도 영월군 무릉도원면 무릉리 1191-1,강원특별자치도 영월군 무릉도원면 무릉법흥로 428-50,128.263300108151,37.3111681130588
MA0101202307A0009665,하우스캠핑장,,I1,숙박,I101,일반 숙박,I10104,캠핑/글램핑,영월군,51750380,무릉도원면,무릉도원면,강원특별자치도 영월군 무릉도원면 법흥리 56-5,강원특별자치도 영월군 무릉도원면 무릉법흥로 968-23,128.280081936808,37.3442606570264
MA0101202307A0014880,솔밭민박,,I1,숙박,I101,일반 숙박,I10103,펜션,영월군,51750380,무릉도원면,무릉도원면,강원특별자치도 영월군 무릉도원면 법흥리 655-4,강원특별자치도 영월군 무릉도원면 무릉법흥로 740,128.271269214267,37.3282373121515
MA0101202307A0042700,해뜨는건강원,,G2,소매,G205,식료품 소매,G20508,건강보조식품 소매업,영월군,51750380,무릉도원면,무릉도원면,강원특별자치도 영월군 무릉도원면 두산리 176,강원특별자치도 영월군 무릉도원면 도원운학로 1083-17,128.188095630093,37.2996216888959
MA0101202308A0040320,좋은날n,,I1,숙박,I101,일반 숙박,I10104,캠핑/글램핑,영월군,51750380,무릉도원면,무릉도원면,강원특별자치도 영월군 무릉도원면 운학리 685-1,강원특별자치도 영월군 무릉도원면 도원운학로 1624-6,128.195902245209,37.3410422426294
MA0101202308A0094056,명성가든,,I2,음식,I201,한식,I20101,백반/한정식,영월군,51750380,무릉도원면,무릉도원면,강원특별자치도 영월군 무릉도원면 법흥리 532-5,강원특별자치도 영월군 무릉도원면 무릉법흥로 1145-1,128.275928958994,37.3582525329111
MA0101202309A0085308,휴가,,M1,과학·기술,M107,본사·경영 컨설팅,M10703,경영 컨설팅업,영월군,51750380,무릉도원면,무릉도원면,강원특별자치도 영월군 무릉도원면 운학리 542,강원특별자치도 영월군 무릉도원면 손이골길 71-25,128.198674586698,37.3621060368339
MA0101202311A0034589,설구산방,,I1,숙박,I101,일반 숙박,I10103,펜션,영월군,51750380,무릉도원면,무릉도원면,강원특별자치도 영월군 무릉도원면 무릉리 801-2,강원특별자치도 영월군 무릉도원면 중방안길 34-20,128.268220806407,37.293195037598
MA0101202311A0063292,은행나무펜션,,I1,숙박,I101,일반 숙박,I10103,펜션,영월군,51750380,무릉도원면,무릉도원면,강원특별자치도 영월군 무릉도원면 무릉리 790,강원특별자치도 영월군 무릉도원면 무릉법흥로 192,128.272658270085,37.2941925346848
MA0101202311A0094001,영월산방,,I1,숙박,I101,일반 숙박,I10103,펜션,영월군,51750380,무릉도원면,무릉도원면,강원특별자치도 영월군 무릉도원면 무릉리 801-1,강원특별자치도 영월군 무릉도원면 중방안길 34-18,128.268568672324,37.2930922015443
MA0101202406A0038038,길목간이역,,I2,음식,I211,주점,I21104,요리 주점,영월군,51750380,무릉도원면,무릉도원면,강원특별자치도 영월군 무릉도원면 운학리 830,강원특별자치도 영월군 무릉도원면 도원운학로 1457-6,128.190107332402,37.328504993221
MA0101202406A0053477,야단법석,,I1,숙박,I101,일반 숙박,I10104,캠핑/글램핑,영월군,51750380,무릉도원면,무릉도원면,강원특별자치도 영월군 무릉도원면 도원리 879,강원특별자치도 영월군 무릉도원면 도원운학로 920-3,128.201866144212,37.2932298040395
MA0101202406A0127879,웰컴투캠프,,I1,숙박,I101,일반 숙박,I10104,캠핑/글램핑,영월군,51750380,무릉도원면,무릉도원면,강원특별자치도 영월군 무릉도원면 법흥리 535-3,강원특별자치도 영월군 무릉도원면 무릉법흥로 1128-20,128.278020474844,37.3584551924977
MA0101202406A0188258,블루밍캠프,,I1,숙박,I101,일반 숙박,I10104,캠핑/글램핑,영월군,51750380,무릉도원면,무릉도원면,강원특별자치도 영월군 무릉도원면 법흥리 302-2,강원특별자치도 영월군 무릉도원면 백년계곡길 124,128.271444735325,37.3754462363021
MA0101202406A0191748,법흥계곡캠핑오늘,,I1,숙박,I101,일반 숙박,I10104,캠핑/글램핑,영월군,51750380,무릉도원면,무릉도원면,강원특별자치도 영월군 무릉도원면 법흥리 115-3,강원특별자치도 영월군 무릉도원면 무릉법흥로 1088,128.279081510657,37.3538037352457
MA0101202406A0214988,월드니스오토캠핑장,,I1,숙박,I101,일반 숙박,I10104,캠핑/글램핑,영월군,51750380,무릉도원면,무릉도원면,강원특별자치도 영월군 무릉도원면 도원리 795-1,강원특별자치도 영월군 무릉도원면 도원운학로 475-10,128.220672120433,37.2999298375774
MA0101202406A0246010,주천강장어,,I2,음식,I201,한식,I20112,해산물 구이/찜,영월군,51750380,무릉도원면,무릉도원면,강원특별자치도 영월군 무릉도원면 도원리 571-1,강원특별자치도 영월군 무릉도원면 도원운학로 255-13,128.242353529613,37.2912980530581
MA0101202406A0264260,더좋은날n캠핑,,I1,숙박,I101,일반 숙박,I10104,캠핑/글램핑,영월군,51750380,무릉도원면,무릉도원면,강원특별자치도 영월군 무릉도원면 운학리 685-1,강원특별자치도 영월군 무릉도원면 도원운학로 1624-6,128.195902245209,37.3410422426294
MA0101202406A0296826,꿈엔들캠프장,,I1,숙박,I101,일반 숙박,I10104,캠핑/글램핑,영월군,51750380,무릉도원면,무릉도원면,강원특별자치도 영월군 무릉도원면 법흥리 51,강원특별자치도 영월군 무릉도원면 무릉법흥로 968-12,128.280972423635,37.342872532745
MA0101202406A0342617,지에스25무릉도원점,,G2,소매,G204,종합 소매,G20405,편의점,영월군,51750380,무릉도원면,무릉도원면,강원특별자치도 영월군 무릉도원면 무릉리 1090,강원특별자치도 영월군 무릉도원면 무릉법흥로 307,128.262475154561,37.300284103745
MA0101202406A0417564,지구별캠프,,I1,숙박,I101,일반 숙박,I10104,캠핑/글램핑,영월군,51750380,무릉도원면,무릉도원면,강원특별자치도 영월군 무릉도원면 법흥리 133,강원특별자치도 영월군 무릉도원면 무릉법흥로 1104,128.278734196907,37.3552850792628
MA0101202406A0427560,우리두리캠핑장,,I1,숙박,I101,일반 숙박,I10104,캠핑/글램핑,영월군,51750380,무릉도원면,무릉도원면,강원특별자치도 영월군 무릉도원면 법흥리 340,강원특별자치도 영월군 무릉도원면 백년계곡길 15-5,128.271878659246,37.3663778433328
MA0101202406A0481703,무릉스테이194,,I1,숙박,I101,일반 숙박,I10103,펜션,영월군,51750380,무릉도원면,무릉도원면,강원특별자치도 영월군 무릉도원면 법흥리 286-9,강원특별자치도 영월군 무릉도원면 백년계곡길 194-14,128.271247516173,37.381151470436
MA0101202406A0504829,심야식당,,I2,음식,I201,한식,I20199,기타 한식 음식점,영월군,51750380,무릉도원면,무릉도원면,강원특별자치도 영월군 무릉도원면 법흥리 522,강원특별자치도 영월군 무릉도원면 백년계곡길 11,128.272121173173,37.3660328672184
MA0101202408A0052976,정원농산물가공유통,,G2,소매,G205,식료품 소매,G20506,채소/과일 소매업,영월군,51750380,무릉도원면,무릉도원면,강원특별자치도 영월군 무릉도원면 도원리 880-1,강원특별자치도 영월군 무릉도원면 도원운학로 831,128.20309224851,37.2958662393652
MA0101202409A0181847,라온,,I1,숙박,I101,일반 숙박,I10103,펜션,영월군,51750380,무릉도원면,무릉도원면,강원특별자치도 영월군 무릉도원면 법흥리 271-3,강원특별자치도 영월군 무릉도원면 백년계곡길 170-16,128.272903281017,37.3795839971772
MA0101202409A0190229,그린테크,,M1,과학·기술,M109,기술 서비스,M10904,환경 관련 엔지니어링 서비스업,영월군,51750380,무릉도원면,무릉도원면,강원특별자치도 영월군 무릉도원면 무릉리 1191-1,강원특별자치도 영월군 무릉도원면 무릉법흥로 428-50,128.263300108151,37.3111681130588
MA0101202410A0343979,학송농원,,G2,소매,G205,식료품 소매,G20506,채소/과일 소매업,영월군,51750380,무릉도원면,무릉도원면,강원특별자치도 영월군 무릉도원면 법흥리 373-1,강원특별자치도 영월군 무릉도원면 무릉법흥로 1300,128.266270804025,37.3692039934047
MA0101202410A0540742,행복한농원,,G2,소매,G205,식료품 소매,G20509,반찬/식료품 소매업,영월군,51750380,무릉도원면,무릉도원면,강원특별자치도 영월군 무릉도원면 무릉리 817,강원특별자치도 영월군 무릉도원면 중방안길 40-8,128.268378671961,37.2918508876676
MA0101202411A0017769,꿈꾸는숲,,I1,숙박,I101,일반 숙박,I10103,펜션,영월군,51750380,무릉도원면,무릉도원면,강원특별자치도 영월군 무릉도원면 법흥리 814-3,강원특별자치도 영월군 무릉도원면 술면길 49-20,128.254763735679,37.3208183054792
MA0101202412A0083619,무릉도원캠핑장,,I1,숙박,I101,일반 숙박,I10104,캠핑/글램핑,영월군,51750380,무릉도원면,무릉도원면,강원특별자치도 영월군 무릉도원면 운학리 627-3,강원특별자치도 영월군 무릉도원면 고일길 15-5,128.195704882786,37.3449634911254
MA0101202501A0025051,도연자락,,R1,예술·스포츠,R104,유원지·오락,R10499,기타 오락관련 서비스업,영월군,51750380,무릉도원면,무릉도원면,강원특별자치도 영월군 무릉도원면 두산리 986,강원특별자치도 영월군 무릉도원면 청옥계곡길 30,128.138213149262,37.3139241330035
MA0101202502A0053114,솔밭펜션,,I1,숙박,I101,일반 숙박,I10103,펜션,영월군,51750380,무릉도원면,무릉도원면,강원특별자치도 영월군 무릉도원면 법흥리 655-4,강원특별자치도 영월군 무릉도원면 무릉법흥로 740,128.271269214267,37.3282373121515
MA0101202503A0010705,하얀여울민박,,I1,숙박,I101,일반 숙박,I10103,펜션,영월군,51750380,무릉도원면,무릉도원면,강원특별자치도 영월군 무릉도원면 법흥리 37-11,강원특별자치도 영월군 무릉도원면 무릉법흥로 932,128.280590041452,37.3402908883398
MA0101202503A0035872,젊은달,,I2,음식,I212,비알코올 ,I21201,카페,영월군,51750380,무릉도원면,무릉도원면,강원특별자치도 영월군 무릉도원면 법흥리 516,강원특별자치도 영월군 무릉도원면 무릉법흥로 1231-11,128.27065160068,37.3652377951729
MA0101202503A0069604,케로아인캠프,,I1,숙박,I101,일반 숙박,I10104,캠핑/글램핑,영월군,51750380,무릉도원면,무릉도원면,강원특별자치도 영월군 무릉도원면 운학리 930-3,강원특별자치도 영월군 무릉도원면 학산길 26-9,128.188247239121,37.3192886328913
MA0101202504A0005395,법흥캠핑장,,I1,숙박,I101,일반 숙박,I10104,캠핑/글램핑,영월군,51750380,무릉도원면,무릉도원면,강원특별자치도 영월군 무릉도원면 법흥리 189-1,강원특별자치도 영월군 무릉도원면 백년계곡길 14-3,128.273804923924,37.3661408787203
MA0101202504A0036805,석천캠핑장,,I1,숙박,I101,일반 숙박,I10104,캠핑/글램핑,영월군,51750380,무릉도원면,무릉도원면,강원특별자치도 영월군 무릉도원면 법흥리 236-2,강원특별자치도 영월군 무릉도원면 백년계곡길 52,128.273376721581,37.3695241170396
MA0101202505A0039619,무릉도원흙집,,I1,숙박,I101,일반 숙박,I10103,펜션,영월군,51750380,무릉도원면,무릉도원면,강원특별자치도 영월군 무릉도원면 법흥리 641,강원특별자치도 영월군 무릉도원면 무릉법흥로 715-9,128.267649641953,37.3290329698321
MA0101202505A0041012,두무골민박,,I1,숙박,I101,일반 숙박,I10103,펜션,영월군,51750380,무릉도원면,무릉도원면,강원특별자치도 영월군 무릉도원면 운학리 700-3,강원특별자치도 영월군 무릉도원면 도원운학로 1614-26,128.196309963293,37.3382901364001
MA0106202506A0297710,법흥캠핑장,,G2,소매,G221,기타 상품 소매,G22199,그 외 기타 상품 전문 소매업,영월군,51750380,무릉도원면,무릉도원면,강원특별자치도 영월군 무릉도원면 법흥리 189-1,강원특별자치도 영월군 무릉도원면 백년계곡길 14-3,128.273804923924,37.3661408787203
MA0106202507A0670522,남강,,I2,음식,I201,한식,I20101,백반/한정식,영월군,51750380,무릉도원면,무릉도원면,강원특별자치도 영월군 무릉도원면 법흥리 89-9,강원특별자치도 영월군 무릉도원면 무릉법흥로 1050-16,128.28020147848,37.3499715101252
MA0106202507A1574279,남강캠프,,G2,소매,G213,오락용품 소매,G21304,운동용품 소매업,영월군,51750380,무릉도원면,무릉도원면,강원특별자치도 영월군 무릉도원면 법흥리 89-9,강원특별자치도 영월군 무릉도원면 무릉법흥로 1050-16,128.28020147848,37.3499715101252
MA0106202511A0053263,미니편의점,,G2,소매,G221,기타 상품 소매,G22199,그 외 기타 상품 전문 소매업,영월군,51750380,무릉도원면,무릉도원면,강원특별자치도 영월군 무릉도원면 운학리 831-7,강원특별자치도 영월군 무릉도원면 도원운학로 1455,128.19035181376,37.3282682786755
MA010120220800111486,이정자공방,,G2,소매,G218,장식품 소매,G21802,기념품점,영월군,51750330,북면,북면,강원특별자치도 영월군 북면 마차리 1474-3,강원특별자치도 영월군 북면 골마차길 25-2,128.446259623595,37.2576462983443
MA010120220800142738,덕이민박,,I1,숙박,I101,일반 숙박,I10103,펜션,영월군,51750330,북면,북면,강원특별자치도 영월군 북면 마차리 1190-21,강원특별자치도 영월군 북면 미재골길 2,128.456340669083,37.2543513080634
MA010120220801571769,산골초가,,I1,숙박,I101,일반 숙박,I10103,펜션,영월군,51750330,북면,북면,강원특별자치도 영월군 북면 공기리 48,강원특별자치도 영월군 북면 굴앞마을길 64-90,128.450822602003,37.3168466710326
MA010120220801766437,신데렐라모텔,,I1,숙박,I101,일반 숙박,I10102,여관/모텔,영월군,51750330,북면,북면,강원특별자치도 영월군 북면 문곡리 1580-1,강원특별자치도 영월군 북면 남애길 15,128.416363887103,37.2104995027943
MA010120220802654419,하호건축사사무소주,,M1,과학·기술,M109,기술 서비스,M10901,건축 설계 및 관련 서비스업,영월군,51750330,북면,북면,강원특별자치도 영월군 북면 문곡리 138,강원특별자치도 영월군 북면 시루산길 133-2,128.446542610965,37.2123060819014
MA010120220803229548,하늬네농장,,G2,소매,G205,식료품 소매,G20506,채소/과일 소매업,영월군,51750330,북면,북면,강원특별자치도 영월군 북면 연덕리 398-3,강원특별자치도 영월군 북면 원동재로 806,128.421906845231,37.2729153963033
MA010120220804674551,처갓집양념치킨마차점,,I2,음식,I210,기타 간이,I21006,치킨,영월군,51750330,북면,북면,강원특별자치도 영월군 북면 마차리 1158-11,강원특별자치도 영월군 북면 마차중앙1길 39-1,128.457111815655,37.2563509705192
MA010120220804674942,천궁송어,,I2,음식,I201,한식,I20111,횟집,영월군,51750330,북면,북면,강원특별자치도 영월군 북면 문곡리 1447-5,강원특별자치도 영월군 북면 원동재로 104,128.419698425131,37.2201270348235
MA010120220804676157,밤치식당,,I2,음식,I201,한식,I20101,백반/한정식,영월군,51750330,북면,북면,강원특별자치도 영월군 북면 마차리 216-1,강원특별자치도 영월군 북면 밤재로 980,128.476563038275,37.3011939605642
MA010120220804676392,초원식당,,I2,음식,I201,한식,I20101,백반/한정식,영월군,51750330,북면,북면,강원특별자치도 영월군 북면 마차리 812-26,강원특별자치도 영월군 북면 마차중앙1길 39-3,128.457057727534,37.2564687616983
MA010120220804676416,대원식당,,I2,음식,I201,한식,I20107,돼지고기 구이/찜,영월군,51750330,북면,북면,강원특별자치도 영월군 북면 마차리 1189-19,강원특별자치도 영월군 북면 봉래산로 972,128.456948126373,37.2542897755194
MA010120220804676879,다미헤어,,S2,수리·개인,S207,이용·미용,S20701,미용실,영월군,51750330,북면,북면,강원특별자치도 영월군 북면 마차리 1167-1,강원특별자치도 영월군 북면 마차중앙1길 11,128.455483563473,37.2560826926529
MA010120220804677097,문곡송어횟집,,I2,음식,I201,한식,I20111,횟집,영월군,51750330,북면,북면,강원특별자치도 영월군 북면 문곡리 898,강원특별자치도 영월군 북면 하늘샘길 10,128.426146869684,37.2442766760694
MA010120220804677703,선돌마루,,I2,음식,I201,한식,I20101,백반/한정식,영월군,51750330,북면,북면,강원특별자치도 영월군 북면 문곡리 1580-4,강원특별자치도 영월군 북면 남애길 11,128.416603592584,37.2106678211999
MA010120220804677722,서울설비공사,,G2,소매,G207,담배 소매,G20701,담배/전자담배 소매업,영월군,51750330,북면,북면,강원특별자치도 영월군 북면 마차리 1160-9,강원특별자치도 영월군 북면 마차중앙1길 37,128.456830616554,37.2563814604043
MA010120220804678515,오일세상,,G2,소매,G214,연료 소매,G21401,주유소,영월군,51750330,북면,북면,강원특별자치도 영월군 북면 문곡리 1447-1,강원특별자치도 영월군 북면 원동재로 98,128.419435648783,37.2199319705838
MA010120220804678662,문곡상회,,G2,소매,G204,종합 소매,G20404,슈퍼마켓,영월군,51750330,북면,북면,강원특별자치도 영월군 북면 문곡리 332-8,강원특별자치도 영월군 북면 밤재로 2,128.431053221819,37.2522360946366
MA010120220804678754,짱구분식,,I2,음식,I210,기타 간이,I21007,김밥/만두/분식,영월군,51750330,북면,북면,강원특별자치도 영월군 북면 마차리 1156-22,강원특별자치도 영월군 북면 마차중앙1길 44-12,128.456728842944,37.2557790663891
MA010120220804678757,업소명없음,,G2,소매,G204,종합 소매,G20404,슈퍼마켓,영월군,51750330,북면,북면,강원특별자치도 영월군 북면 문곡리 367-2,강원특별자치도 영월군 북면 원동재로 511,128.430248744469,37.2520115649056
MA010120220804678769,도리돈,,I2,음식,I201,한식,I20107,돼지고기 구이/찜,영월군,51750330,북면,북면,강원특별자치도 영월군 북면 마차리 1171-5,강원특별자치도 영월군 북면 마차중앙2길 1,128.455059688363,37.2557275174912
MA010120220804678775,상록수횟집,,I2,음식,I201,한식,I20111,횟집,영월군,51750330,북면,북면,강원특별자치도 영월군 북면 문곡리 946,강원특별자치도 영월군 북면 하늘샘2길 6,128.42456954454,37.2437010256526
MA010120220804678810,백번마트,,G2,소매,G204,종합 소매,G20404,슈퍼마켓,영월군,51750330,북면,북면,강원특별자치도 영월군 북면 마차리 317,강원특별자치도 영월군 북면 밤재로 476,128.477055819555,37.2692938791557
MA010120220804679110,내마음의외갓집,,I1,숙박,I101,일반 숙박,I10103,펜션,영월군,51750330,북면,북면,강원특별자치도 영월군 북면 마차리 920-5,강원특별자치도 영월군 북면 봉래산로 790-62,128.470861959376,37.2377471850412
MA010120220804679932,아빠가만든캠핑장,,I1,숙박,I101,일반 숙박,I10104,캠핑/글램핑,영월군,51750330,북면,북면,강원특별자치도 영월군 북면 덕상리 548-1,강원특별자치도 영월군 북면 덕전길 240,128.393008749664,37.2556270406278
MA010120220804680029,은하헤어,,S2,수리·개인,S207,이용·미용,S20701,미용실,영월군,51750330,북면,북면,강원특별자치도 영월군 북면 마차리 1168-3,강원특별자치도 영월군 북면 마차중앙1길 25,128.456250011768,37.2560822761925
MA010120220804680038,도래지식당,,I2,음식,I201,한식,I20101,백반/한정식,영월군,51750330,북면,북면,강원특별자치도 영월군 북면 마차리 1169-7,강원특별자치도 영월군 북면 마차중앙2길 27-1,128.456092593566,37.2555166046608
MA010120220804680520,대일주유소,,G2,소매,G214,연료 소매,G21401,주유소,영월군,51750330,북면,북면,강원특별자치도 영월군 북면 문곡리 368,강원특별자치도 영월군 북면 원동재로 513,128.430319249393,37.2521638776858
MA010120220804693221,일우이엔씨,,N1,시설관리·임대,N104,고용 알선,N10403,상용 인력 공급 및 인사관리 서비스업,영월군,51750330,북면,북면,강원특별자치도 영월군 북면 문곡리 2055,강원특별자치도 영월군 북면 강구길 29,128.419403905868,37.2266536135939
MA010120220805284215,삼방산권역,,I1,숙박,I101,일반 숙박,I10103,펜션,영월군,51750330,북면,북면,강원특별자치도 영월군 북면 공기리 830,강원특별자치도 영월군 북면 삼방산길 396,128.434642367174,37.3112958628972
MA010120220805425638,영월농협하나로마트사업소북면점,,G2,소매,G204,종합 소매,G20404,슈퍼마켓,영월군,51750330,북면,북면,강원특별자치도 영월군 북면 문곡리 363-5,강원특별자치도 영월군 북면 원동재로 519,128.430531276944,37.2526478385853
MA010120220806339966,산골흙집,,I1,숙박,I101,일반 숙박,I10103,펜션,영월군,51750330,북면,북면,강원특별자치도 영월군 북면 공기리 1084,강원특별자치도 영월군 북면 진등길 189-18,128.41922936699,37.3338255390976
MA010120220806453630,법인하반하,,R1,예술·스포츠,R104,유원지·오락,R10499,기타 오락관련 서비스업,영월군,51750330,북면,북면,강원특별자치도 영월군 북면 마차리 226,강원특별자치도 영월군 북면 밤재로 965-9,128.477921885418,37.3003210877194
MA010120220806527478,유일시스템,,N1,시설관리·임대,N110,가정용품 대여,N11099,기타 개인/가정용품 대여업,영월군,51750330,북면,북면,강원특별자치도 영월군 북면 문곡리 2071,강원특별자치도 영월군 북면 강구길 15,128.421048005789,37.2248049193065
MA010120220806973438,산골추억,,G2,소매,G218,장식품 소매,G21802,기념품점,영월군,51750330,북면,북면,강원특별자치도 영월군 북면 마차리 633,강원특별자치도 영월군 북면 솔치안길 333-4,128.459444958251,37.2843782022874
MA010120220807344276,황금마차리특화마을협동조합,,R1,예술·스포츠,R104,유원지·오락,R10499,기타 오락관련 서비스업,영월군,51750330,북면,북면,강원특별자치도 영월군 북면 마차리 1158-10,강원특별자치도 영월군 북면 마차중앙1길 45,128.457236466433,37.2563854747201
MA010120220807782698,전통떡기름방,,I2,음식,I210,기타 간이,I21002,떡/한과,영월군,51750330,북면,북면,강원특별자치도 영월군 북면 마차리 1180-25,강원특별자치도 영월군 북면 봉래산로 993-4,128.454484648144,37.2551309375557
MA010120220808133005,미세스캔디,,G2,소매,G222,중고 상품 소매,G22201,중고 상품 소매업,영월군,51750330,북면,북면,강원특별자치도 영월군 북면 마차리 1188-33,강원특별자치도 영월군 북면 봉래산로 968-9,128.457555582571,37.2542282398781
MA010120220808138395,농공단지식당,,I2,음식,I207,구내식당·뷔페,I20701,구내식당,영월군,51750330,북면,북면,강원특별자치도 영월군 북면 문곡리 2069,강원특별자치도 영월군 북면 강구길 9,128.421465121755,37.2248179324009
MA010120220808171333,동양카포스,,S2,수리·개인,S203,자동차 수리·세차,S20301,자동차 정비소,영월군,51750330,북면,북면,강원특별자치도 영월군 북면 문곡리 369-5,강원특별자치도 영월군 북면 원동재로 515,128.430312409225,37.2523982120685
MA010120220808199256,현대여관,,I1,숙박,I101,일반 숙박,I10102,여관/모텔,영월군,51750330,북면,북면,강원특별자치도 영월군 북면 마차리 1160-9,강원특별자치도 영월군 북면 마차중앙1길 37,128.456830616554,37.2563814604043
MA010120220808783893,산책로,,I2,음식,I212,비알코올 ,I21201,카페,영월군,51750330,북면,북면,강원특별자치도 영월군 북면 문곡리 426-2,강원특별자치도 영월군 북면 원동재로 490-40,128.430442341554,37.2485404970781
MA010120220808815770,마차갈비,,I2,음식,I201,한식,I20107,돼지고기 구이/찜,영월군,51750330,북면,북면,강원특별자치도 영월군 북면 마차리 1156-35,강원특별자치도 영월군 북면 마차중앙1길 22,128.456087393977,37.2558320063643
MA010120220809504778,영흥석회공업사,,N1,시설관리·임대,N102,청소·방제,N10201,건축물 일반 청소업,영월군,51750330,북면,북면,강원특별자치도 영월군 북면 문곡리 2055,강원특별자치도 영월군 북면 강구길 29,128.419403905868,37.2266536135939
MA010120220811288936,GS25영월삼거리,,G2,소매,G204,종합 소매,G20405,편의점,영월군,51750330,북면,북면,강원특별자치도 영월군 북면 문곡리 1553-6,강원특별자치도 영월군 북면 원동재로 6-1,128.417527518697,37.212485746214
MA010120220811735210,꿀복이네자율식당,,I2,음식,I201,한식,I20101,백반/한정식,영월군,51750330,북면,북면,강원특별자치도 영월군 북면 마차리 812-6,강원특별자치도 영월군 북면 마차중앙1길 25-1,128.456306702363,37.2560995980882
MA010120220811903592,공기좋은집,,I1,숙박,I101,일반 숙박,I10103,펜션,영월군,51750330,북면,북면,강원특별자치도 영월군 북면 공기리 18,강원특별자치도 영월군 북면 굴앞마을길 64-160,128.452562144363,37.3181407229775
MA010120220811980456,소낭구,,I2,음식,I201,한식,I20101,백반/한정식,영월군,51750330,북면,북면,강원특별자치도 영월군 북면 문곡리 432-2,강원특별자치도 영월군 북면 원동재로 456,128.427333733054,37.2474518051765
MA010120220812087478,스카이엉클,,N1,시설관리·임대,N102,청소·방제,N10203,"소독, 구충 및 방제 서비스업",영월군,51750330,북면,북면,강원특별자치도 영월군 북면 마차리 산 161-2,강원특별자치도 영월군 북면 밤재로 133-4,128.445297523006,37.2556669139414
MA010120220812105969,행복한삶을주는협동조합,,R1,예술·스포츠,R104,유원지·오락,R10499,기타 오락관련 서비스업,영월군,51750330,북면,북면,강원특별자치도 영월군 북면 문곡리 340-1,강원특별자치도 영월군 북면 밤재로 7,128.432113621867,37.2528809781097
MA010120220812139060,소나무펜션,,I1,숙박,I101,일반 숙박,I10103,펜션,영월군,51750330,북면,북면,강원특별자치도 영월군 북면 덕상리 537-9,강원특별자치도 영월군 북면 덕전길 329,128.395162482872,37.2630076584522
MA010120220812726783,위로약방,,I2,음식,I211,주점,I21101,일반 유흥 주점,영월군,51750330,북면,북면,강원특별자치도 영월군 북면 마차리 1151-54,강원특별자치도 영월군 북면 마차중앙1길 45,128.457236466433,37.2563854747201
MA010120220812925505,동강취냉면,,I2,음식,I201,한식,I20106,냉면/밀면,영월군,51750330,북면,북면,강원특별자치도 영월군 북면 덕상리 460-1,강원특별자치도 영월군 북면 덕전길 127,128.389520405228,37.2473520600985
MA010120220813786767,산골초가펜션,,I1,숙박,I101,일반 숙박,I10103,펜션,영월군,51750330,북면,북면,강원특별자치도 영월군 북면 공기리 48-3,강원특별자치도 영월군 북면 굴앞마을길 64-152,128.451076277074,37.3165462442214
MA010120220814076451,하늘샘송어횟집,,I2,음식,I201,한식,I20111,횟집,영월군,51750330,북면,북면,강원특별자치도 영월군 북면 문곡리 1015,강원특별자치도 영월군 북면 하늘샘길 10-6,128.424891904118,37.2446611842776
MA010120220814168314,상상문화발전소,,M1,과학·기술,M112,전문 디자인,M11203,시각 디자인업,영월군,51750330,북면,북면,강원특별자치도 영월군 북면 문곡리 2071,강원특별자치도 영월군 북면 강구길 15,128.421048005789,37.2248049193065
MA010120220814256811,공기1리마을,,G2,소매,G205,식료품 소매,G20506,채소/과일 소매업,영월군,51750330,북면,북면,강원특별자치도 영월군 북면 공기리 619,강원특별자치도 영월군 북면 굴앞마을길 48-3,128.43915423044,37.3077453471999
MA010120220814291264,자연치유방,,I1,숙박,I101,일반 숙박,I10103,펜션,영월군,51750330,북면,북면,강원특별자치도 영월군 북면 문곡리 30,강원특별자치도 영월군 북면 시루산길 224,128.451960090344,37.2175465068541
MA010120220814358616,스님공방,,G2,소매,G218,장식품 소매,G21801,예술품 소매업,영월군,51750330,북면,북면,강원특별자치도 영월군 북면 문곡리 산 252,강원특별자치도 영월군 북면 원동재로 101-11,128.414618030651,37.2195571506608
MA0101202302A0035453,영월LPG충전소,,G2,소매,G214,연료 소매,G21402,가스 충전소,영월군,51750330,북면,북면,강원특별자치도 영월군 북면 문곡리 1588-3,강원특별자치도 영월군 북면 영월로 1172,128.415811215555,37.2110647160362
MA0101202303A0014668,산골초가집,,I1,숙박,I101,일반 숙박,I10103,펜션,영월군,51750330,북면,북면,강원특별자치도 영월군 북면 공기리 48-1,강원특별자치도 영월군 북면 굴앞마을길 64-98,128.451620729562,37.3167017374761
MA0101202305A0206683,수월산방,,I1,숙박,I101,일반 숙박,I10103,펜션,영월군,51750330,북면,북면,강원특별자치도 영월군 북면 공기리 1560,강원특별자치도 영월군 북면 진등길 49,128.421110762965,37.3228923466869
MA0101202307A0010157,물댄동산,,I2,음식,I201,한식,I20101,백반/한정식,영월군,51750330,북면,북면,강원특별자치도 영월군 북면 연덕리 330,강원특별자치도 영월군 북면 원동재로 732-12,128.423666882438,37.2675965570559
MA0101202307A0013525,보람공영,,S2,수리·개인,S210,장례식장 ,S21002,화장터/묘지/납골당,영월군,51750330,북면,북면,강원특별자치도 영월군 북면 문곡리 1580-1,강원특별자치도 영월군 북면 남애길 15,128.416363887103,37.2104995027943
MA0101202307A0020754,신정공영,,S2,수리·개인,S210,장례식장 ,S21001,장례식장,영월군,51750330,북면,북면,강원특별자치도 영월군 북면 문곡리 1580-1,강원특별자치도 영월군 북면 남애길 15,128.416363887103,37.2104995027943
MA0101202307A0026734,영월천문대캠핑장,,I1,숙박,I101,일반 숙박,I10104,캠핑/글램핑,영월군,51750330,북면,북면,강원특별자치도 영월군 북면 연덕리 931,강원특별자치도 영월군 북면 사만길 173,128.409952439874,37.2636342790968
MA0101202307A0038786,동진장묘개발,,S2,수리·개인,S210,장례식장 ,S21001,장례식장,영월군,51750330,북면,북면,강원특별자치도 영월군 북면 문곡리 1580-4,강원특별자치도 영월군 북면 남애길 11,128.416603592584,37.2106678211999
MA0101202307A0089232,바른,,S2,수리·개인,S210,장례식장 ,S21002,화장터/묘지/납골당,영월군,51750330,북면,북면,강원특별자치도 영월군 북면 문곡리 1580-1,강원특별자치도 영월군 북면 남애길 15,128.416363887103,37.2104995027943
MA0101202311A0041648,박가네옹심이칼국수,,I2,음식,I201,한식,I20105,국수/칼국수,영월군,51750330,북면,북면,강원특별자치도 영월군 북면 문곡리 1571-5,강원특별자치도 영월군 북면 영월로 1184,128.416866185106,37.2114575384157
MA0101202406A0349070,시온의대로,,I2,음식,I201,한식,I20101,백반/한정식,영월군,51750330,북면,북면,강원특별자치도 영월군 북면 문곡리 1553-27,강원특별자치도 영월군 북면 원동재로 10,128.417541309395,37.2126207274361
MA0101202406A0353922,스테이산골강남,,I1,숙박,I101,일반 숙박,I10103,펜션,영월군,51750330,북면,북면,강원특별자치도 영월군 북면 공기리 40-1,강원특별자치도 영월군 북면 굴앞마을길 64-148,128.448856663438,37.3160959396946
MA0101202406A0402703,스테이해뜰우,,I1,숙박,I101,일반 숙박,I10103,펜션,영월군,51750330,북면,북면,강원특별자치도 영월군 북면 마차리 1496-7,강원특별자치도 영월군 북면 밤재로 123,128.444196715531,37.2552749138116
MA0101202409A0026290,커리아트홈,,I1,숙박,I101,일반 숙박,I10103,펜션,영월군,51750330,북면,북면,강원특별자치도 영월군 북면 마차리 1075-4,강원특별자치도 영월군 북면 봉래산로 927,128.460070893192,37.2514042520145
MA0101202409A0112171,요봉옻닭백숙,,I2,음식,I201,한식,I20101,백반/한정식,영월군,51750330,북면,북면,강원특별자치도 영월군 북면 마차리 470,강원특별자치도 영월군 북면 밤재로 497,128.475700655376,37.2709054832271
MA0101202409A0133325,꽃마리,,P1,교육,P106,기타 교육,P10625,기타 기술/직업 훈련학원,영월군,51750330,북면,북면,강원특별자치도 영월군 북면 문곡리 172-5,강원특별자치도 영월군 북면 영월로 1447,128.437790627748,37.2081961038623
MA0101202410A0343852,내마음의외갓집,,G2,소매,G205,식료품 소매,G20506,채소/과일 소매업,영월군,51750330,북면,북면,강원특별자치도 영월군 북면 마차리 920-5,강원특별자치도 영월군 북면 봉래산로 790-62,128.470861959376,37.2377471850412
MA0101202410A0344783,모범식육점,,G2,소매,G205,식료품 소매,G20503,정육점,영월군,51750330,북면,북면,강원특별자치도 영월군 북면 마차리 1156-44,강원특별자치도 영월군 북면 마차중앙1길 34,128.456696945081,37.2558785650492
MA0101202410A0581807,덕지골농원,,G2,소매,G205,식료품 소매,G20506,채소/과일 소매업,영월군,51750330,북면,북면,강원특별자치도 영월군 북면 덕상리 155,강원특별자치도 영월군 북면 원동로 614-102,128.395361564097,37.2725736096359
MA0101202410A0667615,또바기,,G2,소매,G205,식료품 소매,G20506,채소/과일 소매업,영월군,51750330,북면,북면,강원특별자치도 영월군 북면 문곡리 390-4,강원특별자치도 영월군 북면 원동재로 510-6,128.430868863382,37.2514274516592
MA0101202410A0902329,석화농장,,G2,소매,G205,식료품 소매,G20506,채소/과일 소매업,영월군,51750330,북면,북면,강원특별자치도 영월군 북면 문곡리 1474-2,강원특별자치도 영월군 북면 원동재로 55-1,128.417105439095,37.2164190486714
MA0101202411A0063556,굴Guul,,N1,시설관리·임대,N108,기타 사업 서비스,N10802,전시/컨벤션/행사 대행 서비스업,영월군,51750330,북면,북면,강원특별자치도 영월군 북면 마차리 1075-4,강원특별자치도 영월군 북면 봉래산로 927,128.460070893192,37.2514042520145
MA0101202412A0063591,성덕산업,,N1,시설관리·임대,N101,시설관리,N10101,사업시설 유지·관리 서비스업,영월군,51750330,북면,북면,강원특별자치도 영월군 북면 마차리 1137,강원특별자치도 영월군 북면 밤재로 241,128.457401385043,37.2585097209011
MA0101202503A0025415,중앙슈퍼,,G2,소매,G204,종합 소매,G20404,슈퍼마켓,영월군,51750330,북면,북면,강원특별자치도 영월군 북면 마차리 1156-15,강원특별자치도 영월군 북면 마차중앙1길 34-1,128.456764730849,37.2558867405462
MA0106202602A0817679,화이통협동조합,,G2,소매,G219,식물 소매,G21901,꽃집,영월군,51750330,북면,북면,강원특별자치도 영월군 북면 문곡리 2069,강원특별자치도 영월군 북면 강구길 9,128.421465121755,37.2248179324009
MA010120220800758905,솔고개민박,,I1,숙박,I101,일반 숙박,I10103,펜션,영월군,51750312,산솔면,산솔면,강원특별자치도 영월군 산솔면 녹전리 34-2,강원특별자치도 영월군 산솔면 송운길 31,128.727247561366,37.131198510846
MA010120220801023598,미래식,,G2,소매,G205,식료품 소매,G20508,건강보조식품 소매업,영월군,51750312,산솔면,산솔면,강원특별자치도 영월군 산솔면 녹전리 129,강원특별자치도 영월군 산솔면 태백산로 1845-84,128.724329131103,37.1424217985941
MA010120220801142855,상순네캠핑장,,I1,숙박,I101,일반 숙박,I10104,캠핑/글램핑,영월군,51750312,산솔면,산솔면,강원특별자치도 영월군 산솔면 이목리 571,강원특별자치도 영월군 산솔면 고장골길 76-6,128.658664912842,37.1549634379285
MA010120220802287229,연상희망마을,,R1,예술·스포츠,R104,유원지·오락,R10499,기타 오락관련 서비스업,영월군,51750312,산솔면,산솔면,강원특별자치도 영월군 산솔면 연상리 70-1,강원특별자치도 영월군 산솔면 영월로 3815-1,128.613993955488,37.1990966303918
MA010120220803050574,동강수울떡,,I2,음식,I210,기타 간이,I21002,떡/한과,영월군,51750312,산솔면,산솔면,강원특별자치도 영월군 산솔면 연상리 67-10,강원특별자치도 영월군 산솔면 영월로 3791-76,128.615784396997,37.1990812272845
MA010120220803397469,일조약탕스파개인욕탕,,S2,수리·개인,S208,욕탕·신체관리,S20801,목욕탕/사우나,영월군,51750312,산솔면,산솔면,강원특별자치도 영월군 산솔면 연상리 411,강원특별자치도 영월군 산솔면 태백산로 28-114,128.608119862917,37.196149321588
MA010120220803397714,별품고인테리어,,M1,과학·기술,M112,전문 디자인,M11201,인테리어 디자인업,영월군,51750312,산솔면,산솔면,강원특별자치도 영월군 산솔면 이목리 566-4,강원특별자치도 영월군 산솔면 고장골길 76-36,128.657418665961,37.1545934663404
MA010120220804674830,영석공업사,,S2,수리·개인,S203,자동차 수리·세차,S20301,자동차 정비소,영월군,51750312,산솔면,산솔면,강원특별자치도 영월군 산솔면 연상리 420-7,강원특별자치도 영월군 산솔면 영월로 3742,128.60694626423,37.1971022446659
MA010120220804675712,중화반점,,I2,음식,I202,중식,I20201,중국집,영월군,51750312,산솔면,산솔면,강원특별자치도 영월군 산솔면 녹전리 774-29,강원특별자치도 영월군 산솔면 산솔시장길 35,128.680258959652,37.1445054287962
MA010120220804676005,풍경,,I2,음식,I201,한식,I20101,백반/한정식,영월군,51750312,산솔면,산솔면,강원특별자치도 영월군 산솔면 녹전리 773-5,강원특별자치도 영월군 산솔면 태백산로 1182,128.680433346062,37.1467913798518
MA010120220804676151,미담,,I2,음식,I212,비알코올 ,I21201,카페,영월군,51750312,산솔면,산솔면,강원특별자치도 영월군 산솔면 석항리 167,강원특별자치도 영월군 산솔면 석항역길 12,128.620430283765,37.1977654278485
MA010120220804676260,석항마트,,G2,소매,G204,종합 소매,G20404,슈퍼마켓,영월군,51750312,산솔면,산솔면,강원특별자치도 영월군 산솔면 연상리 65-5,강원특별자치도 영월군 산솔면 영월로 3823,128.616055127622,37.1985729988296
MA010120220804676263,중앙상회,,G2,소매,G213,오락용품 소매,G21302,문구/회화용품 소매업,영월군,51750312,산솔면,산솔면,강원특별자치도 영월군 산솔면 녹전리 849-16,강원특별자치도 영월군 산솔면 태백산로 1210,128.680480789912,37.1443581303744
MA010120220804676264,상동이용원,,S2,수리·개인,S207,이용·미용,S20701,미용실,영월군,51750312,산솔면,산솔면,강원특별자치도 영월군 산솔면 녹전리 795-20,강원특별자치도 영월군 산솔면 산솔시장길 58,128.679695908251,37.1439818481781
MA010120220804676265,희라미용실,,S2,수리·개인,S207,이용·미용,S20701,미용실,영월군,51750312,산솔면,산솔면,강원특별자치도 영월군 산솔면 연상리 68-5,강원특별자치도 영월군 산솔면 영월로 3821,128.615784135164,37.1985406579556
MA010120220804676266,하동슈퍼,,G2,소매,G204,종합 소매,G20404,슈퍼마켓,영월군,51750312,산솔면,산솔면,강원특별자치도 영월군 산솔면 녹전리 797-2,강원특별자치도 영월군 산솔면 산솔시장길 64,128.679420708045,37.1437515005843
MA010120220804676992,나그네쉼터,,I2,음식,I211,주점,I21104,요리 주점,영월군,51750312,산솔면,산솔면,강원특별자치도 영월군 산솔면 연상리 65-9,강원특별자치도 영월군 산솔면 영월로 3827,128.616482022288,37.1985221254392
MA010120220804677305,소원상회,,G2,소매,G204,종합 소매,G20404,슈퍼마켓,영월군,51750312,산솔면,산솔면,강원특별자치도 영월군 산솔면 녹전리 774-1,강원특별자치도 영월군 산솔면 태백산로 1184,128.68061057605,37.1466627327457
MA010120220804677337,서울상회,,G2,소매,G204,종합 소매,G20404,슈퍼마켓,영월군,51750312,산솔면,산솔면,강원특별자치도 영월군 산솔면 녹전리 849-4,강원특별자치도 영월군 산솔면 산솔시장길 59,128.679769683837,37.1437555637318
MA010120220804677351,시골밥상,,I2,음식,I201,한식,I20105,국수/칼국수,영월군,51750312,산솔면,산솔면,강원특별자치도 영월군 산솔면 녹전리 770-7,강원특별자치도 영월군 산솔면 태백산로 1205,128.680747336046,37.1447057222467
MA010120220804678680,처갓집양념치킨,중동점,I2,음식,I210,기타 간이,I21006,치킨,영월군,51750312,산솔면,산솔면,강원특별자치도 영월군 산솔면 녹전리 770-24,강원특별자치도 영월군 산솔면 태백산로 1195,128.681014197829,37.1455758624793
MA010120220804679341,팬션패트로누스,,I1,숙박,I101,일반 숙박,I10102,여관/모텔,영월군,51750312,산솔면,산솔면,강원특별자치도 영월군 산솔면 화원리 476-6,강원특별자치도 영월군 산솔면 태백산로 270-21,128.624442948282,37.1810968478533
MA010120220804679874,청기와식당,,I2,음식,I201,한식,I20101,백반/한정식,영월군,51750312,산솔면,산솔면,강원특별자치도 영월군 산솔면 연상리 4-1,강원특별자치도 영월군 산솔면 석항역길 40-10,128.618236275795,37.1978675014961
MA010120220804680882,녹전종합카센타,,S2,수리·개인,S203,자동차 수리·세차,S20301,자동차 정비소,영월군,51750312,산솔면,산솔면,강원특별자치도 영월군 산솔면 녹전리 881-2,강원특별자치도 영월군 산솔면 태백산로 1308,128.68870555897,37.1391958630531
MA010120220804693750,석항희망마을,,G2,소매,G204,종합 소매,G20404,슈퍼마켓,영월군,51750312,산솔면,산솔면,강원특별자치도 영월군 산솔면 석항리 213,강원특별자치도 영월군 산솔면 석항역길 15,128.620589350089,37.1973037646935
MA010120220805034961,추블리chuvely,,G2,소매,G209,섬유·의복·신발 소매,G20905,기타 의류 소매업,영월군,51750312,산솔면,산솔면,강원특별자치도 영월군 산솔면 연상리 67-14,강원특별자치도 영월군 산솔면 영월로 3831-1,128.616953953639,37.1984706356662
MA010120220805711030,중동분식,,I2,음식,I210,기타 간이,I21007,김밥/만두/분식,영월군,51750312,산솔면,산솔면,강원특별자치도 영월군 산솔면 녹전리 774-21,강원특별자치도 영월군 산솔면 산솔시장길 48,128.680117571397,37.1442191281145
MA010120220806663747,별의계곡,,I1,숙박,I101,일반 숙박,I10103,펜션,영월군,51750312,산솔면,산솔면,강원특별자치도 영월군 산솔면 직동리 646-2,강원특별자치도 영월군 산솔면 직동로 216,128.719283845778,37.1636403653446
MA010120220806961458,더블로거스,,M1,과학·기술,M105,광고,M10501,광고 대행업,영월군,51750312,산솔면,산솔면,강원특별자치도 영월군 산솔면 화원리 231,강원특별자치도 영월군 산솔면 소미원길 403-24,128.64011803411,37.1478157417223
MA010120220806982510,산솔농어촌체험·휴양마을,,I1,숙박,I101,일반 숙박,I10102,여관/모텔,영월군,51750312,산솔면,산솔면,강원특별자치도 영월군 산솔면 녹전리 92-1,강원특별자치도 영월군 산솔면 태백산로 1845-15,128.720377205661,37.1383709077598
MA010120220808219081,녹전휴게소,,I2,음식,I201,한식,I20101,백반/한정식,영월군,51750312,산솔면,산솔면,강원특별자치도 영월군 산솔면 녹전리 882-2,강원특별자치도 영월군 산솔면 태백산로 1314,128.689065596817,37.1386861975187
MA010120220808335285,세븐일레븐영월,중동점,G2,소매,G204,종합 소매,G20405,편의점,영월군,51750312,산솔면,산솔면,강원특별자치도 영월군 산솔면 연상리 50-3,강원특별자치도 영월군 산솔면 영월로 3804-1,128.614041755352,37.198167995271
MA010120220808560941,솔펜션,,I1,숙박,I101,일반 숙박,I10103,펜션,영월군,51750312,산솔면,산솔면,강원특별자치도 영월군 산솔면 녹전리 886-1,강원특별자치도 영월군 산솔면 태백산로 1320-5,128.689694226765,37.1381096346789
MA010120220808760222,패누,,I2,음식,I212,비알코올 ,I21201,카페,영월군,51750312,산솔면,산솔면,강원특별자치도 영월군 산솔면 화원리 476-3,강원특별자치도 영월군 산솔면 태백산로 270-72,128.624131687428,37.1807587524569
MA010120220809896731,별품고텐박,,I1,숙박,I101,일반 숙박,I10103,펜션,영월군,51750312,산솔면,산솔면,강원특별자치도 영월군 산솔면 이목리 566,강원특별자치도 영월군 산솔면 고장골길 76-40,128.657047527024,37.1546076669086
MA010120220810000023,고려상회,,G2,소매,G204,종합 소매,G20404,슈퍼마켓,영월군,51750312,산솔면,산솔면,강원특별자치도 영월군 산솔면 녹전리 770-7,강원특별자치도 영월군 산솔면 태백산로 1205,128.680747336046,37.1447057222467
MA010120220810404460,동빈네민박&캠핑장,,I1,숙박,I101,일반 숙박,I10104,캠핑/글램핑,영월군,51750312,산솔면,산솔면,강원특별자치도 영월군 산솔면 직동리 167,강원특별자치도 영월군 산솔면 직동로 970,128.780242237865,37.1742180030687
MA010120220811451940,영월약수터캠핑장,,I1,숙박,I101,일반 숙박,I10104,캠핑/글램핑,영월군,51750312,산솔면,산솔면,강원특별자치도 영월군 산솔면 녹전리 781,강원특별자치도 영월군 산솔면 태백산로 1133-10,128.676539510688,37.1462969540963
MA010120220811921328,송도반점,,I2,음식,I202,중식,I20201,중국집,영월군,51750312,산솔면,산솔면,강원특별자치도 영월군 산솔면 석항리 72,강원특별자치도 영월군 산솔면 영월로 3855-1,128.61974039474,37.198684828628
MA010120220812539832,골든파인펜션,,I1,숙박,I101,일반 숙박,I10103,펜션,영월군,51750312,산솔면,산솔면,강원특별자치도 영월군 산솔면 녹전리 51-4,강원특별자치도 영월군 산솔면 송운길 87-7,128.724611061002,37.1315432307932
MA010120220812644753,마루,,I1,숙박,I101,일반 숙박,I10103,펜션,영월군,51750312,산솔면,산솔면,강원특별자치도 영월군 산솔면 녹전리 364-1,강원특별자치도 영월군 산솔면 응고개길 179-1,128.694968630715,37.1369441580972
MA010120220812877532,문갤러리,,I2,음식,I212,비알코올 ,I21201,카페,영월군,51750312,산솔면,산솔면,강원특별자치도 영월군 산솔면 녹전리 224-1,강원특별자치도 영월군 산솔면 태백산로 1633-5,128.709521524532,37.1475465286047
MA010120220812921957,수라,,G2,소매,G214,연료 소매,G21401,주유소,영월군,51750312,산솔면,산솔면,강원특별자치도 영월군 산솔면 연상리 402-3,강원특별자치도 영월군 산솔면 영월로 3730,128.605954310655,37.1965300773816
MA010120220813101903,만물공업사,,S2,수리·개인,S203,자동차 수리·세차,S20301,자동차 정비소,영월군,51750312,산솔면,산솔면,강원특별자치도 영월군 산솔면 연상리 14,강원특별자치도 영월군 산솔면 태백산로 51,128.620267530884,37.194893609151
MA010120220813252297,보성식당,,I2,음식,I201,한식,I20105,국수/칼국수,영월군,51750312,산솔면,산솔면,강원특별자치도 영월군 산솔면 석항리 109,강원특별자치도 영월군 산솔면 영월로 3851-2,128.619051842905,37.1986131573049
MA010120220813694386,유전리산촌생태마을,,R1,예술·스포츠,R104,유원지·오락,R10499,기타 오락관련 서비스업,영월군,51750312,산솔면,산솔면,강원특별자치도 영월군 산솔면 녹전리 698,강원특별자치도 영월군 산솔면 유전길 183,128.68215893343,37.1606686000544
MA010120220813719053,바른골펜션,,I1,숙박,I101,일반 숙박,I10103,펜션,영월군,51750312,산솔면,산솔면,강원특별자치도 영월군 산솔면 녹전리 961-31,강원특별자치도 영월군 산솔면 응고개길 221,128.699541764399,37.1356263357555
MA010120220814236655,푸른돌사회적협동조합,,P1,교육,P106,기타 교육,P10629,그 외 기타 교육기관,영월군,51750312,산솔면,산솔면,강원특별자치도 영월군 산솔면 녹전리 849-1,강원특별자치도 영월군 산솔면 태백산로 1212,128.680531463692,37.14410514447
MA0101202209A0028845,소나무민박,,I1,숙박,I101,일반 숙박,I10103,펜션,영월군,51750312,산솔면,산솔면,강원특별자치도 영월군 산솔면 녹전리 318,강원특별자치도 영월군 산솔면 응고개길 203,128.697536570937,37.1365380103515
MA0101202211A0103094,녹전주유소,,G2,소매,G214,연료 소매,G21401,주유소,영월군,51750312,산솔면,산솔면,강원특별자치도 영월군 산솔면 녹전리 881-2,강원특별자치도 영월군 산솔면 태백산로 1312,128.68900670872,37.1390744471459
MA0101202212A0073524,해오름,,I1,숙박,I101,일반 숙박,I10103,펜션,영월군,51750312,산솔면,산솔면,강원특별자치도 영월군 산솔면 녹전리 51-9,강원특별자치도 영월군 산솔면 송운길 87-5,128.724178497069,37.1313242871891
MA0101202302A0089708,산솔연탄직매소,,G2,소매,G214,연료 소매,G21403,가정용 연료 소매업,영월군,51750312,산솔면,산솔면,강원특별자치도 영월군 산솔면 녹전리 17-2,강원특별자치도 영월군 산솔면 송운길 59,128.725290079918,37.1327045830606
MA0101202303A0041310,위례,,L1,부동산,L102,부동산 서비스,L10203,부동산 중개/대리업,영월군,51750312,산솔면,산솔면,강원특별자치도 영월군 산솔면 직동리 534-2,강원특별자치도 영월군 산솔면 직동로 423,128.735231177084,37.1747777782127
MA0101202305A0053678,수라쉼터,,I2,음식,I210,기타 간이,I21007,김밥/만두/분식,영월군,51750312,산솔면,산솔면,강원특별자치도 영월군 산솔면 석항리 136,강원특별자치도 영월군 산솔면 영월로 3850-1,128.61911150998,37.1982429502952
MA0101202307A0042363,애찬펜션,,I1,숙박,I101,일반 숙박,I10103,펜션,영월군,51750312,산솔면,산솔면,강원특별자치도 영월군 산솔면 녹전리 51-5,강원특별자치도 영월군 산솔면 송운길 33-14,128.725545937332,37.131583679406
MA0101202311A0030901,수라사골순대,,I2,음식,I201,한식,I20102,국/탕/찌개류,영월군,51750312,산솔면,산솔면,강원특별자치도 영월군 산솔면 연상리 402-3,강원특별자치도 영월군 산솔면 영월로 3730,128.605954310655,37.1965300773816
MA0101202406A0006747,산솔캠핑장,,I1,숙박,I101,일반 숙박,I10104,캠핑/글램핑,영월군,51750312,산솔면,산솔면,강원특별자치도 영월군 산솔면 녹전리 193,강원특별자치도 영월군 산솔면 태백산로 1616,128.707897198995,37.1468852296031
MA0101202406A0190603,소나무집,,I2,음식,I201,한식,I20101,백반/한정식,영월군,51750312,산솔면,산솔면,강원특별자치도 영월군 산솔면 녹전리 185-5,강원특별자치도 영월군 산솔면 태백산로 1595,128.705496732155,37.1472441466618
MA0101202406A0194378,산솔식당,,I2,음식,I201,한식,I20101,백반/한정식,영월군,51750312,산솔면,산솔면,강원특별자치도 영월군 산솔면 석항리 671,강원특별자치도 영월군 산솔면 태백산로 17,128.61772403523,37.197613222308
MA0101202406A0331673,금옥이민박,,I1,숙박,I101,일반 숙박,I10103,펜션,영월군,51750312,산솔면,산솔면,강원특별자치도 영월군 산솔면 석항리 692,강원특별자치도 영월군 산솔면 영월로 3825-1,128.616234508895,37.198534512884
MA0101202406A0428478,동원연탄불생고기,,I2,음식,I201,한식,I20107,돼지고기 구이/찜,영월군,51750312,산솔면,산솔면,강원특별자치도 영월군 산솔면 석항리 192,강원특별자치도 영월군 산솔면 영월로 3874,128.621459302789,37.1979585642067
MA0101202406A0537218,수라,,I1,숙박,I101,일반 숙박,I10102,여관/모텔,영월군,51750312,산솔면,산솔면,강원특별자치도 영월군 산솔면 연상리 402-3,강원특별자치도 영월군 산솔면 영월로 3730,128.605954310655,37.1965300773816
MA0101202406A0562276,석항트레인스테이,,I1,숙박,I101,일반 숙박,I10103,펜션,영월군,51750312,산솔면,산솔면,강원특별자치도 영월군 산솔면 석항리 213,강원특별자치도 영월군 산솔면 석항역길 15,128.620589350089,37.1973037646935
MA0101202409A0021331,영월산솔공인중개사사무소,,L1,부동산,L102,부동산 서비스,L10203,부동산 중개/대리업,영월군,51750312,산솔면,산솔면,강원특별자치도 영월군 산솔면 녹전리 774-17,강원특별자치도 영월군 산솔면 산솔시장길 37,128.680349764567,37.1445401793489
MA0101202410A0343776,영월농산,,G2,소매,G205,식료품 소매,G20506,채소/과일 소매업,영월군,51750312,산솔면,산솔면,강원특별자치도 영월군 산솔면 연상리 365,강원특별자치도 영월군 산솔면 강원남로 3007,128.599151755477,37.1959914490033
MA0101202410A0343813,석항연탄직매,,G2,소매,G214,연료 소매,G21403,가정용 연료 소매업,영월군,51750312,산솔면,산솔면,강원특별자치도 영월군 산솔면 석항리 16,강원특별자치도 영월군 산솔면 영월로 3791-92,128.616997033858,37.199434069008
MA0101202410A0343827,석항직매소,,G2,소매,G214,연료 소매,G21403,가정용 연료 소매업,영월군,51750312,산솔면,산솔면,강원특별자치도 영월군 산솔면 석항리 787,강원특별자치도 영월군 산솔면 영월로 3801,128.613587410722,37.1985165490399
MA0101202410A0344779,영월환경방역공사,,N1,시설관리·임대,N102,청소·방제,N10203,"소독, 구충 및 방제 서비스업",영월군,51750312,산솔면,산솔면,강원특별자치도 영월군 산솔면 석항리 176,강원특별자치도 영월군 산솔면 석항역길 7,128.620683378909,37.198014232049
MA0101202410A0907311,해들한우,,G2,소매,G205,식료품 소매,G20503,정육점,영월군,51750312,산솔면,산솔면,강원특별자치도 영월군 산솔면 녹전리 364-1,강원특별자치도 영월군 산솔면 응고개길 169-2,128.69387740356,37.1369597607986
MA0101202411A0043283,솔밭,,I1,숙박,I101,일반 숙박,I10103,펜션,영월군,51750312,산솔면,산솔면,강원특별자치도 영월군 산솔면 연상리 467-1,강원특별자치도 영월군 산솔면 영월로 3628-10,128.595226469433,37.1924946075001
MA0101202502A0015244,중동인력,,N1,시설관리·임대,N104,고용 알선,N10401,고용 알선업,영월군,51750312,산솔면,산솔면,강원특별자치도 영월군 산솔면 녹전리 774-17,강원특별자치도 영월군 산솔면 산솔시장길 37,128.680349764567,37.1445401793489
MA0101202504A0109875,마법의언덕,,I1,숙박,I101,일반 숙박,I10103,펜션,영월군,51750312,산솔면,산솔면,강원특별자치도 영월군 산솔면 화원리 304,강원특별자치도 영월군 산솔면 태백산로 338-71,128.626982134824,37.1650880307418
MA0103202408C0001972,금당NCS굴삭기실무학원,,P1,교육,P106,기타 교육,P10623,운전학원,영월군,51750312,산솔면,산솔면,강원특별자치도 영월군 산솔면 녹전리 899,강원특별자치도 영월군 산솔면 응고개길 32-17,128.682801423551,37.1393789569163
MA0106202601A1278446,웅세다지,,P1,교육,P106,기타 교육,P10607,청소년 수련시설,영월군,51750312,산솔면,산솔면,강원특별자치도 영월군 산솔면 석항리 192,강원특별자치도 영월군 산솔면 영월로 3874,128.621459302789,37.1979585642067
MA010120220802917314,대리골가람펜션,,I1,숙박,I101,일반 숙박,I10103,펜션,영월군,51750253,상동읍,상동읍,강원특별자치도 영월군 상동읍 내덕리 364,강원특별자치도 영월군 상동읍 태백산로 2372-36,128.748719177739,37.1141710248936
MA010120220803989007,황금식당,,I2,음식,I201,한식,I20101,백반/한정식,영월군,51750253,상동읍,상동읍,강원특별자치도 영월군 상동읍 내덕리 33-7,강원특별자치도 영월군 상동읍 태백산로 3202,128.828149941263,37.1275587103898
MA010120220804221233,알몬티대한중석,,M1,과학·기술,M109,기술 서비스,M10903,건물 및 토목 엔지니어링 서비스업,영월군,51750253,상동읍,상동읍,강원특별자치도 영월군 상동읍 구래리 114-4,강원특별자치도 영월군 상동읍 중석길 79-50,128.836845355182,37.1498034717513
MA010120220804341747,동원각,,I2,음식,I202,중식,I20201,중국집,영월군,51750253,상동읍,상동읍,강원특별자치도 영월군 상동읍 구래리 산 1-35,강원특별자치도 영월군 상동읍 구래로 233-10,128.84332178684,37.1458288816548
MA010120220804674126,섬지골돌집,,I2,음식,I201,한식,I20101,백반/한정식,영월군,51750253,상동읍,상동읍,강원특별자치도 영월군 상동읍 내덕리 502-3,강원특별자치도 영월군 상동읍 태백산로 2317-6,128.745179466155,37.1212055565204
MA010120220804674481,대성가스,,G2,소매,G214,연료 소매,G21403,가정용 연료 소매업,영월군,51750253,상동읍,상동읍,강원특별자치도 영월군 상동읍 내덕리 43-2,강원특별자치도 영월군 상동읍 태백산로 3173,128.825936091179,37.1257999745707
MA010120220804674645,상동공용버스정류장,,N1,시설관리·임대,N105,여행사·보조,N10599,기타 여행 보조/예약 서비스업,영월군,51750253,상동읍,상동읍,강원특별자치도 영월군 상동읍 구래리 98-6,강원특별자치도 영월군 상동읍 상동시장길 3,128.83604355788,37.1361937746697
MA010120220804675925,안동철물,,G2,소매,G210,철물·건설자재 소매,G21001,철물/공구 소매업,영월군,51750253,상동읍,상동읍,강원특별자치도 영월군 상동읍 구래리 98-34,강원특별자치도 영월군 상동읍 상동시장길 17,128.836607018215,37.1371580527957
MA010120220804676106,꼴뚜바위식당,,I2,음식,I201,한식,I20101,백반/한정식,영월군,51750253,상동읍,상동읍,강원특별자치도 영월군 상동읍 구래리 103-202,강원특별자치도 영월군 상동읍 상동시장길 33,128.837657689654,37.1382589228176
MA010120220804676344,상동카센타,,S2,수리·개인,S203,자동차 수리·세차,S20301,자동차 정비소,영월군,51750253,상동읍,상동읍,강원특별자치도 영월군 상동읍 내덕리 226-2,강원특별자치도 영월군 상동읍 태백산로 2623,128.778071096036,37.1175813843519
MA010120220804676351,상동슈펴,,G2,소매,G204,종합 소매,G20404,슈퍼마켓,영월군,51750253,상동읍,상동읍,강원특별자치도 영월군 상동읍 구래리 98-55,강원특별자치도 영월군 상동읍 상동시장길 25-1,128.837250682543,37.1377156638238
MA010120220804677114,매봉산산채식당,,I2,음식,I201,한식,I20101,백반/한정식,영월군,51750253,상동읍,상동읍,강원특별자치도 영월군 상동읍 내덕리 43-1,강원특별자치도 영월군 상동읍 태백산로 3175-8,128.826405457028,37.126135098429
MA010120220804677144,장산콘도,,I2,음식,I204,서양식,I20401,경양식,영월군,51750253,상동읍,상동읍,강원특별자치도 영월군 상동읍 구래리 1-1,강원특별자치도 영월군 상동읍 함백산로 426,128.883414917208,37.1405856190708
MA010120220804677312,성덕미니슈퍼,,G2,소매,G204,종합 소매,G20404,슈퍼마켓,영월군,51750253,상동읍,상동읍,강원특별자치도 영월군 상동읍 내덕리 245-1,강원특별자치도 영월군 상동읍 태백산로 2601-1,128.775630510645,37.1171314615856
MA010120220804677320,내덕상회,,G2,소매,G204,종합 소매,G20404,슈퍼마켓,영월군,51750253,상동읍,상동읍,강원특별자치도 영월군 상동읍 내덕리 246-4,강원특별자치도 영월군 상동읍 태백산로 2601,128.775705868732,37.1169861812687
MA010120220804677327,내덕콩마을식당,,I2,음식,I201,한식,I20101,백반/한정식,영월군,51750253,상동읍,상동읍,강원특별자치도 영월군 상동읍 내덕리 260,강원특별자치도 영월군 상동읍 태백산로 2601-17,128.775108353408,37.117896077507
MA010120220804677339,맷돌촌두부식당,,I2,음식,I201,한식,I20101,백반/한정식,영월군,51750253,상동읍,상동읍,강원특별자치도 영월군 상동읍 내덕리 244-1,강원특별자치도 영월군 상동읍 태백산로 2601-2,128.775961494502,37.1173337201604
MA010120220804677633,매봉산,,G2,소매,G204,종합 소매,G20404,슈퍼마켓,영월군,51750253,상동읍,상동읍,강원특별자치도 영월군 상동읍 내덕리 43-1,강원특별자치도 영월군 상동읍 태백산로 3175-8,128.826405457028,37.126135098429
MA010120220804677989,광신상회,,G2,소매,G204,종합 소매,G20404,슈퍼마켓,영월군,51750253,상동읍,상동읍,강원특별자치도 영월군 상동읍 내덕리 36-20,강원특별자치도 영월군 상동읍 태백산로 3227,128.829816004519,37.1294610030159
MA010120220804678645,상동건재철물설비,,G2,소매,G210,철물·건설자재 소매,G21001,철물/공구 소매업,영월군,51750253,상동읍,상동읍,강원특별자치도 영월군 상동읍 내덕리 656-6,강원특별자치도 영월군 상동읍 태백산로 3174-1,128.826236089097,37.125642192644
MA010120220804680143,강원하이랜드가든,,I2,음식,I201,한식,I20107,돼지고기 구이/찜,영월군,51750253,상동읍,상동읍,강원특별자치도 영월군 상동읍 천평리 173,강원특별자치도 영월군 상동읍 태백산로 3246,128.830754492233,37.1287167498277
MA010120220804693630,신우엠티에스,,N1,시설관리·임대,N104,고용 알선,N10403,상용 인력 공급 및 인사관리 서비스업,영월군,51750253,상동읍,상동읍,강원특별자치도 영월군 상동읍 구래리 114-6,강원특별자치도 영월군 상동읍 중석길 79-82,128.836318374942,37.148955753693
MA010120220804779779,우리머리방,,S2,수리·개인,S207,이용·미용,S20701,미용실,영월군,51750253,상동읍,상동읍,강원특별자치도 영월군 상동읍 내덕리 656-50,강원특별자치도 영월군 상동읍 태백산로 3164,128.824911503526,37.1253022213947
MA010120220804920965,섬지골캠핑장,,I1,숙박,I101,일반 숙박,I10104,캠핑/글램핑,영월군,51750253,상동읍,상동읍,강원특별자치도 영월군 상동읍 내덕리 산 78-2,강원특별자치도 영월군 상동읍 섬지골길 19,128.745171369567,37.1223228528681
MA010120220805670094,풍년고을,,I2,음식,I201,한식,I20101,백반/한정식,영월군,51750253,상동읍,상동읍,강원특별자치도 영월군 상동읍 천평리 331-3,강원특별자치도 영월군 상동읍 태백산로 2820-9,128.795146225377,37.1284145985788
MA010120220806912739,콩마을민박,,I1,숙박,I101,일반 숙박,I10103,펜션,영월군,51750253,상동읍,상동읍,강원특별자치도 영월군 상동읍 내덕리 246-8,강원특별자치도 영월군 상동읍 태백산로 2597,128.775178974012,37.1170661495705
MA010120220808241249,구래신재생에너지협동조합,,N1,시설관리·임대,N101,시설관리,N10101,사업시설 유지·관리 서비스업,영월군,51750253,상동읍,상동읍,강원특별자치도 영월군 상동읍 천평리 173,강원특별자치도 영월군 상동읍 태백산로 3246,128.830754492233,37.1287167498277
MA010120220808790682,상동이용원,,S2,수리·개인,S207,이용·미용,S20701,미용실,영월군,51750253,상동읍,상동읍,강원특별자치도 영월군 상동읍 구래리 102-58,강원특별자치도 영월군 상동읍 구래로 206-39,128.840020506457,37.143817056144
MA010120220810336236,치킨나라,,I2,음식,I210,기타 간이,I21006,치킨,영월군,51750253,상동읍,상동읍,강원특별자치도 영월군 상동읍 구래리 95-54,강원특별자치도 영월군 상동읍 구래로 61-1,128.835147830859,37.133585927722
MA010120220810403791,밭멍스테이,,I1,숙박,I101,일반 숙박,I10103,펜션,영월군,51750253,상동읍,상동읍,강원특별자치도 영월군 상동읍 내덕리 277,강원특별자치도 영월군 상동읍 태백산로 2498-9,128.764333486734,37.1170569092277
MA010120220810876730,달과별캠핑장,,I1,숙박,I101,일반 숙박,I10104,캠핑/글램핑,영월군,51750253,상동읍,상동읍,강원특별자치도 영월군 상동읍 덕구리 18,강원특별자치도 영월군 상동읍 덕구로 432-25,128.810859979465,37.0951379920089
MA010120220811232326,장수농장,,G2,소매,G205,식료품 소매,G20501,곡물/곡분 소매업,영월군,51750253,상동읍,상동읍,강원특별자치도 영월군 상동읍 내덕리 213,강원특별자치도 영월군 상동읍 태백산로 2601-16,128.775495361425,37.1180884888027
MA010120220811734280,밭멍,,R1,예술·스포츠,R104,유원지·오락,R10499,기타 오락관련 서비스업,영월군,51750253,상동읍,상동읍,강원특별자치도 영월군 상동읍 내덕리 277,강원특별자치도 영월군 상동읍 태백산로 2498-9,128.764333486734,37.1170569092277
MA010120220812444380,법인이었던,,R1,예술·스포츠,R104,유원지·오락,R10499,기타 오락관련 서비스업,영월군,51750253,상동읍,상동읍,강원특별자치도 영월군 상동읍 내덕리 306,강원특별자치도 영월군 상동읍 태백산로 2495-13,128.763817523381,37.1185781801973
MA010120220812560783,씨유영월,상동점,G2,소매,G204,종합 소매,G20405,편의점,영월군,51750253,상동읍,상동읍,강원특별자치도 영월군 상동읍 내덕리 656-48,강원특별자치도 영월군 상동읍 태백산로 3164-1,128.824990666877,37.1253190211407
MA010120220812584247,강원선바위협동조합,,G2,소매,G205,식료품 소매,G20505,수산물 소매업,영월군,51750253,상동읍,상동읍,강원특별자치도 영월군 상동읍 구래리 산 144-1,강원특별자치도 영월군 상동읍 선바위길 281,128.803142230777,37.155258307721
MA010120220813443746,선바우농장민박,,I1,숙박,I101,일반 숙박,I10103,펜션,영월군,51750253,상동읍,상동읍,강원특별자치도 영월군 상동읍 구래리 333,강원특별자치도 영월군 상동읍 선바위길 288-30,128.802473953446,37.1579262401418
MA0101202212A0065155,문바우민박,,I1,숙박,I101,일반 숙박,I10103,펜션,영월군,51750253,상동읍,상동읍,강원특별자치도 영월군 상동읍 내덕리 493-1,강원특별자치도 영월군 상동읍 섬지골길 20,128.745698054931,37.1227205235124
MA0101202310A0068019,여름주유소,,G2,소매,G214,연료 소매,G21401,주유소,영월군,51750253,상동읍,상동읍,강원특별자치도 영월군 상동읍 내덕리 502-1,강원특별자치도 영월군 상동읍 태백산로 2317-1,128.745185336191,37.120971223245
MA0101202406A0128887,생생산림문화연구소,,P1,교육,P106,기타 교육,P10605,레크리에이션 교육기관,영월군,51750253,상동읍,상동읍,강원특별자치도 영월군 상동읍 내덕리 256,강원특별자치도 영월군 상동읍 태백산로 2601-7,128.775356504043,37.1174418878062
MA0101202406A0287361,한결퇴비,,G2,소매,G221,기타 상품 소매,G22199,그 외 기타 상품 전문 소매업,영월군,51750253,상동읍,상동읍,강원특별자치도 영월군 상동읍 구래리 61,강원특별자치도 영월군 상동읍 구래로 429-17,128.86410681824,37.148503801874
MA0101202409A0103354,알몬티상동주유소,,G2,소매,G214,연료 소매,G21401,주유소,영월군,51750253,상동읍,상동읍,강원특별자치도 영월군 상동읍 내덕리 36-7,강원특별자치도 영월군 상동읍 태백산로 3234,128.830621942476,37.1292863876146
MA0101202410A0333194,강원연탄직매소,,G2,소매,G214,연료 소매,G21403,가정용 연료 소매업,영월군,51750253,상동읍,상동읍,강원특별자치도 영월군 상동읍 내덕리 14,강원특별자치도 영월군 상동읍 태백산로 3315-28,128.836113202732,37.1260391493546
MA0101202410A0343809,백민농장,,G2,소매,G205,식료품 소매,G20506,채소/과일 소매업,영월군,51750253,상동읍,상동읍,강원특별자치도 영월군 상동읍 구래리 101-3,강원특별자치도 영월군 상동읍 상동시장길 21-6,128.836842886695,37.1376048642579
MA0101202410A0344784,수연식육점,,G2,소매,G205,식료품 소매,G20503,정육점,영월군,51750253,상동읍,상동읍,강원특별자치도 영월군 상동읍 내덕리 260,강원특별자치도 영월군 상동읍 태백산로 2601-17,128.775108353408,37.117896077507
MA0101202411A0019835,번영,,I2,음식,I201,한식,I20101,백반/한정식,영월군,51750253,상동읍,상동읍,강원특별자치도 영월군 상동읍 구래리 103-48,강원특별자치도 영월군 상동읍 구래로 139-1,128.837947014034,37.1399842297323
MA0101202502A0100242,예담,,I2,음식,I201,한식,I20101,백반/한정식,영월군,51750253,상동읍,상동읍,강원특별자치도 영월군 상동읍 내덕리 47-10,강원특별자치도 영월군 상동읍 태백산로 3166-1,128.825318135197,37.1253680342607
MA0101202504A0095496,메이플,,G2,소매,G204,종합 소매,G20404,슈퍼마켓,영월군,51750253,상동읍,상동읍,강원특별자치도 영월군 상동읍 구래리 102-61,강원특별자치도 영월군 상동읍 구래로 206-31,128.840147528924,37.1439502235935
MA0106202201A1825631,카페반디,,I2,음식,I201,한식,I20101,백반/한정식,영월군,51750253,상동읍,상동읍,강원특별자치도 영월군 상동읍 내덕리 468,강원특별자치도 영월군 상동읍 섬지골길 113,128.742860581516,37.1304744061285
MA0106202508A1520533,다건강주식회사,,G2,소매,G212,기타 생활용품 소매,G21202,주방/가정용품 소매업,영월군,51750253,상동읍,상동읍,강원특별자치도 영월군 상동읍 내덕리 9-2,강원특별자치도 영월군 상동읍 태백산로 3433-8,128.842522964238,37.1189303861586
MA010120220800049839,진이농원,,G2,소매,G205,식료품 소매,G20509,반찬/식료품 소매업,영월군,51750250,영월읍,영월읍,강원특별자치도 영월군 영월읍 덕포리 951,강원특별자치도 영월군 영월읍 덕포우회길 329,128.476229613449,37.1691345644437
MA010120220800049973,불닭발초엽기떡볶이강원영월점,동대문,I2,음식,I210,기타 간이,I21007,김밥/만두/분식,영월군,51750250,영월읍,영월읍,강원특별자치도 영월군 영월읍 하송리 254-6,강원특별자치도 영월군 영월읍 중앙1로 31,128.465640557077,37.1839699474973
MA010120220800084509,강마루펜션,,I1,숙박,I101,일반 숙박,I10103,펜션,영월군,51750250,영월읍,영월읍,강원특별자치도 영월군 영월읍 방절리 238-43,강원특별자치도 영월군 영월읍 청령포로 109,128.449595191453,37.1787254843388
MA010120220800106139,컬러레시피네일,,S2,수리·개인,S207,이용·미용,S20703,네일숍,영월군,51750250,영월읍,영월읍,강원특별자치도 영월군 영월읍 하송리 113-6,강원특별자치도 영월군 영월읍 은행나무4길 4-6,128.464901990597,37.1795462881638
MA010120220800158334,스마트홈Hephaistor,,G2,소매,G204,종합 소매,G20499,그 외 기타 종합 소매업,영월군,51750250,영월읍,영월읍,강원특별자치도 영월군 영월읍 하송리 205-1,강원특별자치도 영월군 영월읍 하송로 68,128.462506741183,37.1820445542778
MA010120220800160185,동강솔펜션,,I1,숙박,I101,일반 숙박,I10103,펜션,영월군,51750250,영월읍,영월읍,강원특별자치도 영월군 영월읍 삼옥리 1577-7,강원특별자치도 영월군 영월읍 동강로 261,128.505937310125,37.2035561163412
MA010120220800225843,힐링테라피,,S2,수리·개인,S208,욕탕·신체관리,S20802,마사지/안마,영월군,51750250,영월읍,영월읍,강원특별자치도 영월군 영월읍 하송리 178-4,강원특별자치도 영월군 영월읍 분수대길 34,128.463282189966,37.1802150090518
MA010120220800292545,부뚜막초계국수,,I2,음식,I201,한식,I20105,국수/칼국수,영월군,51750250,영월읍,영월읍,강원특별자치도 영월군 영월읍 영흥리 771-3,강원특별자치도 영월군 영월읍 봉래산로 50-18,128.47391570686,37.1873720595845
MA010120220800373651,호박넝쿨,,I2,음식,I211,주점,I21104,요리 주점,영월군,51750250,영월읍,영월읍,강원특별자치도 영월군 영월읍 영흥리 947-3,강원특별자치도 영월군 영월읍 단종로9번길 13,128.46733361004,37.1841742316694
MA010120220800421501,정덕희헤어샵,,S2,수리·개인,S207,이용·미용,S20701,미용실,영월군,51750250,영월읍,영월읍,강원특별자치도 영월군 영월읍 하송리 16-2,강원특별자치도 영월군 영월읍 하송안길 80,128.467293351106,37.1820934801278
MA010120220800507193,해치,,G2,소매,G209,섬유·의복·신발 소매,G20905,기타 의류 소매업,영월군,51750250,영월읍,영월읍,강원특별자치도 영월군 영월읍 덕포리 574-19,강원특별자치도 영월군 영월읍 영월로 2062,128.476509443693,37.1800418764448
MA010120220800520119,한국레포츠,,R1,예술·스포츠,R104,유원지·오락,R10409,수상/해양 레저업,영월군,51750250,영월읍,영월읍,강원특별자치도 영월군 영월읍 삼옥리 70,강원특별자치도 영월군 영월읍 동강로 486,128.523068406008,37.2169686383171
MA010120220800638328,지에스25영월극동,,G2,소매,G204,종합 소매,G20405,편의점,영월군,51750250,영월읍,영월읍,강원특별자치도 영월군 영월읍 하송리 410-1,강원특별자치도 영월군 영월읍 하송로 146-7,128.456591004816,37.1771440544488
MA010120220800638646,한큐당구장,,R1,예술·스포츠,R103,스포츠 서비스,R10310,당구장,영월군,51750250,영월읍,영월읍,강원특별자치도 영월군 영월읍 하송리 382-2,강원특별자치도 영월군 영월읍 하송로 116,128.459049898498,37.1791229721772
MA010120220800653157,마녀의지팡이,,I2,음식,I212,비알코올 ,I21201,카페,영월군,51750250,영월읍,영월읍,강원특별자치도 영월군 영월읍 영흥리 959-29,강원특별자치도 영월군 영월읍 단종로15번길 4,128.468026876016,37.1850846356108
MA010120220800686610,모여라맛집,,I2,음식,I210,기타 간이,I21007,김밥/만두/분식,영월군,51750250,영월읍,영월읍,강원특별자치도 영월군 영월읍 하송리 11-1,강원특별자치도 영월군 영월읍 하송안길 89,128.467258079405,37.1825984625758
MA010120220800697662,영하우스,,I1,숙박,I101,일반 숙박,I10103,펜션,영월군,51750250,영월읍,영월읍,강원특별자치도 영월군 영월읍 방절리 479-5,강원특별자치도 영월군 영월읍 청령포로 219,128.440946588009,37.1828223251728
MA010120220800700416,동강래프팅연합협동조합,,R1,예술·스포츠,R104,유원지·오락,R10409,수상/해양 레저업,영월군,51750250,영월읍,영월읍,강원특별자치도 영월군 영월읍 삼옥리 546-1,강원특별자치도 영월군 영월읍 삼옥길 4,128.509108838413,37.2078403854199
MA010120220800760135,미래슈퍼,,G2,소매,G204,종합 소매,G20404,슈퍼마켓,영월군,51750250,영월읍,영월읍,강원특별자치도 영월군 영월읍 삼옥리 1612-12,강원특별자치도 영월군 영월읍 동강로 241,128.506362293391,37.2017037294554
MA010120220800825679,현대영수학원,,P1,교육,P105,일반 교육,P10501,입시·교과학원,영월군,51750250,영월읍,영월읍,강원특별자치도 영월군 영월읍 영흥리 947-5,강원특별자치도 영월군 영월읍 단종로33번길 45,128.467239711917,37.1839771804496
MA010120220800834031,동강메밀전,,I2,음식,I210,기타 간이,I21099,그 외 기타 간이 음식점,영월군,51750250,영월읍,영월읍,강원특별자치도 영월군 영월읍 영흥리 931,강원특별자치도 영월군 영월읍 제방안길 16,128.471624338755,37.1824542044388
MA010120220800856805,동강소리,,I2,음식,I201,한식,I20101,백반/한정식,영월군,51750250,영월읍,영월읍,강원특별자치도 영월군 영월읍 삼옥리 230,강원특별자치도 영월군 영월읍 섭새길 71-5,128.512628820022,37.2323737731502
MA010120220800926652,동강한반도래프팅,,R1,예술·스포츠,R104,유원지·오락,R10409,수상/해양 레저업,영월군,51750250,영월읍,영월읍,강원특별자치도 영월군 영월읍 삼옥리 237-1,강원특별자치도 영월군 영월읍 섭새길 51,128.510765971088,37.2321903355138
MA010120220800941483,설악추어탕대우식당,,I2,음식,I201,한식,I20102,국/탕/찌개류,영월군,51750250,영월읍,영월읍,강원특별자치도 영월군 영월읍 영흥리 959-50,강원특별자치도 영월군 영월읍 단종로33번길 15,128.467142014555,37.1853298513625
MA010120220800997109,꾸브라꼬숯불두마리치킨영월점,,I2,음식,I210,기타 간이,I21006,치킨,영월군,51750250,영월읍,영월읍,강원특별자치도 영월군 영월읍 하송리 543,강원특별자치도 영월군 영월읍 하송로 146-25,128.456126181963,37.1769785831564
MA010120220801139899,땅스부대찌개,,I2,음식,I201,한식,I20102,국/탕/찌개류,영월군,51750250,영월읍,영월읍,강원특별자치도 영월군 영월읍 하송리 5-27,강원특별자치도 영월군 영월읍 서부시장길 9,128.466287013024,37.1830429538264
MA010120220801141610,동강한우,,I2,음식,I201,한식,I20108,소고기 구이/찜,영월군,51750250,영월읍,영월읍,강원특별자치도 영월군 영월읍 하송리 7,강원특별자치도 영월군 영월읍 하송안길 65,128.466369697733,37.1820778878401
MA010120220801143956,하노이쌀국수그리고카레,,I2,음식,I205,동남아시아,I20501,베트남식 전문,영월군,51750250,영월읍,영월읍,강원특별자치도 영월군 영월읍 영흥리 966-11,강원특별자치도 영월군 영월읍 단종로16번길 19,128.469345123996,37.1851223499841
MA010120220801147589,화인패션,,G2,소매,G209,섬유·의복·신발 소매,G20905,기타 의류 소매업,영월군,51750250,영월읍,영월읍,강원특별자치도 영월군 영월읍 영흥리 943-2,강원특별자치도 영월군 영월읍 요리골목길 15,128.469113076542,37.1830259591269
MA010120220801191789,영월사랑공인중개사사무소,,L1,부동산,L102,부동산 서비스,L10203,부동산 중개/대리업,영월군,51750250,영월읍,영월읍,강원특별자치도 영월군 영월읍 영흥리 831-6,강원특별자치도 영월군 영월읍 영모전길 32,128.471346448275,37.1849623628782
MA010120220801232685,이달엔영월&꽃차죽,,G2,소매,G205,식료품 소매,G20509,반찬/식료품 소매업,영월군,51750250,영월읍,영월읍,강원특별자치도 영월군 영월읍 덕포리 951,강원특별자치도 영월군 영월읍 덕포우회길 329,128.476229613449,37.1691345644437
MA010120220801250106,강원아이엔씨,,N1,시설관리·임대,N101,시설관리,N10101,사업시설 유지·관리 서비스업,영월군,51750250,영월읍,영월읍,강원특별자치도 영월군 영월읍 영흥리 817,강원특별자치도 영월군 영월읍 영모전길 64-10,128.471427033682,37.1862137148272
MA010120220801254359,영월청정다슬기,,G2,소매,G205,식료품 소매,G20505,수산물 소매업,영월군,51750250,영월읍,영월읍,강원특별자치도 영월군 영월읍 덕포리 501-4,강원특별자치도 영월군 영월읍 영월로 2099-1,128.479843158262,37.1823878573458
MA010120220801336033,강가에하얀집펜션,,I1,숙박,I101,일반 숙박,I10103,펜션,영월군,51750250,영월읍,영월읍,강원특별자치도 영월군 영월읍 방절리 586-1,강원특별자치도 영월군 영월읍 선돌길 83-9,128.43475632688,37.1788160301287
MA010120220801547682,세종공인중개사사무소,,L1,부동산,L102,부동산 서비스,L10203,부동산 중개/대리업,영월군,51750250,영월읍,영월읍,강원특별자치도 영월군 영월읍 영흥리 901-15,강원특별자치도 영월군 영월읍 중앙로 88,128.47346541462,37.1833232825382
MA010120220801757736,동방모텔,,I1,숙박,I101,일반 숙박,I10102,여관/모텔,영월군,51750250,영월읍,영월읍,강원특별자치도 영월군 영월읍 영흥리 947-8,강원특별자치도 영월군 영월읍 단종로 3-1,128.467901665407,37.183851853057
MA010120220801762268,다슬기한마당,,I2,음식,I201,한식,I20101,백반/한정식,영월군,51750250,영월읍,영월읍,강원특별자치도 영월군 영월읍 덕포리 497-6,강원특별자치도 영월군 영월읍 영월로 2099-2,128.479912110465,37.1824590737867
MA010120220801810902,처갓집양념치킨영월점,,I2,음식,I210,기타 간이,I21006,치킨,영월군,51750250,영월읍,영월읍,강원특별자치도 영월군 영월읍 하송리 161-20,강원특별자치도 영월군 영월읍 은행나무5길 41,128.462646909825,37.1799705813686
MA010120220801910659,찬찬헤어,,S2,수리·개인,S207,이용·미용,S20701,미용실,영월군,51750250,영월읍,영월읍,강원특별자치도 영월군 영월읍 영흥리 928-9,강원특별자치도 영월군 영월읍 관풍헌길 26,128.470268091166,37.1827773761911
MA010120220801922656,만두가,,I2,음식,I210,기타 간이,I21099,그 외 기타 간이 음식점,영월군,51750250,영월읍,영월읍,강원특별자치도 영월군 영월읍 영흥리 947-36,강원특별자치도 영월군 영월읍 중앙로 28-1,128.466812539182,37.1834328764297
MA010120220801940565,종합써비스,코리아,M1,과학·기술,M113,사진 촬영,M11301,사진촬영업,영월군,51750250,영월읍,영월읍,강원특별자치도 영월군 영월읍 하송리 253-39,강원특별자치도 영월군 영월읍 중앙로 19,128.465950208449,37.1836778042113
MA010120220801963341,강변에살자,,I2,음식,I201,한식,I20101,백반/한정식,영월군,51750250,영월읍,영월읍,강원특별자치도 영월군 영월읍 삼옥리 1571-3,강원특별자치도 영월군 영월읍 둥글바위길 35,128.504114682925,37.2025251457194
MA010120220802003746,통나무래프팅,,R1,예술·스포츠,R104,유원지·오락,R10409,수상/해양 레저업,영월군,51750250,영월읍,영월읍,강원특별자치도 영월군 영월읍 삼옥리 1646-6,강원특별자치도 영월군 영월읍 동강로 100,128.501983511852,37.1916054269144
MA010120220802020592,엘지,,G2,소매,G209,섬유·의복·신발 소매,G20905,기타 의류 소매업,영월군,51750250,영월읍,영월읍,강원특별자치도 영월군 영월읍 영흥리 924-7,강원특별자치도 영월군 영월읍 제방안길 26,128.470775467497,37.1822304935611
MA010120220802241240,속골집,,I2,음식,I210,기타 간이,I21099,그 외 기타 간이 음식점,영월군,51750250,영월읍,영월읍,강원특별자치도 영월군 영월읍 영흥리 947-57,강원특별자치도 영월군 영월읍 중앙로 30-1,128.46675398491,37.1833164748125
MA010120220802268714,영양족발영월점,,I2,음식,I201,한식,I20103,족발/보쌈,영월군,51750250,영월읍,영월읍,강원특별자치도 영월군 영월읍 영흥리 971-2,강원특별자치도 영월군 영월읍 단종로16번길 28,128.469768568251,37.1848918534805
MA010120220802282702,장미분식,,I2,음식,I210,기타 간이,I21099,그 외 기타 간이 음식점,영월군,51750250,영월읍,영월읍,강원특별자치도 영월군 영월읍 영흥리 947-57,강원특별자치도 영월군 영월읍 중앙로 30-1,128.46675398491,37.1833164748125
MA010120220802295693,미샤영월점,,G2,소매,G215,의약·화장품 소매,G21503,화장품 소매업,영월군,51750250,영월읍,영월읍,강원특별자치도 영월군 영월읍 영흥리 947-34,강원특별자치도 영월군 영월읍 중앙로 26-2,128.466688876577,37.1834434173326
MA010120220802403109,새마을공인중개사사무소,,L1,부동산,L102,부동산 서비스,L10203,부동산 중개/대리업,영월군,51750250,영월읍,영월읍,강원특별자치도 영월군 영월읍 하송리 245-3,강원특별자치도 영월군 영월읍 하송로 45,128.463937123906,37.1838108160212
MA010120220802428982,장릉시골밥상,,I2,음식,I201,한식,I20101,백반/한정식,영월군,51750250,영월읍,영월읍,강원특별자치도 영월군 영월읍 영흥리 1096-1,강원특별자치도 영월군 영월읍 단종로 185,128.455489460143,37.194843732248
MA010120220802474827,마실,,I2,음식,I211,주점,I21101,일반 유흥 주점,영월군,51750250,영월읍,영월읍,강원특별자치도 영월군 영월읍 하송리 253-17,강원특별자치도 영월군 영월읍 중앙로 24,128.466384565066,37.1834291652136
MA010120220802487027,별애별빵1984,,I2,음식,I201,한식,I20101,백반/한정식,영월군,51750250,영월읍,영월읍,강원특별자치도 영월군 영월읍 덕포리 486-64,강원특별자치도 영월군 영월읍 영월로 2085,128.478599915115,37.1815744864809
MA010120220802530448,영월부동산공인중개사사무소,,L1,부동산,L102,부동산 서비스,L10203,부동산 중개/대리업,영월군,51750250,영월읍,영월읍,강원특별자치도 영월군 영월읍 영흥리 901-21,강원특별자치도 영월군 영월읍 중앙로 89-1,128.47385325792,37.1835797400017
MA010120220802740003,제이짐,,R1,예술·스포츠,R103,스포츠 서비스,R10307,헬스장,영월군,51750250,영월읍,영월읍,강원특별자치도 영월군 영월읍 하송리 373-7,강원특별자치도 영월군 영월읍 하송로 128,128.458058566122,37.1785135042326
MA010120220802742181,오느른네일,,S2,수리·개인,S207,이용·미용,S20703,네일숍,영월군,51750250,영월읍,영월읍,강원특별자치도 영월군 영월읍 하송리 394,강원특별자치도 영월군 영월읍 하송로 123-7,128.460036179118,37.1777143086681
MA010120220802834100,다모아판촉물,,G2,소매,G218,장식품 소매,G21802,기념품점,영월군,51750250,영월읍,영월읍,강원특별자치도 영월군 영월읍 팔괴리 1117-5,강원특별자치도 영월군 영월읍 팔괴로 82,128.459311986788,37.1675782364595
MA010120220802886244,도깨비산채농장,,G2,소매,G205,식료품 소매,G20509,반찬/식료품 소매업,영월군,51750250,영월읍,영월읍,강원특별자치도 영월군 영월읍 덕포리 951,강원특별자치도 영월군 영월읍 덕포우회길 329,128.476229613449,37.1691345644437
MA010120220802888636,바이크매니아영월점,,G2,소매,G213,오락용품 소매,G21305,자전거 소매업,영월군,51750250,영월읍,영월읍,강원특별자치도 영월군 영월읍 영흥리 954-9,강원특별자치도 영월군 영월읍 중앙1로 46,128.466036101214,37.1852083971723
MA010120220802918099,얀마농기계영월정선태백,대리점,G2,소매,G210,철물·건설자재 소매,G21001,철물/공구 소매업,영월군,51750250,영월읍,영월읍,강원특별자치도 영월군 영월읍 덕포리 689-2,강원특별자치도 영월군 영월읍 덕포하리6길 28,128.479527479666,37.1713999217908
MA010120220802920804,업소명없음,,G2,소매,G204,종합 소매,G20405,편의점,영월군,51750250,영월읍,영월읍,강원특별자치도 영월군 영월읍 영흥리 1096-4,강원특별자치도 영월군 영월읍 단종로 181-1,128.455817373665,37.1949117802835
MA010120220802924722,세렌디컴퍼니,,G2,소매,G209,섬유·의복·신발 소매,G20905,기타 의류 소매업,영월군,51750250,영월읍,영월읍,강원특별자치도 영월군 영월읍 영흥리 950-5,강원특별자치도 영월군 영월읍 단종로33번길 30,128.466698524146,37.1845244667581
MA010120220802927764,587카페,,I2,음식,I212,비알코올 ,I21201,카페,영월군,51750250,영월읍,영월읍,강원특별자치도 영월군 영월읍 삼옥리 587-2,강원특별자치도 영월군 영월읍 삼옥재길 625,128.506827044084,37.2069504535854
MA010120220802939896,영월돈가스,,I2,음식,I204,서양식,I20401,경양식,영월군,51750250,영월읍,영월읍,강원특별자치도 영월군 영월읍 하송리 178-27,강원특별자치도 영월군 영월읍 하송안길 1,128.463083242273,37.1809923047521
MA010120220802947063,리움헤어,,S2,수리·개인,S207,이용·미용,S20701,미용실,영월군,51750250,영월읍,영월읍,강원특별자치도 영월군 영월읍 영흥리 947-11,강원특별자치도 영월군 영월읍 중앙로 37,128.467908913169,37.1836445392343
MA010120220802974091,영월명당복권,,R1,예술·스포츠,R104,유원지·오락,R10410,복권 발행/판매업,영월군,51750250,영월읍,영월읍,강원특별자치도 영월군 영월읍 덕포리 574-25,강원특별자치도 영월군 영월읍 중앙로 124,128.47612434006,37.1810827952046
MA010120220802976843,동강나루,,I1,숙박,I101,일반 숙박,I10103,펜션,영월군,51750250,영월읍,영월읍,강원특별자치도 영월군 영월읍 삼옥리 203,강원특별자치도 영월군 영월읍 섭새길 85-2,128.514729953462,37.2320766234416
MA010120220802991413,검찰청구내식당,,I2,음식,I207,구내식당·뷔페,I20701,구내식당,영월군,51750250,영월읍,영월읍,강원특별자치도 영월군 영월읍 영흥리 876,강원특별자치도 영월군 영월읍 영월향교1길 53,128.473333125238,37.186946840086
MA010120220802997592,미엘,,G2,소매,G215,의약·화장품 소매,G21503,화장품 소매업,영월군,51750250,영월읍,영월읍,강원특별자치도 영월군 영월읍 하송리 178-2,강원특별자치도 영월군 영월읍 분수대길 24,128.463014096605,37.1803264372609
MA010120220803018070,H골프마켓,,G2,소매,G213,오락용품 소매,G21304,운동용품 소매업,영월군,51750250,영월읍,영월읍,강원특별자치도 영월군 영월읍 하송리 81-59,강원특별자치도 영월군 영월읍 제방안길 140,128.462805769834,37.1747790013895
MA010120220803029409,엘리제,,I2,음식,I212,비알코올 ,I21201,카페,영월군,51750250,영월읍,영월읍,강원특별자치도 영월군 영월읍 영흥리 947-23,강원특별자치도 영월군 영월읍 단종로33번길 48,128.466843766371,37.183882976808
MA010120220803051542,아이진민박,,I1,숙박,I101,일반 숙박,I10103,펜션,영월군,51750250,영월읍,영월읍,강원특별자치도 영월군 영월읍 삼옥리 213-9,강원특별자치도 영월군 영월읍 섭새길 82,128.514089572243,37.2316073042218
MA010120220803061040,명성노래연습장,,R1,예술·스포츠,R104,유원지·오락,R10407,노래방,영월군,51750250,영월읍,영월읍,강원특별자치도 영월군 영월읍 영흥리 845-6,강원특별자치도 영월군 영월읍 봉래산로 7-8,128.471930257644,37.1837117667361
MA010120220803066600,펀&FUN수학학원,,P1,교육,P105,일반 교육,P10501,입시·교과학원,영월군,51750250,영월읍,영월읍,강원특별자치도 영월군 영월읍 영흥리 975-3,강원특별자치도 영월군 영월읍 단종로 10,128.468395349947,37.1843412701415
MA010120220803077730,싸이노래연습장,,R1,예술·스포츠,R104,유원지·오락,R10407,노래방,영월군,51750250,영월읍,영월읍,강원특별자치도 영월군 영월읍 하송리 409-5,강원특별자치도 영월군 영월읍 하송로 154,128.456680728259,37.1765392972092
MA010120220803105658,한상가득,,I2,음식,I201,한식,I20101,백반/한정식,영월군,51750250,영월읍,영월읍,강원특별자치도 영월군 영월읍 영흥리 983-3,강원특별자치도 영월군 영월읍 관풍헌길 59,128.470071396929,37.1842484045055
MA010120220803151376,투제이모터스,,S2,수리·개인,S203,자동차 수리·세차,S20301,자동차 정비소,영월군,51750250,영월읍,영월읍,강원특별자치도 영월군 영월읍 덕포리 575-3,강원특별자치도 영월군 영월읍 덕포우회길 38,128.474748266861,37.1792259086298
MA010120220803152662,달빛공방,,P1,교육,P106,기타 교육,P10625,기타 기술/직업 훈련학원,영월군,51750250,영월읍,영월읍,강원특별자치도 영월군 영월읍 영흥리 906-3,강원특별자치도 영월군 영월읍 중앙로 76-5,128.472258726663,37.1832301689059
MA010120220803158609,청호정펜션,,I1,숙박,I101,일반 숙박,I10103,펜션,영월군,51750250,영월읍,영월읍,강원특별자치도 영월군 영월읍 방절리 676-2,강원특별자치도 영월군 영월읍 선돌길 249,128.429520689058,37.191970531867
MA010120220803200377,토프레소영월점,,I2,음식,I212,비알코올 ,I21201,카페,영월군,51750250,영월읍,영월읍,강원특별자치도 영월군 영월읍 하송리 168-1,강원특별자치도 영월군 영월읍 하송로 103-7,128.461165053205,37.1790338343078
MA010120220803204807,집앞아이스크림할인점,,G2,소매,G204,종합 소매,G20404,슈퍼마켓,영월군,51750250,영월읍,영월읍,강원특별자치도 영월군 영월읍 하송리 253-18,강원특별자치도 영월군 영월읍 중앙로 13-1,128.465241480666,37.1837136018496
MA010120220803245256,영월탄광촌,,I2,음식,I201,한식,I20107,돼지고기 구이/찜,영월군,51750250,영월읍,영월읍,강원특별자치도 영월군 영월읍 영흥리 1097-4,강원특별자치도 영월군 영월읍 단종로 171-1,128.456793500924,37.1947195841635
MA010120220803245537,청령포찻집,,I2,음식,I212,비알코올 ,I21201,카페,영월군,51750250,영월읍,영월읍,강원특별자치도 영월군 영월읍 방절리 512-17,강원특별자치도 영월군 영월읍 청령포로 179,128.442288905777,37.1793912866181
MA010120220803245684,엄지공인중개사사무소,,L1,부동산,L102,부동산 서비스,L10203,부동산 중개/대리업,영월군,51750250,영월읍,영월읍,강원특별자치도 영월군 영월읍 영흥리 991-1,강원특별자치도 영월군 영월읍 단종로16번길 37,128.470531070063,37.185305847877
MA010120220803246999,강마루,,G2,소매,G204,종합 소매,G20404,슈퍼마켓,영월군,51750250,영월읍,영월읍,강원특별자치도 영월군 영월읍 방절리 238-43,강원특별자치도 영월군 영월읍 청령포로 109,128.449595191453,37.1787254843388
MA010120220803263023,산새소리물새소리,,I1,숙박,I101,일반 숙박,I10103,펜션,영월군,51750250,영월읍,영월읍,강원특별자치도 영월군 영월읍 문산리 624-4,강원특별자치도 영월군 영월읍 동강로 1421,128.520949145082,37.2718462874665
MA010120220803264885,거구갈비,,I2,음식,I201,한식,I20107,돼지고기 구이/찜,영월군,51750250,영월읍,영월읍,강원특별자치도 영월군 영월읍 영흥리 987-2,강원특별자치도 영월군 영월읍 영모전길 11,128.471068815223,37.184001769309
MA010120220803275537,서강맛집26호,,I2,음식,I201,한식,I20101,백반/한정식,영월군,51750250,영월읍,영월읍,강원특별자치도 영월군 영월읍 영흥리 947-40,강원특별자치도 영월군 영월읍 서부시장길 15-30,128.466991097239,37.1833495776674
MA010120220803292237,동아서점,,N1,시설관리·임대,N108,기타 사업 서비스,N10805,포장/충전업,영월군,51750250,영월읍,영월읍,강원특별자치도 영월군 영월읍 영흥리 979-2,강원특별자치도 영월군 영월읍 중앙로 55,128.469867789664,37.1836202494727
MA010120220803296274,살롱드림,,I2,음식,I204,서양식,I20401,경양식,영월군,51750250,영월읍,영월읍,강원특별자치도 영월군 영월읍 영흥리 858-1,강원특별자치도 영월군 영월읍 봉래산로 4,128.472789532015,37.1838902910866
MA010120220803321311,푸주촌,,I2,음식,I201,한식,I20101,백반/한정식,영월군,51750250,영월읍,영월읍,강원특별자치도 영월군 영월읍 영흥리 983-3,강원특별자치도 영월군 영월읍 관풍헌길 59,128.470071396929,37.1842484045055
MA010120220803324671,속골집,1호점,G2,소매,G205,식료품 소매,G20501,곡물/곡분 소매업,영월군,51750250,영월읍,영월읍,강원특별자치도 영월군 영월읍 영흥리 337-36,강원특별자치도 영월군 영월읍 봉래산로 100,128.474076997303,37.1916136329045
MA010120220803339552,합자회사무궁화관광여행사,,N1,시설관리·임대,N105,여행사·보조,N10501,여행사,영월군,51750250,영월읍,영월읍,강원특별자치도 영월군 영월읍 덕포리 575-3,강원특별자치도 영월군 영월읍 덕포우회길 38,128.474748266861,37.1792259086298
MA010120220803352083,이가닭강정,,I2,음식,I210,기타 간이,I21006,치킨,영월군,51750250,영월읍,영월읍,강원특별자치도 영월군 영월읍 덕포리 502-85,강원특별자치도 영월군 영월읍 영월로 2105-1,128.480424684392,37.1827589999275
MA010120220803353696,대형카타이어,,S2,수리·개인,S204,모터사이클 수리,S20401,모터사이클 수리업,영월군,51750250,영월읍,영월읍,강원특별자치도 영월군 영월읍 하송리 81-216,강원특별자치도 영월군 영월읍 제방안길 198,128.456596294478,37.1733148396571
MA010120220803357076,영동설비,,N1,시설관리·임대,N102,청소·방제,N10202,"산업설비, 운송장비 및 공공장소 청소업",영월군,51750250,영월읍,영월읍,강원특별자치도 영월군 영월읍 영흥리 1007-2,강원특별자치도 영월군 영월읍 관풍헌길 112-9,128.470728418955,37.1867719843646
MA010120220803367222,꿀닭,,I2,음식,I210,기타 간이,I21006,치킨,영월군,51750250,영월읍,영월읍,강원특별자치도 영월군 영월읍 영흥리 943-5,강원특별자치도 영월군 영월읍 하송안길 116,128.469081396969,37.1831344688738
MA010120220803377179,오뎅이모네,,I2,음식,I210,기타 간이,I21007,김밥/만두/분식,영월군,51750250,영월읍,영월읍,강원특별자치도 영월군 영월읍 영흥리 943-5,강원특별자치도 영월군 영월읍 하송안길 116,128.469081396969,37.1831344688738
MA010120220803395679,연길뀀점,,I2,음식,I202,중식,I20201,중국집,영월군,51750250,영월읍,영월읍,강원특별자치도 영월군 영월읍 영흥리 990-1,강원특별자치도 영월군 영월읍 관풍헌길 62-9,128.470774982944,37.1845279825163
MA010120220803397793,브라이오,,M1,과학·기술,M107,본사·경영 컨설팅,M10703,경영 컨설팅업,영월군,51750250,영월읍,영월읍,강원특별자치도 영월군 영월읍 팔괴리 1127,강원특별자치도 영월군 영월읍 팔괴로 32-7,128.455557558291,37.1696426099893
MA010120220803408876,삼총사닭갈비,,I2,음식,I201,한식,I20110,닭/오리고기 구이/찜,영월군,51750250,영월읍,영월읍,강원특별자치도 영월군 영월읍 하송리 253-19,강원특별자치도 영월군 영월읍 중앙1로 22-1,128.466052688012,37.1831539709346
MA010120220803426040,여행자의노래,,I1,숙박,I101,일반 숙박,I10103,펜션,영월군,51750250,영월읍,영월읍,강원특별자치도 영월군 영월읍 영흥리 1061-1,강원특별자치도 영월군 영월읍 단종로 70,128.464678816229,37.1883966151356
MA010120220803427166,미란칼국수,,I2,음식,I201,한식,I20105,국수/칼국수,영월군,51750250,영월읍,영월읍,강원특별자치도 영월군 영월읍 영흥리 1069-5,강원특별자치도 영월군 영월읍 단종로15번길 48,128.465493794626,37.1851160003434
MA010120220803442763,동굴민박,,I1,숙박,I101,일반 숙박,I10103,펜션,영월군,51750250,영월읍,영월읍,강원특별자치도 영월군 영월읍 삼옥리 300-1,강원특별자치도 영월군 영월읍 동강로 630,128.510559355938,37.2223995033474
MA010120220803446407,봉래집,,I2,음식,I210,기타 간이,I21099,그 외 기타 간이 음식점,영월군,51750250,영월읍,영월읍,강원특별자치도 영월군 영월읍 영흥리 947-57,강원특별자치도 영월군 영월읍 중앙로 30-1,128.46675398491,37.1833164748125
MA010120220803447854,공간건축인테리어,,M1,과학·기술,M112,전문 디자인,M11201,인테리어 디자인업,영월군,51750250,영월읍,영월읍,강원특별자치도 영월군 영월읍 하송리 178-1,강원특별자치도 영월군 영월읍 하송안길 7,128.463457000855,37.1811048147847
MA010120220803451107,더고,,M1,과학·기술,M107,본사·경영 컨설팅,M10703,경영 컨설팅업,영월군,51750250,영월읍,영월읍,강원특별자치도 영월군 영월읍 흥월리 698-3,강원특별자치도 영월군 영월읍 점골길 75,128.458227600995,37.1333994060097
MA010120220803478086,아이웰슬로우슬로우,,I2,음식,I212,비알코올 ,I21201,카페,영월군,51750250,영월읍,영월읍,강원특별자치도 영월군 영월읍 하송리 40-3,강원특별자치도 영월군 영월읍 은행나무길 3,128.466192873529,37.1805033711293
MA010120220803553799,대일지업사,,G2,소매,G210,철물·건설자재 소매,G21002,벽지/장판/마루 소매업,영월군,51750250,영월읍,영월읍,강원특별자치도 영월군 영월읍 영흥리 964-8,강원특별자치도 영월군 영월읍 단종로 18,128.468411047809,37.185151951943
MA010120220803556915,이스턴매점,,G2,소매,G204,종합 소매,G20404,슈퍼마켓,영월군,51750250,영월읍,영월읍,강원특별자치도 영월군 영월읍 삼옥리 907,강원특별자치도 영월군 영월읍 동강로 758,128.50474381448,37.2296632383569
MA010120220803560285,영월농협주유소청령포점,,G2,소매,G214,연료 소매,G21401,주유소,영월군,51750250,영월읍,영월읍,강원특별자치도 영월군 영월읍 하송리 280-2,강원특별자치도 영월군 영월읍 영월로 1850,128.457034733105,37.1861753816299
MA010120220803570556,대박집,,I2,음식,I210,기타 간이,I21099,그 외 기타 간이 음식점,영월군,51750250,영월읍,영월읍,강원특별자치도 영월군 영월읍 영흥리 947-57,강원특별자치도 영월군 영월읍 중앙로 30-1,128.46675398491,37.1833164748125
MA010120220803582557,조춘식동태탕,,I2,음식,I201,한식,I20102,국/탕/찌개류,영월군,51750250,영월읍,영월읍,강원특별자치도 영월군 영월읍 하송리 178-2,강원특별자치도 영월군 영월읍 분수대길 24,128.463014096605,37.1803264372609
MA010120220803583874,블루피치,,G2,소매,G205,식료품 소매,G20508,건강보조식품 소매업,영월군,51750250,영월읍,영월읍,강원특별자치도 영월군 영월읍 연하리 947-7,강원특별자치도 영월군 영월읍 남중골길 14,128.53919636539,37.1807125457053
MA010120220803592231,동강숯불장어촌,,I2,음식,I201,한식,I20112,해산물 구이/찜,영월군,51750250,영월읍,영월읍,강원특별자치도 영월군 영월읍 연하리 824-2,강원특별자치도 영월군 영월읍 영월로 2375-8,128.505495974383,37.1824700551253
MA010120220803701528,장릉청솔식당,,I2,음식,I201,한식,I20101,백반/한정식,영월군,51750250,영월읍,영월읍,강원특별자치도 영월군 영월읍 영흥리 1104-1,강원특별자치도 영월군 영월읍 보덕사길 7,128.455613818272,37.1954548661697
MA010120220803706540,우먼로드,,G2,소매,G209,섬유·의복·신발 소매,G20906,침구류/커튼 소매업,영월군,51750250,영월읍,영월읍,강원특별자치도 영월군 영월읍 하송리 11-1,강원특별자치도 영월군 영월읍 하송안길 89,128.467258079405,37.1825984625758
MA010120220803717110,60계치킨영월점,,I2,음식,I210,기타 간이,I21006,치킨,영월군,51750250,영월읍,영월읍,강원특별자치도 영월군 영월읍 영흥리 941-3,강원특별자치도 영월군 영월읍 관풍헌길 35,128.470027927938,37.1831677754597
MA010120220803817622,진마루영월점,,I2,음식,I201,한식,I20111,횟집,영월군,51750250,영월읍,영월읍,강원특별자치도 영월군 영월읍 덕포리 486-33,강원특별자치도 영월군 영월읍 덕포시장길 23,128.477381263471,37.1820221580852
MA010120220803831853,한성인테리어,,M1,과학·기술,M112,전문 디자인,M11201,인테리어 디자인업,영월군,51750250,영월읍,영월읍,강원특별자치도 영월군 영월읍 연하리 273-2,강원특별자치도 영월군 영월읍 영월로 3123-33,128.561459931078,37.1939536391725
MA010120220803859862,영월능이백숙,,I2,음식,I201,한식,I20110,닭/오리고기 구이/찜,영월군,51750250,영월읍,영월읍,강원특별자치도 영월군 영월읍 영흥리 954-10,강원특별자치도 영월군 영월읍 중앙1로 48,128.465972557371,37.1854164075793
MA010120220803867253,호텔어라연,,I1,숙박,I101,일반 숙박,I10102,여관/모텔,영월군,51750250,영월읍,영월읍,강원특별자치도 영월군 영월읍 하송리 180-12,강원특별자치도 영월군 영월읍 은행나무4길 20-3,128.464466480921,37.1803175013913
MA010120220803876241,용우동,,I2,음식,I210,기타 간이,I21007,김밥/만두/분식,영월군,51750250,영월읍,영월읍,강원특별자치도 영월군 영월읍 하송리 253-38,강원특별자치도 영월군 영월읍 중앙1로 22,128.465928503378,37.1831374882731
MA010120220803878261,동강먹골마을협동조합,,N1,시설관리·임대,N103,조경·유지,N10301,조경 유지·관리 서비스업,영월군,51750250,영월읍,영월읍,강원특별자치도 영월군 영월읍 삼옥리 334-2,강원특별자치도 영월군 영월읍 동강로 598-4,128.514148154942,37.2227050439896
MA010120220804054886,맵원,코리아,M1,과학·기술,M105,광고,M10504,광고물 설계/제작업,영월군,51750250,영월읍,영월읍,강원특별자치도 영월군 영월읍 하송리 184-122,강원특별자치도 영월군 영월읍 하송안길 44,128.465432816723,37.1813777113377
MA010120220804056813,씨엔에스뮤직사회적협동조합,,N1,시설관리·임대,N108,기타 사업 서비스,N10802,전시/컨벤션/행사 대행 서비스업,영월군,51750250,영월읍,영월읍,강원특별자치도 영월군 영월읍 영흥리 977,강원특별자치도 영월군 영월읍 단종로 4-1,128.468509420083,37.1838353107444
MA010120220804123066,진헤어,,S2,수리·개인,S207,이용·미용,S20701,미용실,영월군,51750250,영월읍,영월읍,강원특별자치도 영월군 영월읍 하송리 197,강원특별자치도 영월군 영월읍 중앙로 4,128.464097728904,37.1822141063087
MA010120220804125708,꿈꾸는다래농원,,G2,소매,G205,식료품 소매,G20509,반찬/식료품 소매업,영월군,51750250,영월읍,영월읍,강원특별자치도 영월군 영월읍 덕포리 951,강원특별자치도 영월군 영월읍 덕포우회길 329,128.476229613449,37.1691345644437
MA010120220804159615,우리동네특산물,,G2,소매,G205,식료품 소매,G20506,채소/과일 소매업,영월군,51750250,영월읍,영월읍,강원특별자치도 영월군 영월읍 영흥리 940-8,강원특별자치도 영월군 영월읍 중앙로 50,128.469356471689,37.1833833299238
MA010120220804160234,영월농수산물판매,,G2,소매,G205,식료품 소매,G20505,수산물 소매업,영월군,51750250,영월읍,영월읍,강원특별자치도 영월군 영월읍 방절리 233-2,강원특별자치도 영월군 영월읍 청령포로 103,128.449935772226,37.1794601171911
MA010120220804164626,변호사정용상사무소,,M1,과학·기술,M103,법무관련 ,M10301,변호사,영월군,51750250,영월읍,영월읍,강원특별자치도 영월군 영월읍 영흥리 863,강원특별자치도 영월군 영월읍 영월향교1길 9,128.472523125681,37.1846684400771
MA010120220804286832,동강낚시,,G2,소매,G213,오락용품 소매,G21306,장난감 소매업,영월군,51750250,영월읍,영월읍,강원특별자치도 영월군 영월읍 덕포리 574-205,강원특별자치도 영월군 영월읍 덕포우회길 8,128.475626989771,37.1798276284494
MA010120220804293430,가이아산업개발주,,L1,부동산,L102,부동산 서비스,L10203,부동산 중개/대리업,영월군,51750250,영월읍,영월읍,강원특별자치도 영월군 영월읍 덕포리 502-60,강원특별자치도 영월군 영월읍 덕포시장길 77,128.479917375656,37.1833059224093
MA010120220804332799,"법무사,행정사남호원사무소",,M1,과학·기술,M103,법무관련 ,M10303,법무사,영월군,51750250,영월읍,영월읍,강원특별자치도 영월군 영월읍 영흥리 859-16,강원특별자치도 영월군 영월읍 봉래산로 16,128.472141051519,37.1847092278312
MA010120220804383164,위치스,,I2,음식,I211,주점,I21104,요리 주점,영월군,51750250,영월읍,영월읍,강원특별자치도 영월군 영월읍 영흥리 947-27,강원특별자치도 영월군 영월읍 중앙로 25-1,128.466558136689,37.1836702795177
MA010120220804383689,동강무역,,G2,소매,G218,장식품 소매,G21802,기념품점,영월군,51750250,영월읍,영월읍,강원특별자치도 영월군 영월읍 연하리 821-1,강원특별자치도 영월군 영월읍 영월로 2369,128.504809435799,37.1807849543453
MA010120220804399616,도깨비맛집,,I2,음식,I210,기타 간이,I21099,그 외 기타 간이 음식점,영월군,51750250,영월읍,영월읍,강원특별자치도 영월군 영월읍 영흥리 947-57,강원특별자치도 영월군 영월읍 중앙로 30-1,128.46675398491,37.1833164748125
MA010120220804409710,신나라,,G2,소매,G209,섬유·의복·신발 소매,G20910,신발 소매업,영월군,51750250,영월읍,영월읍,강원특별자치도 영월군 영월읍 하송리 11-1,강원특별자치도 영월군 영월읍 하송안길 89,128.467258079405,37.1825984625758
MA010120220804440507,강산회관,,I2,음식,I201,한식,I20101,백반/한정식,영월군,51750250,영월읍,영월읍,강원특별자치도 영월군 영월읍 영흥리 943-2,강원특별자치도 영월군 영월읍 요리골목길 15,128.469113076542,37.1830259591269
MA010120220804529354,어라연공인중개사사무소,,L1,부동산,L102,부동산 서비스,L10203,부동산 중개/대리업,영월군,51750250,영월읍,영월읍,강원특별자치도 영월군 영월읍 하송리 182-1,강원특별자치도 영월군 영월읍 은행나무길 22,128.464758652488,37.1802868599319
MA010120220804543060,원주슈퍼,,G2,소매,G204,종합 소매,G20404,슈퍼마켓,영월군,51750250,영월읍,영월읍,강원특별자치도 영월군 영월읍 영흥리 984-16,강원특별자치도 영월군 영월읍 중앙로 59,128.470341320145,37.1836504118545
MA010120220804543072,영월의료원구내매점,,G2,소매,G204,종합 소매,G20404,슈퍼마켓,영월군,51750250,영월읍,영월읍,강원특별자치도 영월군 영월읍 영흥리 1072,강원특별자치도 영월군 영월읍 중앙1로 59,128.465700563023,37.1864919322442
MA010120220804557279,한큐당구장,,R1,예술·스포츠,R103,스포츠 서비스,R10310,당구장,영월군,51750250,영월읍,영월읍,강원특별자치도 영월군 영월읍 하송리 382-2,강원특별자치도 영월군 영월읍 하송로 116,128.459049898498,37.1791229721772
MA010120220804562708,양지약국,,G2,소매,G215,의약·화장품 소매,G21501,약국,영월군,51750250,영월읍,영월읍,강원특별자치도 영월군 영월읍 영흥리 955-6,강원특별자치도 영월군 영월읍 중앙1로 51,128.465674853858,37.1857444420353
MA010120220804581673,영월본가,,I2,음식,I201,한식,I20107,돼지고기 구이/찜,영월군,51750250,영월읍,영월읍,강원특별자치도 영월군 영월읍 하송리 161-11,강원특별자치도 영월군 영월읍 은행나무5길 25,128.462984769411,37.1793897853848
MA010120220804589054,평양정육,,G2,소매,G205,식료품 소매,G20503,정육점,영월군,51750250,영월읍,영월읍,강원특별자치도 영월군 영월읍 하송리 3-1,강원특별자치도 영월군 영월읍 중앙1로 22-7,128.466359785076,37.1833123453101
MA010120220804612624,꿈꾸는강,,I1,숙박,I101,일반 숙박,I10103,펜션,영월군,51750250,영월읍,영월읍,강원특별자치도 영월군 영월읍 문산리 420,강원특별자치도 영월군 영월읍 동강로 1513,128.529239202213,37.273153965123
MA010120220804617862,광성약국,,G2,소매,G215,의약·화장품 소매,G21501,약국,영월군,51750250,영월읍,영월읍,강원특별자치도 영월군 영월읍 하송리 252-8,강원특별자치도 영월군 영월읍 중앙로 12,128.464888308535,37.1835017358929
MA010120220804618669,상동막국수,,I2,음식,I201,한식,I20105,국수/칼국수,영월군,51750250,영월읍,영월읍,강원특별자치도 영월군 영월읍 하송리 184-9,강원특별자치도 영월군 영월읍 은행나무길 6,128.465553809014,37.180646425119
MA010120220804630359,수작을부리다,,G2,소매,G209,섬유·의복·신발 소매,G20906,침구류/커튼 소매업,영월군,51750250,영월읍,영월읍,강원특별자치도 영월군 영월읍 하송리 11-1,강원특별자치도 영월군 영월읍 하송안길 89,128.467258079405,37.1825984625758
MA010120220804632041,법무사전윤재사무소,,M1,과학·기술,M103,법무관련 ,M10303,법무사,영월군,51750250,영월읍,영월읍,강원특별자치도 영월군 영월읍 영흥리 859-25,강원특별자치도 영월군 영월읍 봉래산로 16,128.472141051519,37.1847092278312
MA010120220804632853,영월부동산114공인중개사사무소,,L1,부동산,L102,부동산 서비스,L10203,부동산 중개/대리업,영월군,51750250,영월읍,영월읍,강원특별자치도 영월군 영월읍 하송리 170-2,강원특별자치도 영월군 영월읍 하송로 108,128.459935422339,37.1794994820134
MA010120220804649215,마미팜,,G2,소매,G205,식료품 소매,G20506,채소/과일 소매업,영월군,51750250,영월읍,영월읍,강원특별자치도 영월군 영월읍 연하리 942-2,강원특별자치도 영월군 영월읍 신촌길 24,128.53941393422,37.1836648875793
MA010120220804652785,카페능마을,,I2,음식,I212,비알코올 ,I21201,카페,영월군,51750250,영월읍,영월읍,강원특별자치도 영월군 영월읍 영흥리 1104-1,강원특별자치도 영월군 영월읍 보덕사길 7,128.455613818272,37.1954548661697
MA010120220804654189,황가네숯불꾸이꾸이,,I2,음식,I201,한식,I20107,돼지고기 구이/찜,영월군,51750250,영월읍,영월읍,강원특별자치도 영월군 영월읍 영흥리 904-1,강원특별자치도 영월군 영월읍 중앙로 84,128.473047824639,37.183274417571
MA010120220804655918,헤어갤러리,,S2,수리·개인,S207,이용·미용,S20701,미용실,영월군,51750250,영월읍,영월읍,강원특별자치도 영월군 영월읍 하송리 253-15,강원특별자치도 영월군 영월읍 중앙1로 26,128.46589977912,37.1833991262592
MA010120220804666375,동강주민,,N1,시설관리·임대,N102,청소·방제,N10201,건축물 일반 청소업,영월군,51750250,영월읍,영월읍,강원특별자치도 영월군 영월읍 영흥리 1000-10,강원특별자치도 영월군 영월읍 영모전길 57,128.47072692363,37.1861142924427
MA010120220804673639,가야미용실,,S2,수리·개인,S207,이용·미용,S20701,미용실,영월군,51750250,영월읍,영월읍,강원특별자치도 영월군 영월읍 영흥리 940-15,강원특별자치도 영월군 영월읍 하송안길 124-1,128.469243543946,37.1833667111219
MA010120220804673642,회춘당한약방,,G2,소매,G205,식료품 소매,G20508,건강보조식품 소매업,영월군,51750250,영월읍,영월읍,강원특별자치도 영월군 영월읍 영흥리 1,강원특별자치도 영월군 영월읍 동강로 167,128.50458686741,37.1979422330141
MA010120220804673645,태양전파사,,S2,수리·개인,S205,가전제품 수리,S20501,가전제품 수리업,영월군,51750250,영월읍,영월읍,강원특별자치도 영월군 영월읍 영흥리 1,강원특별자치도 영월군 영월읍 동강로 167,128.50458686741,37.1979422330141
MA010120220804673648,퀸사우나,,S2,수리·개인,S208,욕탕·신체관리,S20801,목욕탕/사우나,영월군,51750250,영월읍,영월읍,강원특별자치도 영월군 영월읍 영흥리 987-1,강원특별자치도 영월군 영월읍 영모전길 15-1,128.470857359978,37.1841305313387
MA010120220804673650,명금당,,G2,소매,G217,시계·귀금속 소매,G21701,시계/귀금속 소매업,영월군,51750250,영월읍,영월읍,강원특별자치도 영월군 영월읍 하송리 2-3,강원특별자치도 영월군 영월읍 중앙로 23,128.466344236038,37.1836729274506
MA010120220804673651,아름미용실,,S2,수리·개인,S207,이용·미용,S20701,미용실,영월군,51750250,영월읍,영월읍,강원특별자치도 영월군 영월읍 하송리 5-11,강원특별자치도 영월군 영월읍 서부시장길 8-6,128.466137004193,37.1828556059143
MA010120220804673655,중앙미장원,,S2,수리·개인,S207,이용·미용,S20701,미용실,영월군,51750250,영월읍,영월읍,강원특별자치도 영월군 영월읍 영흥리 947-29,강원특별자치도 영월군 영월읍 중앙로 25,128.466434125293,37.1836628049933
MA010120220804673657,대아전자,,S2,수리·개인,S205,가전제품 수리,S20501,가전제품 수리업,영월군,51750250,영월읍,영월읍,강원특별자치도 영월군 영월읍 영흥리 1,강원특별자치도 영월군 영월읍 동강로 167,128.50458686741,37.1979422330141
MA010120220804673662,광성이용원,,S2,수리·개인,S207,이용·미용,S20701,미용실,영월군,51750250,영월읍,영월읍,강원특별자치도 영월군 영월읍 영흥리 901-57,강원특별자치도 영월군 영월읍 중앙로 90,128.473711511745,37.1832391336076
MA010120220804673665,영풍이용원,,S2,수리·개인,S207,이용·미용,S20701,미용실,영월군,51750250,영월읍,영월읍,강원특별자치도 영월군 영월읍 하송리 6-3,강원특별자치도 영월군 영월읍 중앙1로 20,128.465877204011,37.1828137723342
MA010120220804673671,궁전이발관,,S2,수리·개인,S207,이용·미용,S20701,미용실,영월군,51750250,영월읍,영월읍,강원특별자치도 영월군 영월읍 하송리 187-1,강원특별자치도 영월군 영월읍 중앙1로 23,128.465272415117,37.1829834300255
MA010120220804673689,까뜨리네뜨,,G2,소매,G209,섬유·의복·신발 소매,G20902,여성 의류 소매업,영월군,51750250,영월읍,영월읍,강원특별자치도 영월군 영월읍 영흥리 938-2,강원특별자치도 영월군 영월읍 중앙로 62,128.470673467448,37.1833579771553
MA010120220804673701,심미용타운,,S2,수리·개인,S207,이용·미용,S20701,미용실,영월군,51750250,영월읍,영월읍,강원특별자치도 영월군 영월읍 하송리 2-2,강원특별자치도 영월군 영월읍 중앙로 21-1,128.46624274051,37.1836651740139
MA010120220804673704,천일미용실,,S2,수리·개인,S207,이용·미용,S20701,미용실,영월군,51750250,영월읍,영월읍,강원특별자치도 영월군 영월읍 영흥리 961-15,강원특별자치도 영월군 영월읍 단종로34번길 30-10,128.46823351572,37.1864515545312
MA010120220804673706,수정식당,,I2,음식,I201,한식,I20101,백반/한정식,영월군,51750250,영월읍,영월읍,강원특별자치도 영월군 영월읍 영흥리 848-1,강원특별자치도 영월군 영월읍 중앙로 83,128.473088421919,37.1836252923804
MA010120220804673707,패션모델,,G2,소매,G209,섬유·의복·신발 소매,G20902,여성 의류 소매업,영월군,51750250,영월읍,영월읍,강원특별자치도 영월군 영월읍 영흥리 947-70,강원특별자치도 영월군 영월읍 중앙로 33-2,128.467594040081,37.1836664600688
MA010120220804673708,영광식품,,G2,소매,G204,종합 소매,G20404,슈퍼마켓,영월군,51750250,영월읍,영월읍,강원특별자치도 영월군 영월읍 하송리 6-3,강원특별자치도 영월군 영월읍 중앙1로 20,128.465877204011,37.1828137723342
MA010120220804673720,순금당,,G2,소매,G217,시계·귀금속 소매,G21701,시계/귀금속 소매업,영월군,51750250,영월읍,영월읍,강원특별자치도 영월군 영월읍 영흥리 947-26,강원특별자치도 영월군 영월읍 중앙로 35,128.467717702891,37.1836559182161
MA010120220804673722,서민들식당,,I2,음식,I201,한식,I20101,백반/한정식,영월군,51750250,영월읍,영월읍,강원특별자치도 영월군 영월읍 영흥리 991-2,강원특별자치도 영월군 영월읍 관풍헌길 70,128.470362801935,37.1847583427822
MA010120220804673726,송원자동차용품점,,G2,소매,G202,자동차 부품 소매,G20202,자동차 부품 소매업,영월군,51750250,영월읍,영월읍,강원특별자치도 영월군 영월읍 하송리 257-1,강원특별자치도 영월군 영월읍 하송로 21,128.464316258964,37.1859504486296
MA010120220804673729,윤희네,,G2,소매,G209,섬유·의복·신발 소매,G20905,기타 의류 소매업,영월군,51750250,영월읍,영월읍,강원특별자치도 영월군 영월읍 하송리 4-1,강원특별자치도 영월군 영월읍 서부시장길 15,128.466782183539,37.1830278139259
MA010120220804673736,명동의류,,G2,소매,G209,섬유·의복·신발 소매,G20905,기타 의류 소매업,영월군,51750250,영월읍,영월읍,강원특별자치도 영월군 영월읍 하송리 2-2,강원특별자치도 영월군 영월읍 중앙로 21-1,128.46624274051,37.1836651740139
MA010120220804673741,호돌이야식,,I2,음식,I201,한식,I20199,기타 한식 음식점,영월군,51750250,영월읍,영월읍,강원특별자치도 영월군 영월읍 영흥리 932-6,강원특별자치도 영월군 영월읍 관풍헌길 34-9,128.470371856148,37.1829022246129
MA010120220804673753,까치세탁소,,S2,수리·개인,S209,세탁,S20901,세탁소,영월군,51750250,영월읍,영월읍,강원특별자치도 영월군 영월읍 영흥리 959-37,강원특별자치도 영월군 영월읍 단종로33번길 13,128.467132499119,37.1854200665953
MA010120220804673756,삼정숯불갈비,,I2,음식,I201,한식,I20107,돼지고기 구이/찜,영월군,51750250,영월읍,영월읍,강원특별자치도 영월군 영월읍 하송리 382-12,강원특별자치도 영월군 영월읍 하송로 120,128.458723263784,37.1791179848748
MA010120220804673758,보람슈퍼,,G2,소매,G204,종합 소매,G20404,슈퍼마켓,영월군,51750250,영월읍,영월읍,강원특별자치도 영월군 영월읍 영흥리 969-4,강원특별자치도 영월군 영월읍 관풍헌길 87,128.470005603795,37.1855015742405
MA010120220804673759,하늘샘,,G2,소매,G208,가전·통신 소매,G20801,컴퓨터/소프트웨어 소매업,영월군,51750250,영월읍,영월읍,강원특별자치도 영월군 영월읍 영흥리 927-10,강원특별자치도 영월군 영월읍 요리골목길 20,128.469502562149,37.1827868749987
MA010120220804673761,서원카센타에어콘,,S2,수리·개인,S203,자동차 수리·세차,S20301,자동차 정비소,영월군,51750250,영월읍,영월읍,강원특별자치도 영월군 영월읍 덕포리 575-3,강원특별자치도 영월군 영월읍 덕포우회길 38,128.474748266861,37.1792259086298
MA010120220804673769,매화식당,,I2,음식,I201,한식,I20101,백반/한정식,영월군,51750250,영월읍,영월읍,강원특별자치도 영월군 영월읍 하송리 245-3,강원특별자치도 영월군 영월읍 하송로 45,128.463937123906,37.1838108160212
MA010120220804673771,장가네흑염소숯불구이,,I2,음식,I201,한식,I20101,백반/한정식,영월군,51750250,영월읍,영월읍,강원특별자치도 영월군 영월읍 영흥리 927-12,강원특별자치도 영월군 영월읍 요리골목길 12,128.469071625592,37.1826300446351
MA010120220804673773,아씨미용타운,,S2,수리·개인,S207,이용·미용,S20701,미용실,영월군,51750250,영월읍,영월읍,강원특별자치도 영월군 영월읍 영흥리 843-1,강원특별자치도 영월군 영월읍 영모전길 8,128.471505253636,37.1838612026491
MA010120220804673777,조용필노래연습실,,R1,예술·스포츠,R104,유원지·오락,R10407,노래방,영월군,51750250,영월읍,영월읍,강원특별자치도 영월군 영월읍 하송리 254-6,강원특별자치도 영월군 영월읍 중앙1로 31,128.465640557077,37.1839699474973
MA010120220804673778,장원갈비,,I2,음식,I201,한식,I20107,돼지고기 구이/찜,영월군,51750250,영월읍,영월읍,강원특별자치도 영월군 영월읍 영흥리 901-8,강원특별자치도 영월군 영월읍 중앙로 93-1,128.474288112421,37.183358095252
MA010120220804673779,화인,,G2,소매,G209,섬유·의복·신발 소매,G20902,여성 의류 소매업,영월군,51750250,영월읍,영월읍,강원특별자치도 영월군 영월읍 영흥리 979-4,강원특별자치도 영월군 영월읍 중앙로 51,128.469474635677,37.1836701758097
MA010120220804673783,하이카프라자,,S2,수리·개인,S203,자동차 수리·세차,S20301,자동차 정비소,영월군,51750250,영월읍,영월읍,강원특별자치도 영월군 영월읍 영흥리 831-5,강원특별자치도 영월군 영월읍 영모전길 38,128.471273408798,37.1852605912837
MA010120220804673794,태백산건강원,,G2,소매,G205,식료품 소매,G20508,건강보조식품 소매업,영월군,51750250,영월읍,영월읍,강원특별자치도 영월군 영월읍 영흥리 952-8,강원특별자치도 영월군 영월읍 중앙1로 36,128.46600017636,37.1845150917803
MA010120220804673799,하송건강원,,G2,소매,G205,식료품 소매,G20508,건강보조식품 소매업,영월군,51750250,영월읍,영월읍,강원특별자치도 영월군 영월읍 하송리 5-1,강원특별자치도 영월군 영월읍 서부시장길 11-1,128.466444622728,37.1830410028595
MA010120220804673807,초이스머리방,,S2,수리·개인,S207,이용·미용,S20701,미용실,영월군,51750250,영월읍,영월읍,강원특별자치도 영월군 영월읍 영흥리 906-1,강원특별자치도 영월군 영월읍 중앙로 78,128.472316589717,37.183310537374
MA010120220804673819,영흥칼국수,,I2,음식,I201,한식,I20105,국수/칼국수,영월군,51750250,영월읍,영월읍,강원특별자치도 영월군 영월읍 하송리 19-6,강원특별자치도 영월군 영월읍 분수대길 118-4,128.467936807497,37.1810133490219
MA010120220804673820,쉬즈,,G2,소매,G209,섬유·의복·신발 소매,G20905,기타 의류 소매업,영월군,51750250,영월읍,영월읍,강원특별자치도 영월군 영월읍 영흥리 947-33,강원특별자치도 영월군 영월읍 중앙로 26-1,128.466610071317,37.1834443930136
MA010120220804673823,술먹는가요주점,코리아,I2,음식,I211,주점,I21101,일반 유흥 주점,영월군,51750250,영월읍,영월읍,강원특별자치도 영월군 영월읍 하송리 5-3,강원특별자치도 영월군 영월읍 서부시장길 4,128.466009511677,37.1826679791532
MA010120220804673825,머리카락미용실,,S2,수리·개인,S207,이용·미용,S20701,미용실,영월군,51750250,영월읍,영월읍,강원특별자치도 영월군 영월읍 하송리 16-7,강원특별자치도 영월군 영월읍 하송안길 72,128.467039234966,37.1817632668882
MA010120220804673835,이나은미용실,,S2,수리·개인,S207,이용·미용,S20701,미용실,영월군,51750250,영월읍,영월읍,강원특별자치도 영월군 영월읍 하송리 363-3,강원특별자치도 영월군 영월읍 하송로 144,128.456878485216,37.1774558610963
MA010120220804673839,월성이발관,,S2,수리·개인,S207,이용·미용,S20701,미용실,영월군,51750250,영월읍,영월읍,강원특별자치도 영월군 영월읍 하송리 184-39,강원특별자치도 영월군 영월읍 하송안길 16,128.46398436751,37.1810082012181
MA010120220804673843,평양냉면,,I2,음식,I201,한식,I20106,냉면/밀면,영월군,51750250,영월읍,영월읍,강원특별자치도 영월군 영월읍 하송리 253-17,강원특별자치도 영월군 영월읍 중앙로 24,128.466384565066,37.1834291652136
MA010120220804673847,한소영부동산컨설팅,,L1,부동산,L102,부동산 서비스,L10203,부동산 중개/대리업,영월군,51750250,영월읍,영월읍,강원특별자치도 영월군 영월읍 덕포리 502-27,강원특별자치도 영월군 영월읍 덕포시장길 86,128.480247022226,37.1828873562513
MA010120220804673853,중앙컴퓨터세탁소,,S2,수리·개인,S209,세탁,S20901,세탁소,영월군,51750250,영월읍,영월읍,강원특별자치도 영월군 영월읍 하송리 253-5,강원특별자치도 영월군 영월읍 중앙로 13,128.465027927794,37.1837342625897
MA010120220804673859,속골오리,전문점,I2,음식,I201,한식,I20101,백반/한정식,영월군,51750250,영월읍,영월읍,강원특별자치도 영월군 영월읍 영흥리 299,강원특별자치도 영월군 영월읍 봉래산로 348-6,128.474690980543,37.2127517703797
MA010120220804673881,한마음식당,,I2,음식,I201,한식,I20101,백반/한정식,영월군,51750250,영월읍,영월읍,강원특별자치도 영월군 영월읍 영흥리 912-5,강원특별자치도 영월군 영월읍 중앙시장길 7,128.471807014713,37.1831637041485
MA010120220804673885,예진,,G2,소매,G215,의약·화장품 소매,G21503,화장품 소매업,영월군,51750250,영월읍,영월읍,강원특별자치도 영월군 영월읍 영흥리 947-62,강원특별자치도 영월군 영월읍 중앙로 31,128.467255779538,37.1836436210459
MA010120220804673886,서원24시편의점,,G2,소매,G204,종합 소매,G20404,슈퍼마켓,영월군,51750250,영월읍,영월읍,강원특별자치도 영월군 영월읍 영흥리 1061-11,강원특별자치도 영월군 영월읍 단종로 67,128.464340535131,37.1883737682403
MA010120220804673888,능동상회,,G2,소매,G204,종합 소매,G20404,슈퍼마켓,영월군,51750250,영월읍,영월읍,강원특별자치도 영월군 영월읍 영흥리 1092-2,강원특별자치도 영월군 영월읍 단종로 189,128.455015690611,37.1948045042975
MA010120220804673893,현대슈퍼,,G2,소매,G204,종합 소매,G20404,슈퍼마켓,영월군,51750250,영월읍,영월읍,강원특별자치도 영월군 영월읍 영흥리 960-14,강원특별자치도 영월군 영월읍 단종로 32,128.467280320716,37.1860759465345
MA010120220804673894,에꼴리에，페리미츠영월점,,G2,소매,G209,섬유·의복·신발 소매,G20901,남성 의류 소매업,영월군,51750250,영월읍,영월읍,강원특별자치도 영월군 영월읍 영흥리 947-14,강원특별자치도 영월군 영월읍 중앙로 31-1,128.467303076904,37.1837601618334
MA010120220804673909,강남상회,,G2,소매,G213,오락용품 소매,G21302,문구/회화용품 소매업,영월군,51750250,영월읍,영월읍,강원특별자치도 영월군 영월읍 영흥리 940-5,강원특별자치도 영월군 영월읍 중앙로 54-2,128.469749275143,37.1833153888625
MA010120220804673911,카네기단란주점,,I2,음식,I211,주점,I21104,요리 주점,영월군,51750250,영월읍,영월읍,강원특별자치도 영월군 영월읍 영흥리 947-23,강원특별자치도 영월군 영월읍 단종로33번길 48,128.466843766371,37.183882976808
MA010120220804673915,영월종합가구,,G2,소매,G211,가구 소매,G21101,가구 소매업,영월군,51750250,영월읍,영월읍,강원특별자치도 영월군 영월읍 하송리 16-5,강원특별자치도 영월군 영월읍 하송안길 76,128.467122046217,37.1819694654175
MA010120220804673917,비너스,,G2,소매,G209,섬유·의복·신발 소매,G20905,기타 의류 소매업,영월군,51750250,영월읍,영월읍,강원특별자치도 영월군 영월읍 영흥리 977,강원특별자치도 영월군 영월읍 단종로 4-1,128.468509420083,37.1838353107444
MA010120220804673920,신한카포스,,S2,수리·개인,S203,자동차 수리·세차,S20301,자동차 정비소,영월군,51750250,영월읍,영월읍,강원특별자치도 영월군 영월읍 하송리 110-3,강원특별자치도 영월군 영월읍 은행나무3길 20,128.466343101656,37.1795374688121
MA010120220804673921,기아오토큐영월점,,S2,수리·개인,S203,자동차 수리·세차,S20301,자동차 정비소,영월군,51750250,영월읍,영월읍,강원특별자치도 영월군 영월읍 하송리 280-7,강원특별자치도 영월군 영월읍 영월로 1846,128.4568481868,37.1864299489553
MA010120220804673923,영문구,,G2,소매,G213,오락용품 소매,G21302,문구/회화용품 소매업,영월군,51750250,영월읍,영월읍,강원특별자치도 영월군 영월읍 하송리 2-2,강원특별자치도 영월군 영월읍 중앙로 21-1,128.46624274051,37.1836651740139
MA010120220804673924,형제전기,,G2,소매,G212,기타 생활용품 소매,G21201,전기용품/조명장치 소매업,영월군,51750250,영월읍,영월읍,강원특별자치도 영월군 영월읍 하송리 16-5,강원특별자치도 영월군 영월읍 하송안길 76,128.467122046217,37.1819694654175
MA010120220804673926,모모휴게실,,I2,음식,I212,비알코올 ,I21201,카페,영월군,51750250,영월읍,영월읍,강원특별자치도 영월군 영월읍 하송리 11-1,강원특별자치도 영월군 영월읍 하송안길 89,128.467258079405,37.1825984625758
MA010120220804673931,동강이벤트,,N1,시설관리·임대,N108,기타 사업 서비스,N10802,전시/컨벤션/행사 대행 서비스업,영월군,51750250,영월읍,영월읍,강원특별자치도 영월군 영월읍 영흥리 960-8,강원특별자치도 영월군 영월읍 단종로 29,128.467196632754,37.1858247104667
MA010120220804673938,은진안감,,S2,수리·개인,S206,기타 가정용품 수리,S20601,의류/이불 수선업,영월군,51750250,영월읍,영월읍,강원특별자치도 영월군 영월읍 영흥리 942-1,강원특별자치도 영월군 영월읍 중앙로 52,128.469468177708,37.1833368956033
MA010120220804673943,센스쥬얼리,,G2,소매,G217,시계·귀금속 소매,G21701,시계/귀금속 소매업,영월군,51750250,영월읍,영월읍,강원특별자치도 영월군 영월읍 하송리 2-4,강원특별자치도 영월군 영월읍 중앙로 21,128.466107819496,37.1836758536642
MA010120220804673944,바이올가영월점,,G2,소매,G205,식료품 소매,G20508,건강보조식품 소매업,영월군,51750250,영월읍,영월읍,강원특별자치도 영월군 영월읍 하송리 187-1,강원특별자치도 영월군 영월읍 중앙1로 23,128.465272415117,37.1829834300255
MA010120220804673945,로얄파크장여관,,I1,숙박,I101,일반 숙박,I10102,여관/모텔,영월군,51750250,영월읍,영월읍,강원특별자치도 영월군 영월읍 하송리 39-2,강원특별자치도 영월군 영월읍 은행나무길 1,128.466264771799,37.1807277248912
MA010120220804673954,삼성인베스트,,L1,부동산,L102,부동산 서비스,L10203,부동산 중개/대리업,영월군,51750250,영월읍,영월읍,강원특별자치도 영월군 영월읍 하송리 125,강원특별자치도 영월군 영월읍 은행나무길 72,128.463518128042,37.1784371735926
MA010120220804673957,프로스펙스영월점,,G2,소매,G209,섬유·의복·신발 소매,G20905,기타 의류 소매업,영월군,51750250,영월읍,영월읍,강원특별자치도 영월군 영월읍 영흥리 940-10,강원특별자치도 영월군 영월읍 중앙로 54,128.469637045661,37.1833348007258
MA010120220804673960,강원일보영월지사,,M1,과학·기술,M105,광고,M10501,광고 대행업,영월군,51750250,영월읍,영월읍,강원특별자치도 영월군 영월읍 영흥리 959-28,강원특별자치도 영월군 영월읍 단종로 19,128.46805218238,37.1852284777924
MA010120220804673964,배스킨라빈스영월,중앙점,I2,음식,I210,기타 간이,I21008,아이스크림/빙수,영월군,51750250,영월읍,영월읍,강원특별자치도 영월군 영월읍 하송리 253-4,강원특별자치도 영월군 영월읍 중앙로 17,128.465601386587,37.1836911301226
MA010120220804673970,동아파크,,I1,숙박,I101,일반 숙박,I10102,여관/모텔,영월군,51750250,영월읍,영월읍,강원특별자치도 영월군 영월읍 하송리 189-3,강원특별자치도 영월군 영월읍 중앙1로 17-12,128.465057124183,37.1829140148613
MA010120220804673972,극동지업사,,G2,소매,G210,철물·건설자재 소매,G21002,벽지/장판/마루 소매업,영월군,51750250,영월읍,영월읍,강원특별자치도 영월군 영월읍 하송리 11-1,강원특별자치도 영월군 영월읍 하송안길 89,128.467258079405,37.1825984625758
MA010120220804674060,용진식당,,I2,음식,I201,한식,I20101,백반/한정식,영월군,51750250,영월읍,영월읍,강원특별자치도 영월군 영월읍 영흥리 955-14,강원특별자치도 영월군 영월읍 중앙1로 52,128.465969483607,37.1858399033551
MA010120220804674061,서울야식,,I2,음식,I201,한식,I20199,기타 한식 음식점,영월군,51750250,영월읍,영월읍,강원특별자치도 영월군 영월읍 영흥리 933-19,강원특별자치도 영월군 영월읍 중앙로 66-6,128.470691092044,37.1831054857017
MA010120220804674066,중앙오토바이,,S2,수리·개인,S204,모터사이클 수리,S20401,모터사이클 수리업,영월군,51750250,영월읍,영월읍,강원특별자치도 영월군 영월읍 영흥리 954-9,강원특별자치도 영월군 영월읍 중앙1로 46,128.466036101214,37.1852083971723
MA010120220804674119,삼성디지털프라자영월점,,G2,소매,G208,가전·통신 소매,G20803,가전제품 소매업,영월군,51750250,영월읍,영월읍,강원특별자치도 영월군 영월읍 영흥리 837-6,강원특별자치도 영월군 영월읍 봉래산로 17,128.471490181689,37.1848254315012
MA010120220804674159,커피레이크,,I2,음식,I212,비알코올 ,I21201,카페,영월군,51750250,영월읍,영월읍,강원특별자치도 영월군 영월읍 영흥리 1098-7,강원특별자치도 영월군 영월읍 단종로 161-6,128.457485708753,37.1944047376564
MA010120220804674174,다슬기마을1호,,I2,음식,I201,한식,I20101,백반/한정식,영월군,51750250,영월읍,영월읍,강원특별자치도 영월군 영월읍 덕포리 502-23,강원특별자치도 영월군 영월읍 영월로 2107,128.480584578616,37.1828741280459
MA010120220804674183,파리바게뜨영월점,,I2,음식,I210,기타 간이,I21001,빵/도넛,영월군,51750250,영월읍,영월읍,강원특별자치도 영월군 영월읍 하송리 254-12,강원특별자치도 영월군 영월읍 중앙1로 29,128.465581133743,37.1838085073392
MA010120220804674193,대성카인테리어,,S2,수리·개인,S203,자동차 수리·세차,S20301,자동차 정비소,영월군,51750250,영월읍,영월읍,강원특별자치도 영월군 영월읍 영흥리 1054-12,강원특별자치도 영월군 영월읍 단종로 73,128.463878628446,37.1889470908639
MA010120220804674208,성심이용원,,S2,수리·개인,S207,이용·미용,S20701,미용실,영월군,51750250,영월읍,영월읍,강원특별자치도 영월군 영월읍 영흥리 995-8,강원특별자치도 영월군 영월읍 단종로16번길 45,128.470831371155,37.185112915162
MA010120220804674211,사팔종합건재철물,,G2,소매,G210,철물·건설자재 소매,G21001,철물/공구 소매업,영월군,51750250,영월읍,영월읍,강원특별자치도 영월군 영월읍 영흥리 944-1,강원특별자치도 영월군 영월읍 하송안길 113-1,128.468688942663,37.1832204228682
MA010120220804674213,용헤어샵,,S2,수리·개인,S207,이용·미용,S20701,미용실,영월군,51750250,영월읍,영월읍,강원특별자치도 영월군 영월읍 영흥리 913-5,강원특별자치도 영월군 영월읍 중앙로 70,128.471405577795,37.1833669052982
MA010120220804674222,도담찜닭영월점,,I2,음식,I201,한식,I20110,닭/오리고기 구이/찜,영월군,51750250,영월읍,영월읍,강원특별자치도 영월군 영월읍 하송리 386-5,강원특별자치도 영월군 영월읍 하송로 119,128.458997245558,37.1787271913759
MA010120220804674294,테마모텔,,I1,숙박,I101,일반 숙박,I10102,여관/모텔,영월군,51750250,영월읍,영월읍,강원특별자치도 영월군 영월읍 영흥리 901-13,강원특별자치도 영월군 영월읍 중앙로 94-6,128.473573967453,37.1831147083724
MA010120220804674303,유성세탁소,,S2,수리·개인,S209,세탁,S20901,세탁소,영월군,51750250,영월읍,영월읍,강원특별자치도 영월군 영월읍 영흥리 1000-10,강원특별자치도 영월군 영월읍 영모전길 57,128.47072692363,37.1861142924427
MA010120220804674304,동강솥밥,,I2,음식,I201,한식,I20101,백반/한정식,영월군,51750250,영월읍,영월읍,강원특별자치도 영월군 영월읍 덕포리 502-41,강원특별자치도 영월군 영월읍 영월로 2109-1,128.480766988835,37.182988974492
MA010120220804674322,쌍용자동차영월서비스프라자,,S2,수리·개인,S203,자동차 수리·세차,S20301,자동차 정비소,영월군,51750250,영월읍,영월읍,강원특별자치도 영월군 영월읍 영흥리 960-5,강원특별자치도 영월군 영월읍 단종로 30,128.467539086848,37.1860637312941
MA010120220804674331,네네치킨,,I2,음식,I210,기타 간이,I21006,치킨,영월군,51750250,영월읍,영월읍,강원특별자치도 영월군 영월읍 하송리 177-3,강원특별자치도 영월군 영월읍 분수대길 18,128.462562756352,37.1802779518779
MA010120220804674338,물레방아쉼터,,I2,음식,I211,주점,I21104,요리 주점,영월군,51750250,영월읍,영월읍,강원특별자치도 영월군 영월읍 정양리 119,강원특별자치도 영월군 영월읍 중앙로 803,128.518152732649,37.1487113189478
MA010120220804674352,트라이영월점,,G2,소매,G209,섬유·의복·신발 소매,G20905,기타 의류 소매업,영월군,51750250,영월읍,영월읍,강원특별자치도 영월군 영월읍 하송리 253-38,강원특별자치도 영월군 영월읍 중앙1로 22,128.465928503378,37.1831374882731
MA010120220804674366,뉴스헤어라인,,S2,수리·개인,S207,이용·미용,S20701,미용실,영월군,51750250,영월읍,영월읍,강원특별자치도 영월군 영월읍 하송리 373-1,강원특별자치도 영월군 영월읍 하송로 126,128.45819538428,37.1786019178031
MA010120220804674381,삼천리자전거,,G2,소매,G213,오락용품 소매,G21305,자전거 소매업,영월군,51750250,영월읍,영월읍,강원특별자치도 영월군 영월읍 영흥리 934-1,강원특별자치도 영월군 영월읍 중앙로 66,128.471055710502,37.183326201824
MA010120220804674388,영월종합사무기,,G2,소매,G208,가전·통신 소매,G20802,핸드폰 소매업,영월군,51750250,영월읍,영월읍,강원특별자치도 영월군 영월읍 영흥리 947-3,강원특별자치도 영월군 영월읍 단종로9번길 13,128.46733361004,37.1841742316694
MA010120220804674393,부동산임대,,G2,소매,G209,섬유·의복·신발 소매,G20905,기타 의류 소매업,영월군,51750250,영월읍,영월읍,강원특별자치도 영월군 영월읍 영흥리 945-24,강원특별자치도 영월군 영월읍 단종로 1,128.468032924629,37.183652012212
MA010120220804674405,흥국,,G2,소매,G214,연료 소매,G21403,가정용 연료 소매업,영월군,51750250,영월읍,영월읍,강원특별자치도 영월군 영월읍 하송리 257-8,강원특별자치도 영월군 영월읍 하송로 23,128.464220626946,37.1856633190433
MA010120220804674408,순정부품센타,,G2,소매,G202,자동차 부품 소매,G20202,자동차 부품 소매업,영월군,51750250,영월읍,영월읍,강원특별자치도 영월군 영월읍 영흥리 954-22,강원특별자치도 영월군 영월읍 단종로15번길 34,128.466294342163,37.185169161958
MA010120220804674412,파크랜드,,G2,소매,G209,섬유·의복·신발 소매,G20901,남성 의류 소매업,영월군,51750250,영월읍,영월읍,강원특별자치도 영월군 영월읍 영흥리 972-4,강원특별자치도 영월군 영월읍 중앙로 49,128.469237346911,37.1836280703999
MA010120220804674416,노루표페인트,,G2,소매,G210,철물·건설자재 소매,G21003,건설/건축자재 소매업,영월군,51750250,영월읍,영월읍,강원특별자치도 영월군 영월읍 영흥리 954-10,강원특별자치도 영월군 영월읍 중앙1로 48,128.465972557371,37.1854164075793
MA010120220804674437,금성철물,,G2,소매,G210,철물·건설자재 소매,G21001,철물/공구 소매업,영월군,51750250,영월읍,영월읍,강원특별자치도 영월군 영월읍 덕포리 574-193,강원특별자치도 영월군 영월읍 중앙로 137,128.477448189231,37.1802554157687
MA010120220804674441,영서중고전자,,G2,소매,G222,중고 상품 소매,G22201,중고 상품 소매업,영월군,51750250,영월읍,영월읍,강원특별자치도 영월군 영월읍 영흥리 906-4,강원특별자치도 영월군 영월읍 중앙로 76,128.47219292827,37.1833210840032
MA010120220804674460,광고타운,,M1,과학·기술,M114,인쇄·제품제작,M11401,명함/간판/광고물 제작,영월군,51750250,영월읍,영월읍,강원특별자치도 영월군 영월읍 하송리 184-15,강원특별자치도 영월군 영월읍 영월로 1935-14,128.463713706998,37.1815701501214
MA010120220804674466,컬투치킨영월,사랑점,I2,음식,I210,기타 간이,I21006,치킨,영월군,51750250,영월읍,영월읍,강원특별자치도 영월군 영월읍 하송리 53,강원특별자치도 영월군 영월읍 제방안길 64,128.46782836942,37.1794830360819
MA010120220804674491,모범약국,,G2,소매,G215,의약·화장품 소매,G21501,약국,영월군,51750250,영월읍,영월읍,강원특별자치도 영월군 영월읍 하송리 187-1,강원특별자치도 영월군 영월읍 중앙1로 23,128.465272415117,37.1829834300255
MA010120220804674501,육육구이,,I2,음식,I201,한식,I20107,돼지고기 구이/찜,영월군,51750250,영월읍,영월읍,강원특별자치도 영월군 영월읍 하송리 409-5,강원특별자치도 영월군 영월읍 하송로 154,128.456680728259,37.1765392972092
MA010120220804674513,대흥식당,,I2,음식,I201,한식,I20107,돼지고기 구이/찜,영월군,51750250,영월읍,영월읍,강원특별자치도 영월군 영월읍 하송리 253-15,강원특별자치도 영월군 영월읍 중앙로 18,128.465990364625,37.183425034494
MA010120220804674528,고려사진관,,M1,과학·기술,M113,사진 촬영,M11301,사진촬영업,영월군,51750250,영월읍,영월읍,강원특별자치도 영월군 영월읍 영흥리 983-4,강원특별자치도 영월군 영월읍 관풍헌길 55,128.470067206175,37.1840322228313
MA010120220804674529,김영이헤어샵,,S2,수리·개인,S207,이용·미용,S20701,미용실,영월군,51750250,영월읍,영월읍,강원특별자치도 영월군 영월읍 영흥리 944-2,강원특별자치도 영월군 영월읍 하송안길 112,128.46871800612,37.1829767995615
MA010120220804674544,어라연하우스,,I1,숙박,I101,일반 숙박,I10103,펜션,영월군,51750250,영월읍,영월읍,강원특별자치도 영월군 영월읍 삼옥리 200-1,강원특별자치도 영월군 영월읍 섭새길 71-6,128.512966047777,37.23233342602
MA010120220804674568,태백산맥,,G2,소매,G204,종합 소매,G20404,슈퍼마켓,영월군,51750250,영월읍,영월읍,강원특별자치도 영월군 영월읍 문산리 478,강원특별자치도 영월군 영월읍 동강로 1488-55,128.525263871873,37.2666643263515
MA010120220804674576,컴퓨터세상,,G2,소매,G208,가전·통신 소매,G20801,컴퓨터/소프트웨어 소매업,영월군,51750250,영월읍,영월읍,강원특별자치도 영월군 영월읍 영흥리 943-5,강원특별자치도 영월군 영월읍 하송안길 116,128.469081396969,37.1831344688738
MA010120220804674588,서부순대집,,I2,음식,I201,한식,I20102,국/탕/찌개류,영월군,51750250,영월읍,영월읍,강원특별자치도 영월군 영월읍 하송리 253-27,강원특별자치도 영월군 영월읍 서부시장길 15-13,128.466515653462,37.18322031838
MA010120220804674590,옥동온누리약국,,G2,소매,G215,의약·화장품 소매,G21501,약국,영월군,51750250,영월읍,영월읍,강원특별자치도 영월군 영월읍 영흥리 987-12,강원특별자치도 영월군 영월읍 영모전길 17,128.471074406704,37.1842900114112
MA010120220804674608,씨유영월동강점,,G2,소매,G204,종합 소매,G20405,편의점,영월군,51750250,영월읍,영월읍,강원특별자치도 영월군 영월읍 영흥리 849-1,강원특별자치도 영월군 영월읍 중앙로 85,128.47336053625,37.1837210153121
MA010120220804674612,장미가든,,I2,음식,I201,한식,I20111,횟집,영월군,51750250,영월읍,영월읍,강원특별자치도 영월군 영월읍 팔괴리 2,강원특별자치도 영월군 영월읍 태화산로 40-10,128.496767685287,37.1584255833787
MA010120220804674613,월드배달횟집,,I2,음식,I201,한식,I20111,횟집,영월군,51750250,영월읍,영월읍,강원특별자치도 영월군 영월읍 하송리 11-1,강원특별자치도 영월군 영월읍 서부시장길 16-14,128.467258079405,37.1825984625758
MA010120220804674627,농산물직판장,,I2,음식,I201,한식,I20101,백반/한정식,영월군,51750250,영월읍,영월읍,강원특별자치도 영월군 영월읍 덕포리 4-8,강원특별자치도 영월군 영월읍 영월로 2294,128.499633807429,37.1826975765648
MA010120220804674681,전망좋은집,,I2,음식,I204,서양식,I20401,경양식,영월군,51750250,영월읍,영월읍,강원특별자치도 영월군 영월읍 영흥리 1092-2,강원특별자치도 영월군 영월읍 단종로 189,128.455015690611,37.1948045042975
MA010120220804674705,대윤건축사사무소,,M1,과학·기술,M109,기술 서비스,M10901,건축 설계 및 관련 서비스업,영월군,51750250,영월읍,영월읍,강원특별자치도 영월군 영월읍 하송리 193-2,강원특별자치도 영월군 영월읍 하송로 67,128.46295340054,37.1818498343866
MA010120220804674712,법무사최준영사무소,,M1,과학·기술,M103,법무관련 ,M10303,법무사,영월군,51750250,영월읍,영월읍,강원특별자치도 영월군 영월읍 영흥리 832-2,강원특별자치도 영월군 영월읍 단종로16번길 61-3,128.471520039106,37.1852034694324
MA010120220804674714,정관장영월점,,G2,소매,G205,식료품 소매,G20508,건강보조식품 소매업,영월군,51750250,영월읍,영월읍,강원특별자치도 영월군 영월읍 하송리 253-46,강원특별자치도 영월군 영월읍 중앙로 22,128.466204438763,37.1834313948014
MA010120220804674715,변호사고용균사무소,,M1,과학·기술,M103,법무관련 ,M10301,변호사,영월군,51750250,영월읍,영월읍,강원특별자치도 영월군 영월읍 영흥리 840-6,강원특별자치도 영월군 영월읍 봉래산로 11,128.471680765191,37.1842013922531
MA010120220804674736,SK영월주유소,,G2,소매,G214,연료 소매,G21401,주유소,영월군,51750250,영월읍,영월읍,강원특별자치도 영월군 영월읍 덕포리 466-2,강원특별자치도 영월군 영월읍 영월로 2153,128.485949053921,37.1854017576266
MA010120220804674737,유일시스템,,G2,소매,G208,가전·통신 소매,G20803,가전제품 소매업,영월군,51750250,영월읍,영월읍,강원특별자치도 영월군 영월읍 영흥리 952-1,강원특별자치도 영월군 영월읍 단종로15번길 35,128.466199400432,37.1849180644096
MA010120220804674742,전원건축사사무소,,M1,과학·기술,M109,기술 서비스,M10901,건축 설계 및 관련 서비스업,영월군,51750250,영월읍,영월읍,강원특별자치도 영월군 영월읍 하송리 245-14,강원특별자치도 영월군 영월읍 하송로 41,128.463931256357,37.1840901905872
MA010120220804674746,예쁜여자멋진남자,,S2,수리·개인,S207,이용·미용,S20701,미용실,영월군,51750250,영월읍,영월읍,강원특별자치도 영월군 영월읍 영흥리 972-5,강원특별자치도 영월군 영월읍 중앙로 47,128.469080957644,37.1836930781293
MA010120220804674773,영월레프팅,,R1,예술·스포츠,R104,유원지·오락,R10409,수상/해양 레저업,영월군,51750250,영월읍,영월읍,강원특별자치도 영월군 영월읍 삼옥리 212,강원특별자치도 영월군 영월읍 섭새길 86,128.514463833601,37.2317286524429
MA010120220804674785,가위소리미용실,,S2,수리·개인,S207,이용·미용,S20701,미용실,영월군,51750250,영월읍,영월읍,강원특별자치도 영월군 영월읍 영흥리 947-27,강원특별자치도 영월군 영월읍 중앙로 25-1,128.466558136689,37.1836702795177
MA010120220804674793,웨스트우드영월점,,G2,소매,G209,섬유·의복·신발 소매,G20905,기타 의류 소매업,영월군,51750250,영월읍,영월읍,강원특별자치도 영월군 영월읍 영흥리 947-11,강원특별자치도 영월군 영월읍 중앙로 37,128.467908913169,37.1836445392343
MA010120220804674802,비취하우스,,I1,숙박,I101,일반 숙박,I10103,펜션,영월군,51750250,영월읍,영월읍,강원특별자치도 영월군 영월읍 삼옥리 1608-1,강원특별자치도 영월군 영월읍 동강로 236-5,128.50720682335,37.2016929852499
MA010120220804674813,은하수밸리펜션,,I1,숙박,I101,일반 숙박,I10103,펜션,영월군,51750250,영월읍,영월읍,강원특별자치도 영월군 영월읍 삼옥리 1503-2,강원특별자치도 영월군 영월읍 삼옥재길 576-16,128.502444992703,37.2080692666115
MA010120220804674818,영월의료기,,G2,소매,G215,의약·화장품 소매,G21502,의료기기 소매업,영월군,51750250,영월읍,영월읍,강원특별자치도 영월군 영월읍 영흥리 955-4,강원특별자치도 영월군 영월읍 중앙1로 47,128.465681411311,37.1855010979362
MA010120220804674828,후아유,,I2,음식,I211,주점,I21104,요리 주점,영월군,51750250,영월읍,영월읍,강원특별자치도 영월군 영월읍 하송리 254-12,강원특별자치도 영월군 영월읍 중앙1로 29,128.465581133743,37.1838085073392
MA010120220804674837,도치종합상사,,G2,소매,G210,철물·건설자재 소매,G21001,철물/공구 소매업,영월군,51750250,영월읍,영월읍,강원특별자치도 영월군 영월읍 영흥리 955-16,강원특별자치도 영월군 영월읍 중앙1로 50,128.465979000465,37.185749688191
MA010120220804674850,왕눈이도넛츠,,I2,음식,I210,기타 간이,I21001,빵/도넛,영월군,51750250,영월읍,영월읍,강원특별자치도 영월군 영월읍 영흥리 945-43,강원특별자치도 영월군 영월읍 중앙로 44,128.468489266504,37.1833760638807
MA010120220804674851,동성종합,,G2,소매,G210,철물·건설자재 소매,G21001,철물/공구 소매업,영월군,51750250,영월읍,영월읍,강원특별자치도 영월군 영월읍 영흥리 1079-11,강원특별자치도 영월군 영월읍 단종로 172,128.457089713758,37.1948961353808
MA010120220804674856,고태근세무사사무소,,M1,과학·기술,M104,회계·세무,M10402,세무사,영월군,51750250,영월읍,영월읍,강원특별자치도 영월군 영월읍 하송리 12-2,강원특별자치도 영월군 영월읍 하송안길 84,128.467576362098,37.1821710620428
MA010120220804674867,국제열쇠,,G2,소매,G210,철물·건설자재 소매,G21001,철물/공구 소매업,영월군,51750250,영월읍,영월읍,강원특별자치도 영월군 영월읍 하송리 2-2,강원특별자치도 영월군 영월읍 중앙로 21-1,128.46624274051,37.1836651740139
MA010120220804674872,강변상회,,G2,소매,G204,종합 소매,G20404,슈퍼마켓,영월군,51750250,영월읍,영월읍,강원특별자치도 영월군 영월읍 거운리 518,강원특별자치도 영월군 영월읍 동강로 871-14,128.512102130221,37.2359032615975
MA010120220804674876,그린피스래프팅,,R1,예술·스포츠,R104,유원지·오락,R10409,수상/해양 레저업,영월군,51750250,영월읍,영월읍,강원특별자치도 영월군 영월읍 삼옥리 347,강원특별자치도 영월군 영월읍 동강로 586,128.51523016989,37.2227272419573
MA010120220804674882,커피베이영월점,,I2,음식,I212,비알코올 ,I21201,카페,영월군,51750250,영월읍,영월읍,강원특별자치도 영월군 영월읍 영흥리 947-53,강원특별자치도 영월군 영월읍 중앙로 32,128.467194436113,37.1833830983514
MA010120220804674892,동강탐험대,,R1,예술·스포츠,R104,유원지·오락,R10409,수상/해양 레저업,영월군,51750250,영월읍,영월읍,강원특별자치도 영월군 영월읍 삼옥리 234-6,강원특별자치도 영월군 영월읍 동강로 826,128.510506994421,37.2333288521045
MA010120220804674902,전연숙헤어클럽,,S2,수리·개인,S207,이용·미용,S20701,미용실,영월군,51750250,영월읍,영월읍,강원특별자치도 영월군 영월읍 영흥리 712-28,강원특별자치도 영월군 영월읍 오무개길 101,128.473127795021,37.1926075012608
MA010120220804674940,하나로빵굼터,,I2,음식,I210,기타 간이,I21001,빵/도넛,영월군,51750250,영월읍,영월읍,강원특별자치도 영월군 영월읍 영흥리 924-7,강원특별자치도 영월군 영월읍 제방안길 26,128.470775467497,37.1822304935611
MA010120220804674941,대박날집,,I2,음식,I201,한식,I20101,백반/한정식,영월군,51750250,영월읍,영월읍,강원특별자치도 영월군 영월읍 하송리 5-20,강원특별자치도 영월군 영월읍 서부시장길 8-11,128.466325600355,37.1827091157171
MA010120220804674952,치킨나라영월점,,I2,음식,I210,기타 간이,I21006,치킨,영월군,51750250,영월읍,영월읍,강원특별자치도 영월군 영월읍 영흥리 940-1,강원특별자치도 영월군 영월읍 중앙로 56-1,128.469964222042,37.1833667802327
MA010120220804674962,선미헤어라인,,S2,수리·개인,S207,이용·미용,S20701,미용실,영월군,51750250,영월읍,영월읍,강원특별자치도 영월군 영월읍 영흥리 971-23,강원특별자치도 영월군 영월읍 관풍헌길 63,128.469839692882,37.1844945425938
MA010120220804674967,현대세차장,,S2,수리·개인,S203,자동차 수리·세차,S20302,자동차 세차장,영월군,51750250,영월읍,영월읍,강원특별자치도 영월군 영월읍 덕포리 669-2,강원특별자치도 영월군 영월읍 중앙로 217,128.478015057399,37.1729414464977
MA010120220804674986,파란들전통고가구,,G2,소매,G211,가구 소매,G21101,가구 소매업,영월군,51750250,영월읍,영월읍,강원특별자치도 영월군 영월읍 영흥리 944-3,강원특별자치도 영월군 영월읍 하송안길 108,128.468524530179,37.1828710812998
MA010120220804674988,시장약국,,G2,소매,G215,의약·화장품 소매,G21501,약국,영월군,51750250,영월읍,영월읍,강원특별자치도 영월군 영월읍 영흥리 945-4,강원특별자치도 영월군 영월읍 하송안길 101,128.467982760832,37.1828057182748
MA010120220804675008,금용카센타,,S2,수리·개인,S203,자동차 수리·세차,S20301,자동차 정비소,영월군,51750250,영월읍,영월읍,강원특별자치도 영월군 영월읍 덕포리 523-46,강원특별자치도 영월군 영월읍 중리1길 37,128.479110062683,37.1800184440959
MA010120220804675027,샬롬미용실,,S2,수리·개인,S207,이용·미용,S20701,미용실,영월군,51750250,영월읍,영월읍,강원특별자치도 영월군 영월읍 영흥리 1002-8,강원특별자치도 영월군 영월읍 영모전길 50,128.47113666419,37.1857578249447
MA010120220804675043,강원동강래프팅,,R1,예술·스포츠,R103,스포츠 서비스,R10310,당구장,영월군,51750250,영월읍,영월읍,강원특별자치도 영월군 영월읍 거운리 521,강원특별자치도 영월군 영월읍 동강로 871-18,128.511957118676,37.235977190417
MA010120220804675054,삼성전자영월영서,대리점,G2,소매,G208,가전·통신 소매,G20803,가전제품 소매업,영월군,51750250,영월읍,영월읍,강원특별자치도 영월군 영월읍 영흥리 947-60,강원특별자치도 영월군 영월읍 단종로33번길 51,128.467099039934,37.1836906110311
MA010120220804675070,믿음정보통신,,G2,소매,G208,가전·통신 소매,G20802,핸드폰 소매업,영월군,51750250,영월읍,영월읍,강원특별자치도 영월군 영월읍 하송리 253-17,강원특별자치도 영월군 영월읍 중앙로 24,128.466384565066,37.1834291652136
MA010120220804675075,법무사박노충사무소,,M1,과학·기술,M103,법무관련 ,M10303,법무사,영월군,51750250,영월읍,영월읍,강원특별자치도 영월군 영월읍 영흥리 846-3,강원특별자치도 영월군 영월읍 봉래산로 5,128.472202196051,37.1837984847906
MA010120220804675077,연대천,,R1,예술·스포츠,R104,유원지·오락,R10409,수상/해양 레저업,영월군,51750250,영월읍,영월읍,강원특별자치도 영월군 영월읍 삼옥리 237-2,강원특별자치도 영월군 영월읍 섭새길 59,128.511887244982,37.2319147442835
MA010120220804675088,헤어클릭,,S2,수리·개인,S207,이용·미용,S20701,미용실,영월군,51750250,영월읍,영월읍,강원특별자치도 영월군 영월읍 영흥리 984-16,강원특별자치도 영월군 영월읍 중앙로 59,128.470341320145,37.1836504118545
MA010120220804675106,동강포도원래프팅민박,,R1,예술·스포츠,R104,유원지·오락,R10409,수상/해양 레저업,영월군,51750250,영월읍,영월읍,강원특별자치도 영월군 영월읍 거운리 562-1,강원특별자치도 영월군 영월읍 동강로 888,128.513636281009,37.2376765717585
MA010120220804675109,모델머리방,,S2,수리·개인,S207,이용·미용,S20701,미용실,영월군,51750250,영월읍,영월읍,강원특별자치도 영월군 영월읍 영흥리 945-10,강원특별자치도 영월군 영월읍 중앙로 46,128.468669566935,37.1833828383989
MA010120220804675119,누나네,,I2,음식,I201,한식,I20101,백반/한정식,영월군,51750250,영월읍,영월읍,강원특별자치도 영월군 영월읍 영흥리 966-2,강원특별자치도 영월군 영월읍 단종로16번길 15,128.469131743046,37.1851520257524
MA010120220804675176,둥지민박,,I1,숙박,I101,일반 숙박,I10103,펜션,영월군,51750250,영월읍,영월읍,강원특별자치도 영월군 영월읍 삼옥리 1571,강원특별자치도 영월군 영월읍 둥글바위길 39,128.504515055112,37.2022677896197
MA010120220804675206,영월펜션어린왕자,,I1,숙박,I101,일반 숙박,I10103,펜션,영월군,51750250,영월읍,영월읍,강원특별자치도 영월군 영월읍 삼옥리 1612-11,강원특별자치도 영월군 영월읍 동강로 237,128.506018395386,37.2014017739885
MA010120220804675208,동강단고기,,I2,음식,I201,한식,I20107,돼지고기 구이/찜,영월군,51750250,영월읍,영월읍,강원특별자치도 영월군 영월읍 영흥리 969-5,강원특별자치도 영월군 영월읍 단종로16번길 27,128.46980635807,37.1850986085229
MA010120220804675220,영월빈대떡,,I2,음식,I210,기타 간이,I21099,그 외 기타 간이 음식점,영월군,51750250,영월읍,영월읍,강원특별자치도 영월군 영월읍 하송리 4-1,강원특별자치도 영월군 영월읍 서부시장길 15,128.466782183539,37.1830278139259
MA010120220804675227,동강건강원,,G2,소매,G205,식료품 소매,G20508,건강보조식품 소매업,영월군,51750250,영월읍,영월읍,강원특별자치도 영월군 영월읍 거운리 549,강원특별자치도 영월군 영월읍 어라연길 3-8,128.513853043287,37.236682742983
MA010120220804675294,나르시스,,G2,소매,G209,섬유·의복·신발 소매,G20905,기타 의류 소매업,영월군,51750250,영월읍,영월읍,강원특별자치도 영월군 영월읍 하송리 253-43,강원특별자치도 영월군 영월읍 중앙1로 28,128.46589565995,37.183768576657
MA010120220804675300,래원,,I2,음식,I202,중식,I20201,중국집,영월군,51750250,영월읍,영월읍,강원특별자치도 영월군 영월읍 영흥리 991-19,강원특별자치도 영월군 영월읍 단종로16번길 40,128.470410279448,37.1848838897564
MA010120220804675315,그린세탁소,,S2,수리·개인,S209,세탁,S20901,세탁소,영월군,51750250,영월읍,영월읍,강원특별자치도 영월군 영월읍 하송리 245-4,강원특별자치도 영월군 영월읍 하송로 39,128.463955685139,37.1841889958704
MA010120220804675350,로타리이용원,,S2,수리·개인,S207,이용·미용,S20701,미용실,영월군,51750250,영월읍,영월읍,강원특별자치도 영월군 영월읍 덕포리 574-245,강원특별자치도 영월군 영월읍 중앙로 149,128.477438566499,37.1791833773281
MA010120220804675351,영일오토바이,,S2,수리·개인,S204,모터사이클 수리,S20401,모터사이클 수리업,영월군,51750250,영월읍,영월읍,강원특별자치도 영월군 영월읍 영흥리 995-2,강원특별자치도 영월군 영월읍 영모전길 39,128.470991605798,37.1852460715245
MA010120220804675354,은창상회,,G2,소매,G204,종합 소매,G20404,슈퍼마켓,영월군,51750250,영월읍,영월읍,강원특별자치도 영월군 영월읍 덕포리 593-16,강원특별자치도 영월군 영월읍 중앙로 179,128.477576420916,37.1764336880682
MA010120220804675356,남강레제사,,G2,소매,G213,오락용품 소매,G21306,장난감 소매업,영월군,51750250,영월읍,영월읍,강원특별자치도 영월군 영월읍 덕포리 574-206,강원특별자치도 영월군 영월읍 중앙로 132,128.476710464261,37.1805349062181
MA010120220804675357,형제고무,,G2,소매,G209,섬유·의복·신발 소매,G20910,신발 소매업,영월군,51750250,영월읍,영월읍,강원특별자치도 영월군 영월읍 덕포리 486-35,강원특별자치도 영월군 영월읍 덕포시장길 56,128.479101908595,37.1824872121653
MA010120220804675360,장릉식당,,I2,음식,I201,한식,I20101,백반/한정식,영월군,51750250,영월읍,영월읍,강원특별자치도 영월군 영월읍 영흥리 1092-2,강원특별자치도 영월군 영월읍 단종로 189,128.455015690611,37.1948045042975
MA010120220804675365,느티나무상회,,G2,소매,G204,종합 소매,G20404,슈퍼마켓,영월군,51750250,영월읍,영월읍,강원특별자치도 영월군 영월읍 연하리 379,강원특별자치도 영월군 영월읍 복덕원길 83,128.558196530345,37.194627289181
MA010120220804675366,대동카센타,,S2,수리·개인,S203,자동차 수리·세차,S20301,자동차 정비소,영월군,51750250,영월읍,영월읍,강원특별자치도 영월군 영월읍 영흥리 959-11,강원특별자치도 영월군 영월읍 단종로 36-1,128.466986454271,37.1866021509059
MA010120220804675373,동강빌리지,,I2,음식,I204,서양식,I20401,경양식,영월군,51750250,영월읍,영월읍,강원특별자치도 영월군 영월읍 삼옥리 1621-5,강원특별자치도 영월군 영월읍 동강로 223,128.507558499953,37.2001208266043
MA010120220804675377,호산카포스,,S2,수리·개인,S203,자동차 수리·세차,S20301,자동차 정비소,영월군,51750250,영월읍,영월읍,강원특별자치도 영월군 영월읍 덕포리 678-7,강원특별자치도 영월군 영월읍 중앙로 251,128.47893640847,37.1699567326205
MA010120220804675381,약촌오리숯불양념구이,,I2,음식,I201,한식,I20107,돼지고기 구이/찜,영월군,51750250,영월읍,영월읍,강원특별자치도 영월군 영월읍 하송리 169-2,강원특별자치도 영월군 영월읍 하송로 105,128.460338432038,37.1793773879379
MA010120220804675384,벌떼식당,,I2,음식,I201,한식,I20101,백반/한정식,영월군,51750250,영월읍,영월읍,강원특별자치도 영월군 영월읍 덕포리 505-11,강원특별자치도 영월군 영월읍 중리1길 108,128.482159235361,37.1816291139323
MA010120220804675390,선제약국,,G2,소매,G215,의약·화장품 소매,G21501,약국,영월군,51750250,영월읍,영월읍,강원특별자치도 영월군 영월읍 하송리 254-3,강원특별자치도 영월군 영월읍 중앙1로 33,128.465429092373,37.1840987000331
MA010120220804675391,매일슈퍼,,G2,소매,G204,종합 소매,G20404,슈퍼마켓,영월군,51750250,영월읍,영월읍,강원특별자치도 영월군 영월읍 덕포리 574-164,강원특별자치도 영월군 영월읍 중앙로 145,128.477390000411,37.1795804113698
MA010120220804675403,덕포식당,,I2,음식,I201,한식,I20107,돼지고기 구이/찜,영월군,51750250,영월읍,영월읍,강원특별자치도 영월군 영월읍 덕포리 502-16,강원특별자치도 영월군 영월읍 덕포시장길 69,128.479585627065,37.1830397746346
MA010120220804675407,삼춘식당,,I2,음식,I201,한식,I20107,돼지고기 구이/찜,영월군,51750250,영월읍,영월읍,강원특별자치도 영월군 영월읍 영흥리 832-2,강원특별자치도 영월군 영월읍 단종로16번길 61-3,128.471520039106,37.1852034694324
MA010120220804675447,한누리,,I2,음식,I201,한식,I20101,백반/한정식,영월군,51750250,영월읍,영월읍,강원특별자치도 영월군 영월읍 영흥리 990-1,강원특별자치도 영월군 영월읍 관풍헌길 62-9,128.470774982944,37.1845279825163
MA010120220804675455,제일세탁소,,S2,수리·개인,S209,세탁,S20901,세탁소,영월군,51750250,영월읍,영월읍,강원특별자치도 영월군 영월읍 덕포리 574-206,강원특별자치도 영월군 영월읍 중앙로 130-2,128.476677042779,37.180553342299
MA010120220804675456,숙헤어뱅크,,S2,수리·개인,S207,이용·미용,S20701,미용실,영월군,51750250,영월읍,영월읍,강원특별자치도 영월군 영월읍 하송리 184-1,강원특별자치도 영월군 영월읍 하송안길 37,128.464917403132,37.1815102225303
MA010120220804675483,대덕,,I1,숙박,I101,일반 숙박,I10103,펜션,영월군,51750250,영월읍,영월읍,강원특별자치도 영월군 영월읍 삼옥리 234-6,강원특별자치도 영월군 영월읍 동강로 826,128.510506994421,37.2333288521045
MA010120220804675485,원조청풍횟집,,I2,음식,I201,한식,I20111,횟집,영월군,51750250,영월읍,영월읍,강원특별자치도 영월군 영월읍 삼옥리 1578-2,강원특별자치도 영월군 영월읍 동강로 261-1,128.506168950658,37.2033099096934
MA010120220804675502,영월동강라메종펜션,,I1,숙박,I101,일반 숙박,I10103,펜션,영월군,51750250,영월읍,영월읍,강원특별자치도 영월군 영월읍 거운리 564-3,강원특별자치도 영월군 영월읍 동강로 887,128.513233956894,37.2378438875773
MA010120220804675504,대자연레저본부,,R1,예술·스포츠,R103,스포츠 서비스,R10310,당구장,영월군,51750250,영월읍,영월읍,강원특별자치도 영월군 영월읍 문산리 428-6,강원특별자치도 영월군 영월읍 동강로 1508,128.528916850959,37.2722661846749
MA010120220804675528,동강제골조은농장휴게실,,G2,소매,G205,식료품 소매,G20506,채소/과일 소매업,영월군,51750250,영월읍,영월읍,강원특별자치도 영월군 영월읍 삼옥리 340,강원특별자치도 영월군 영월읍 동강로 599,128.513989844352,37.2221124323726
MA010120220804675542,거운쉼터,,G2,소매,G204,종합 소매,G20404,슈퍼마켓,영월군,51750250,영월읍,영월읍,강원특별자치도 영월군 영월읍 거운리 531,강원특별자치도 영월군 영월읍 동강로 879-10,128.512599145043,37.2365275861494
MA010120220804675559,서진차유리,,G2,소매,G212,기타 생활용품 소매,G21202,주방/가정용품 소매업,영월군,51750250,영월읍,영월읍,강원특별자치도 영월군 영월읍 덕포리 628,강원특별자치도 영월군 영월읍 덕포하리3길 30,128.479407630566,37.1744917600602
MA010120220804675563,가고파슈퍼,,G2,소매,G204,종합 소매,G20404,슈퍼마켓,영월군,51750250,영월읍,영월읍,강원특별자치도 영월군 영월읍 영흥리 854-1,강원특별자치도 영월군 영월읍 영월향교길 46,128.474280730513,37.1852952794627
MA010120220804675573,르노자동차서비스코너영월점애니카랜드,코리아,S2,수리·개인,S203,자동차 수리·세차,S20301,자동차 정비소,영월군,51750250,영월읍,영월읍,강원특별자치도 영월군 영월읍 덕포리 667,강원특별자치도 영월군 영월읍 중앙로 225-1,128.478600580046,37.1723665264333
MA010120220804675575,승리식당,,I2,음식,I201,한식,I20101,백반/한정식,영월군,51750250,영월읍,영월읍,강원특별자치도 영월군 영월읍 하송리 8-5,강원특별자치도 영월군 영월읍 영월로 1967,128.466141696712,37.1813509206038
MA010120220804675580,영동의료기,,G2,소매,G215,의약·화장품 소매,G21502,의료기기 소매업,영월군,51750250,영월읍,영월읍,강원특별자치도 영월군 영월읍 영흥리 954-10,강원특별자치도 영월군 영월읍 중앙1로 48,128.465972557371,37.1854164075793
MA010120220804675592,낙원숯불갈비,,I2,음식,I201,한식,I20107,돼지고기 구이/찜,영월군,51750250,영월읍,영월읍,강원특별자치도 영월군 영월읍 영흥리 905-2,강원특별자치도 영월군 영월읍 중앙로 76-7,128.472404553842,37.1832013272318
MA010120220804675607,중앙교구,,G2,소매,G213,오락용품 소매,G21301,서점,영월군,51750250,영월읍,영월읍,강원특별자치도 영월군 영월읍 영흥리 944-2,강원특별자치도 영월군 영월읍 하송안길 112,128.46871800612,37.1829767995615
MA010120220804675618,동강하늘샘,,I1,숙박,I101,일반 숙박,I10103,펜션,영월군,51750250,영월읍,영월읍,강원특별자치도 영월군 영월읍 삼옥리 1577-7,강원특별자치도 영월군 영월읍 동강로 261,128.505937310125,37.2035561163412
MA010120220804675622,끼헤어월드,,S2,수리·개인,S207,이용·미용,S20701,미용실,영월군,51750250,영월읍,영월읍,강원특별자치도 영월군 영월읍 영흥리 983-4,강원특별자치도 영월군 영월읍 관풍헌길 55,128.470067206175,37.1840322228313
MA010120220804675628,서강닭갈비,,I2,음식,I201,한식,I20110,닭/오리고기 구이/찜,영월군,51750250,영월읍,영월읍,강원특별자치도 영월군 영월읍 하송리 409-10,강원특별자치도 영월군 영월읍 하송로 152,128.456615262374,37.1766482192992
MA010120220804675666,동강펜션해오름,,I1,숙박,I101,일반 숙박,I10103,펜션,영월군,51750250,영월읍,영월읍,강원특별자치도 영월군 영월읍 삼옥리 551-2,강원특별자치도 영월군 영월읍 삼옥길 6,128.509008921853,37.2079137358424
MA010120220804675682,강빛,,I2,음식,I201,한식,I20101,백반/한정식,영월군,51750250,영월읍,영월읍,강원특별자치도 영월군 영월읍 방절리 592-4,강원특별자치도 영월군 영월읍 선돌길 83-19,128.433739227749,37.1792157645615
MA010120220804675683,아름다운미용실,,S2,수리·개인,S207,이용·미용,S20701,미용실,영월군,51750250,영월읍,영월읍,강원특별자치도 영월군 영월읍 영흥리 964-11,강원특별자치도 영월군 영월읍 단종로16번길 3,128.468533317385,37.1850693485938
MA010120220804675689,대려도,,I2,음식,I202,중식,I20201,중국집,영월군,51750250,영월읍,영월읍,강원특별자치도 영월군 영월읍 영흥리 1069-3,강원특별자치도 영월군 영월읍 중앙1로 43,128.465632026095,37.1852764654737
MA010120220804675693,동강래프팅클럽,,R1,예술·스포츠,R103,스포츠 서비스,R10310,당구장,영월군,51750250,영월읍,영월읍,강원특별자치도 영월군 영월읍 덕포리 575-3,강원특별자치도 영월군 영월읍 덕포우회길 38,128.474748266861,37.1792259086298
MA010120220804675699,까까머리,,S2,수리·개인,S207,이용·미용,S20701,미용실,영월군,51750250,영월읍,영월읍,강원특별자치도 영월군 영월읍 영흥리 944-8,강원특별자치도 영월군 영월읍 하송안길 102,128.468352872733,37.1827290533098
MA010120220804675713,팡팡노래연습장,,R1,예술·스포츠,R104,유원지·오락,R10407,노래방,영월군,51750250,영월읍,영월읍,강원특별자치도 영월군 영월읍 영흥리 991-2,강원특별자치도 영월군 영월읍 관풍헌길 70,128.470362801935,37.1847583427822
MA010120220804675739,중앙약국,,G2,소매,G215,의약·화장품 소매,G21501,약국,영월군,51750250,영월읍,영월읍,강원특별자치도 영월군 영월읍 하송리 252-8,강원특별자치도 영월군 영월읍 중앙로 12,128.464888308535,37.1835017358929
MA010120220804675755,맥스원이벤트,,N1,시설관리·임대,N108,기타 사업 서비스,N10802,전시/컨벤션/행사 대행 서비스업,영월군,51750250,영월읍,영월읍,강원특별자치도 영월군 영월읍 거운리 564-3,강원특별자치도 영월군 영월읍 동강로 887,128.513233956894,37.2378438875773
MA010120220804675770,인사동민속떡집,,I2,음식,I210,기타 간이,I21002,떡/한과,영월군,51750250,영월읍,영월읍,강원특별자치도 영월군 영월읍 하송리 5-25,강원특별자치도 영월군 영월읍 서부시장길 12-9,128.466563233187,37.182769242236
MA010120220804675778,동강힐링캠프,,R1,예술·스포츠,R104,유원지·오락,R10409,수상/해양 레저업,영월군,51750250,영월읍,영월읍,강원특별자치도 영월군 영월읍 삼옥리 237-1,강원특별자치도 영월군 영월읍 섭새길 51,128.510765971088,37.2321903355138
MA010120220804675794,동강레져레프팅,,R1,예술·스포츠,R104,유원지·오락,R10409,수상/해양 레저업,영월군,51750250,영월읍,영월읍,강원특별자치도 영월군 영월읍 덕포리 502-85,강원특별자치도 영월군 영월읍 영월로 2105-1,128.480424684392,37.1827589999275
MA010120220804675801,고려공예사,,G2,소매,G221,기타 상품 소매,G22199,그 외 기타 상품 전문 소매업,영월군,51750250,영월읍,영월읍,강원특별자치도 영월군 영월읍 덕포리 196-3,강원특별자치도 영월군 영월읍 영월로 2282,128.498347591368,37.1825696969705
MA010120220804675819,동강할인마트아뜰리에,,G2,소매,G204,종합 소매,G20404,슈퍼마켓,영월군,51750250,영월읍,영월읍,강원특별자치도 영월군 영월읍 영흥리 969-1,강원특별자치도 영월군 영월읍 관풍헌길 85-7,128.469585734237,37.1853355988958
MA010120220804675828,동강밀레니엄래프팅,,R1,예술·스포츠,R104,유원지·오락,R10409,수상/해양 레저업,영월군,51750250,영월읍,영월읍,강원특별자치도 영월군 영월읍 거운리 546,강원특별자치도 영월군 영월읍 동강로 878,128.513355557417,37.2365990067105
MA010120220804675839,늘푸른대나무골전통오리,전문점,I2,음식,I201,한식,I20107,돼지고기 구이/찜,영월군,51750250,영월읍,영월읍,강원특별자치도 영월군 영월읍 하송리 253-14,강원특별자치도 영월군 영월읍 중앙1로 30,128.465952820298,37.1838129180162
MA010120220804675854,K스토리,,G2,소매,G209,섬유·의복·신발 소매,G20905,기타 의류 소매업,영월군,51750250,영월읍,영월읍,강원특별자치도 영월군 영월읍 영흥리 945-10,강원특별자치도 영월군 영월읍 중앙로 46,128.468669566935,37.1833828383989
MA010120220804675878,영기획,,M1,과학·기술,M114,인쇄·제품제작,M11401,명함/간판/광고물 제작,영월군,51750250,영월읍,영월읍,강원특별자치도 영월군 영월읍 영흥리 868-2,강원특별자치도 영월군 영월읍 영월향교1길 40,128.473766532723,37.1854908821862
MA010120220804675893,만선식당,,I2,음식,I201,한식,I20111,횟집,영월군,51750250,영월읍,영월읍,강원특별자치도 영월군 영월읍 영흥리 959-28,강원특별자치도 영월군 영월읍 단종로 19,128.46805218238,37.1852284777924
MA010120220804675895,진시스템,,G2,소매,G208,가전·통신 소매,G20801,컴퓨터/소프트웨어 소매업,영월군,51750250,영월읍,영월읍,강원특별자치도 영월군 영월읍 하송리 168-1,강원특별자치도 영월군 영월읍 하송로 103-7,128.461165053205,37.1790338343078
MA010120220804675901,불티나닭갈비,,I2,음식,I201,한식,I20110,닭/오리고기 구이/찜,영월군,51750250,영월읍,영월읍,강원특별자치도 영월군 영월읍 영흥리 966-2,강원특별자치도 영월군 영월읍 단종로16번길 15,128.469131743046,37.1851520257524
MA010120220804675962,현대자동차영월점,,S2,수리·개인,S203,자동차 수리·세차,S20301,자동차 정비소,영월군,51750250,영월읍,영월읍,강원특별자치도 영월군 영월읍 하송리 243-4,강원특별자치도 영월군 영월읍 하송로 46-5,128.463180407135,37.18369402872
MA010120220804675987,뚝심세탁소,,S2,수리·개인,S209,세탁,S20901,세탁소,영월군,51750250,영월읍,영월읍,강원특별자치도 영월군 영월읍 영흥리 993-5,강원특별자치도 영월군 영월읍 영모전길 29,128.471016119358,37.1847682511926
MA010120220804676029,변호사김재성법률사무소,,M1,과학·기술,M103,법무관련 ,M10301,변호사,영월군,51750250,영월읍,영월읍,강원특별자치도 영월군 영월읍 영흥리 859-16,강원특별자치도 영월군 영월읍 봉래산로 16,128.472141051519,37.1847092278312
MA010120220804676031,별마로스크린골프,,R1,예술·스포츠,R103,스포츠 서비스,R10311,골프 연습장,영월군,51750250,영월읍,영월읍,강원특별자치도 영월군 영월읍 영흥리 837-6,강원특별자치도 영월군 영월읍 봉래산로 17,128.471490181689,37.1848254315012
MA010120220804676046,세종장,,I1,숙박,I101,일반 숙박,I10102,여관/모텔,영월군,51750250,영월읍,영월읍,강원특별자치도 영월군 영월읍 덕포리 502-69,강원특별자치도 영월군 영월읍 영월로 2109-10,128.480660566582,37.1833056451575
MA010120220804676060,법무사박선웅사무소,,M1,과학·기술,M103,법무관련 ,M10303,법무사,영월군,51750250,영월읍,영월읍,강원특별자치도 영월군 영월읍 영흥리 868-2,강원특별자치도 영월군 영월읍 영월향교1길 40,128.473766532723,37.1854908821862
MA010120220804676068,동부마트,,G2,소매,G204,종합 소매,G20404,슈퍼마켓,영월군,51750250,영월읍,영월읍,강원특별자치도 영월군 영월읍 덕포리 486-39,강원특별자치도 영월군 영월읍 덕포시장길 32-5,128.478153826218,37.1817962871013
MA010120220804676075,하송충전소,,G2,소매,G214,연료 소매,G21402,가스 충전소,영월군,51750250,영월읍,영월읍,강원특별자치도 영월군 영월읍 하송리 294-6,강원특별자치도 영월군 영월읍 청령포로 12-6,128.456787232643,37.1856018017183
MA010120220804676108,친우이용원,,S2,수리·개인,S207,이용·미용,S20701,미용실,영월군,51750250,영월읍,영월읍,강원특별자치도 영월군 영월읍 영흥리 947-25,강원특별자치도 영월군 영월읍 중앙로 27,128.466715399251,37.1836503129941
MA010120220804676115,CT주점,,I2,음식,I211,주점,I21104,요리 주점,영월군,51750250,영월읍,영월읍,강원특별자치도 영월군 영월읍 하송리 252-1,강원특별자치도 영월군 영월읍 중앙로 9,128.464816810635,37.1838810292277
MA010120220804676120,시장반찬,전문점,G2,소매,G205,식료품 소매,G20509,반찬/식료품 소매업,영월군,51750250,영월읍,영월읍,강원특별자치도 영월군 영월읍 영흥리 947-44,강원특별자치도 영월군 영월읍 서부시장길 15-16,128.466706514471,37.1831909261884
MA010120220804676161,조은민박,,I1,숙박,I101,일반 숙박,I10102,여관/모텔,영월군,51750250,영월읍,영월읍,강원특별자치도 영월군 영월읍 삼옥리 340,강원특별자치도 영월군 영월읍 동강로 599,128.513989844352,37.2221124323726
MA010120220804676162,덕포떡집,,I2,음식,I210,기타 간이,I21002,떡/한과,영월군,51750250,영월읍,영월읍,강원특별자치도 영월군 영월읍 덕포리 486-201,강원특별자치도 영월군 영월읍 영월로 2085-25,128.479365240524,37.1821325444855
MA010120220804676171,강릉왕족발송어회,,I2,음식,I201,한식,I20103,족발/보쌈,영월군,51750250,영월읍,영월읍,강원특별자치도 영월군 영월읍 영흥리 947-70,강원특별자치도 영월군 영월읍 중앙로 33-2,128.467594040081,37.1836664600688
MA010120220804676185,해오름공사,,M1,과학·기술,M105,광고,M10504,광고물 설계/제작업,영월군,51750250,영월읍,영월읍,강원특별자치도 영월군 영월읍 영흥리 1015-2,강원특별자치도 영월군 영월읍 단종로34번길 29-10,128.468192223139,37.1872269035342
MA010120220804676188,봉우식당,,I2,음식,I201,한식,I20101,백반/한정식,영월군,51750250,영월읍,영월읍,강원특별자치도 영월군 영월읍 영흥리 957-1,강원특별자치도 영월군 영월읍 단종로 46,128.466056886338,37.1868659318006
MA010120220804676220,남원추어탕,,I2,음식,I201,한식,I20102,국/탕/찌개류,영월군,51750250,영월읍,영월읍,강원특별자치도 영월군 영월읍 덕포리 608,강원특별자치도 영월군 영월읍 중앙로 215-1,128.478223286795,37.1732271603122
MA010120220804676226,광천숯불구이막국수,,I2,음식,I201,한식,I20107,돼지고기 구이/찜,영월군,51750250,영월읍,영월읍,강원특별자치도 영월군 영월읍 하송리 405-9,강원특별자치도 영월군 영월읍 하송로 138,128.457254986476,37.1777125134466
MA010120220804676245,아이비클럽,,G2,소매,G209,섬유·의복·신발 소매,G20905,기타 의류 소매업,영월군,51750250,영월읍,영월읍,강원특별자치도 영월군 영월읍 영흥리 945-33,강원특별자치도 영월군 영월읍 중앙로 40-3,128.468350335082,37.1831795717785
MA010120220804676278,강원칡냉면,,I2,음식,I201,한식,I20106,냉면/밀면,영월군,51750250,영월읍,영월읍,강원특별자치도 영월군 영월읍 영흥리 957-9,강원특별자치도 영월군 영월읍 단종로 44,128.466289829175,37.1866828538552
MA010120220804676282,중앙카센타,,S2,수리·개인,S203,자동차 수리·세차,S20301,자동차 정비소,영월군,51750250,영월읍,영월읍,강원특별자치도 영월군 영월읍 하송리 178-4,강원특별자치도 영월군 영월읍 분수대길 34,128.463282189966,37.1802150090518
MA010120220804676297,극동공업사,,S2,수리·개인,S203,자동차 수리·세차,S20301,자동차 정비소,영월군,51750250,영월읍,영월읍,강원특별자치도 영월군 영월읍 덕포리 574-80,강원특별자치도 영월군 영월읍 덕포우회길 54,128.474162768712,37.1786475628588
MA010120220804676306,신영전자,,S2,수리·개인,S205,가전제품 수리,S20501,가전제품 수리업,영월군,51750250,영월읍,영월읍,강원특별자치도 영월군 영월읍 하송리 184-71,강원특별자치도 영월군 영월읍 하송안길 21,128.464180962672,37.1812760639323
MA010120220804676325,약물내기민물매운탕,,I2,음식,I201,한식,I20112,해산물 구이/찜,영월군,51750250,영월읍,영월읍,강원특별자치도 영월군 영월읍 덕포리 4-8,강원특별자치도 영월군 영월읍 영월로 2294,128.499633807429,37.1826975765648
MA010120220804676349,변호사김태연법률사무소,,M1,과학·기술,M103,법무관련 ,M10301,변호사,영월군,51750250,영월읍,영월읍,강원특별자치도 영월군 영월읍 영흥리 859-16,강원특별자치도 영월군 영월읍 봉래산로 16,128.472141051519,37.1847092278312
MA010120220804676363,본가점,,I2,음식,I201,한식,I20107,돼지고기 구이/찜,영월군,51750250,영월읍,영월읍,강원특별자치도 영월군 영월읍 영흥리 944-114,강원특별자치도 영월군 영월읍 단종로9번길 38,128.46596396438,37.1843894035475
MA010120220804676426,영월로또명당,,R1,예술·스포츠,R104,유원지·오락,R10410,복권 발행/판매업,영월군,51750250,영월읍,영월읍,강원특별자치도 영월군 영월읍 영흥리 945-43,강원특별자치도 영월군 영월읍 중앙로 44,128.468489266504,37.1833760638807
MA010120220804676432,미화,,S2,수리·개인,S207,이용·미용,S20701,미용실,영월군,51750250,영월읍,영월읍,강원특별자치도 영월군 영월읍 영흥리 947-98,강원특별자치도 영월군 영월읍 단종로33번길 43,128.46716247454,37.1840592247442
MA010120220804676464,국가대표복권방,,R1,예술·스포츠,R104,유원지·오락,R10410,복권 발행/판매업,영월군,51750250,영월읍,영월읍,강원특별자치도 영월군 영월읍 영흥리 936,강원특별자치도 영월군 영월읍 중앙로 68,128.471157380666,37.1833429587023
MA010120220804676470,영월BYC,,G2,소매,G209,섬유·의복·신발 소매,G20905,기타 의류 소매업,영월군,51750250,영월읍,영월읍,강원특별자치도 영월군 영월읍 하송리 11-1,강원특별자치도 영월군 영월읍 서부시장길 16-14,128.467258079405,37.1825984625758
MA010120220804676500,해인,,I2,음식,I211,주점,I21101,일반 유흥 주점,영월군,51750250,영월읍,영월읍,강원특별자치도 영월군 영월읍 영흥리 936,강원특별자치도 영월군 영월읍 중앙로 68,128.471157380666,37.1833429587023
MA010120220804676513,와와노래연습장,,R1,예술·스포츠,R104,유원지·오락,R10407,노래방,영월군,51750250,영월읍,영월읍,강원특별자치도 영월군 영월읍 영흥리 947-60,강원특별자치도 영월군 영월읍 단종로33번길 51,128.467099039934,37.1836906110311
MA010120220804676522,아가페헤어,,S2,수리·개인,S207,이용·미용,S20701,미용실,영월군,51750250,영월읍,영월읍,강원특별자치도 영월군 영월읍 영흥리 940-25,강원특별자치도 영월군 영월읍 하송안길 122,128.469117962408,37.1832781712303
MA010120220804676538,하모니,,I2,음식,I211,주점,I21101,일반 유흥 주점,영월군,51750250,영월읍,영월읍,강원특별자치도 영월군 영월읍 영흥리 977,강원특별자치도 영월군 영월읍 단종로 4-1,128.468509420083,37.1838353107444
MA010120220804676542,밝은세상안경원,,G2,소매,G216,안경·정밀기기 소매,G21602,안경렌즈 소매업,영월군,51750250,영월읍,영월읍,강원특별자치도 영월군 영월읍 영흥리 944-114,강원특별자치도 영월군 영월읍 단종로9번길 38,128.46596396438,37.1843894035475
MA010120220804676551,샬롬헤어프라자,,S2,수리·개인,S207,이용·미용,S20701,미용실,영월군,51750250,영월읍,영월읍,강원특별자치도 영월군 영월읍 덕포리 574-9,강원특별자치도 영월군 영월읍 중앙로 123,128.476411388601,37.1813675295304
MA010120220804676563,올리비아로렌영월,,G2,소매,G209,섬유·의복·신발 소매,G20905,기타 의류 소매업,영월군,51750250,영월읍,영월읍,강원특별자치도 영월군 영월읍 영흥리 947-55,강원특별자치도 영월군 영월읍 중앙로 34,128.467409207336,37.1834254868094
MA010120220804676567,홈마트베이커리,,I2,음식,I210,기타 간이,I21001,빵/도넛,영월군,51750250,영월읍,영월읍,강원특별자치도 영월군 영월읍 하송리 251-2,강원특별자치도 영월군 영월읍 중앙로 5-10,128.464321333609,37.184463778555
MA010120220804676588,헤드배드민턴,,G2,소매,G213,오락용품 소매,G21304,운동용품 소매업,영월군,51750250,영월읍,영월읍,강원특별자치도 영월군 영월읍 하송리 208-10,강원특별자치도 영월군 영월읍 하송로 75,128.462616331332,37.1813044018865
MA010120220804676622,광일상회,,G2,소매,G209,섬유·의복·신발 소매,G20905,기타 의류 소매업,영월군,51750250,영월읍,영월읍,강원특별자치도 영월군 영월읍 덕포리 574-206,강원특별자치도 영월군 영월읍 중앙로 130-1,128.476666311491,37.1805805052703
MA010120220804676668,가보자삼결살,,I2,음식,I201,한식,I20107,돼지고기 구이/찜,영월군,51750250,영월읍,영월읍,강원특별자치도 영월군 영월읍 하송리 189-5,강원특별자치도 영월군 영월읍 중앙1로 17-9,128.465130186291,37.1826157896958
MA010120220804676676,통나무집동강의아침,,I2,음식,I201,한식,I20107,돼지고기 구이/찜,영월군,51750250,영월읍,영월읍,강원특별자치도 영월군 영월읍 삼옥리 1646-6,강원특별자치도 영월군 영월읍 동강로 100,128.501983511852,37.1916054269144
MA010120220804676715,목골식당,,I2,음식,I201,한식,I20101,백반/한정식,영월군,51750250,영월읍,영월읍,강원특별자치도 영월군 영월읍 삼옥리 200-1,강원특별자치도 영월군 영월읍 섭새길 71-6,128.512966047777,37.23233342602
MA010120220804676718,수달레져,,R1,예술·스포츠,R103,스포츠 서비스,R10310,당구장,영월군,51750250,영월읍,영월읍,강원특별자치도 영월군 영월읍 거운리 523-3,강원특별자치도 영월군 영월읍 동강로 871-11,128.511714427322,37.2356739623603
MA010120220804676752,동강의품속,,I1,숙박,I101,일반 숙박,I10102,여관/모텔,영월군,51750250,영월읍,영월읍,강원특별자치도 영월군 영월읍 삼옥리 797,강원특별자치도 영월군 영월읍 동강로 671,128.505999104283,37.2230972731187
MA010120220804676787,연화,,I2,음식,I211,주점,I21101,일반 유흥 주점,영월군,51750250,영월읍,영월읍,강원특별자치도 영월군 영월읍 영흥리 842-2,강원특별자치도 영월군 영월읍 영모전길 12,128.471394771563,37.1839706918296
MA010120220804676821,B.B.Q,,I2,음식,I210,기타 간이,I21006,치킨,영월군,51750250,영월읍,영월읍,강원특별자치도 영월군 영월읍 하송리 207,강원특별자치도 영월군 영월읍 하송로 72,128.462421336909,37.181703238192
MA010120220804676822,강변식당,,I2,음식,I201,한식,I20101,백반/한정식,영월군,51750250,영월읍,영월읍,강원특별자치도 영월군 영월읍 하송리 433,강원특별자치도 영월군 영월읍 제방안길 214,128.455144212847,37.1733326838196
MA010120220804676827,포청천,,I2,음식,I202,중식,I20201,중국집,영월군,51750250,영월읍,영월읍,강원특별자치도 영월군 영월읍 영흥리 901-5,강원특별자치도 영월군 영월읍 중앙로 92-1,128.473869646512,37.1832641954231
MA010120220804676858,아서원,,I2,음식,I202,중식,I20201,중국집,영월군,51750250,영월읍,영월읍,강원특별자치도 영월군 영월읍 영흥리 971-11,강원특별자치도 영월군 영월읍 관풍헌길 69,128.470059357854,37.1847891380795
MA010120220804676870,GS25영월,터미널점,G2,소매,G204,종합 소매,G20405,편의점,영월군,51750250,영월읍,영월읍,강원특별자치도 영월군 영월읍 하송리 187-10,강원특별자치도 영월군 영월읍 중앙1로 17-3,128.46558067146,37.18261922699
MA010120220804676873,탑라인,,S2,수리·개인,S207,이용·미용,S20702,피부 관리실,영월군,51750250,영월읍,영월읍,강원특별자치도 영월군 영월읍 영흥리 936-1,강원특별자치도 영월군 영월읍 중앙로 68-1,128.471247443516,37.1833418401801
MA010120220804676877,아리랑미용실,,S2,수리·개인,S207,이용·미용,S20701,미용실,영월군,51750250,영월읍,영월읍,강원특별자치도 영월군 영월읍 영흥리 947-26,강원특별자치도 영월군 영월읍 중앙로 35,128.467717702891,37.1836559182161
MA010120220804676912,강사랑래프팅,,R1,예술·스포츠,R104,유원지·오락,R10409,수상/해양 레저업,영월군,51750250,영월읍,영월읍,강원특별자치도 영월군 영월읍 거운리 546,강원특별자치도 영월군 영월읍 동강로 878,128.513355557417,37.2365990067105
MA010120220804676929,아리랑이용원,,S2,수리·개인,S207,이용·미용,S20701,미용실,영월군,51750250,영월읍,영월읍,강원특별자치도 영월군 영월읍 영흥리 912-5,강원특별자치도 영월군 영월읍 중앙시장길 7,128.471807014713,37.1831637041485
MA010120220804676935,동강드림래프팅,,R1,예술·스포츠,R104,유원지·오락,R10409,수상/해양 레저업,영월군,51750250,영월읍,영월읍,강원특별자치도 영월군 영월읍 거운리 493,강원특별자치도 영월군 영월읍 어라연길 48,128.517169915969,37.2346311432876
MA010120220804676955,미엔미헤어샵,,S2,수리·개인,S207,이용·미용,S20701,미용실,영월군,51750250,영월읍,영월읍,강원특별자치도 영월군 영월읍 영흥리 936,강원특별자치도 영월군 영월읍 중앙로 68,128.471157380666,37.1833429587023
MA010120220804676969,현대공인중개사,,L1,부동산,L102,부동산 서비스,L10203,부동산 중개/대리업,영월군,51750250,영월읍,영월읍,강원특별자치도 영월군 영월읍 하송리 184-20,강원특별자치도 영월군 영월읍 하송안길 33,128.464648438008,37.1815766164865
MA010120220804676971,예진네분식,,I2,음식,I210,기타 간이,I21099,그 외 기타 간이 음식점,영월군,51750250,영월읍,영월읍,강원특별자치도 영월군 영월읍 영흥리 947-57,강원특별자치도 영월군 영월읍 중앙로 30-1,128.46675398491,37.1833164748125
MA010120220804676975,스카이레저클럽,,R1,예술·스포츠,R103,스포츠 서비스,R10310,당구장,영월군,51750250,영월읍,영월읍,강원특별자치도 영월군 영월읍 삼옥리 345,강원특별자치도 영월군 영월읍 동강로 592-2,128.514926055874,37.2227311330224
MA010120220804677001,옥이헤어아트,,S2,수리·개인,S207,이용·미용,S20701,미용실,영월군,51750250,영월읍,영월읍,강원특별자치도 영월군 영월읍 영흥리 844-2,강원특별자치도 영월군 영월읍 중앙로 71,128.471758941652,37.1835877590087
MA010120220804677021,24시신나는노래연습장,,R1,예술·스포츠,R104,유원지·오락,R10407,노래방,영월군,51750250,영월읍,영월읍,강원특별자치도 영월군 영월읍 영흥리 979-9,강원특별자치도 영월군 영월읍 중앙로 53,128.469721960615,37.1836490880597
MA010120220804677096,조은F&C,,G2,소매,G204,종합 소매,G20404,슈퍼마켓,영월군,51750250,영월읍,영월읍,강원특별자치도 영월군 영월읍 하송리 181-3,강원특별자치도 영월군 영월읍 분수대길 56,128.464763871316,37.1805570878376
MA010120220804677102,항곤,,G2,소매,G221,기타 상품 소매,G22199,그 외 기타 상품 전문 소매업,영월군,51750250,영월읍,영월읍,강원특별자치도 영월군 영월읍 덕포리 342-5,강원특별자치도 영월군 영월읍 중리2길 114-1,128.484955130961,37.1812247008882
MA010120220804677143,이산아리,,G2,소매,G205,식료품 소매,G20506,채소/과일 소매업,영월군,51750250,영월읍,영월읍,강원특별자치도 영월군 영월읍 삼옥리 1570,강원특별자치도 영월군 영월읍 둥글바위길 61-3,128.504422477274,37.203278048879
MA010120220804677198,다이소영월점,,G2,소매,G204,종합 소매,G20499,그 외 기타 종합 소매업,영월군,51750250,영월읍,영월읍,강원특별자치도 영월군 영월읍 영흥리 928-12,강원특별자치도 영월군 영월읍 관풍헌길 21,128.469903303027,37.1825476499447
MA010120220804677226,태환약초건강원,,G2,소매,G205,식료품 소매,G20508,건강보조식품 소매업,영월군,51750250,영월읍,영월읍,강원특별자치도 영월군 영월읍 덕포리 531-12,강원특별자치도 영월군 영월읍 덕포시장길 8-6,128.476922394207,37.1810097801092
MA010120220804677230,씨유영월그랜드점,,G2,소매,G204,종합 소매,G20405,편의점,영월군,51750250,영월읍,영월읍,강원특별자치도 영월군 영월읍 영흥리 971-2,강원특별자치도 영월군 영월읍 단종로16번길 28,128.469768568251,37.1848918534805
MA010120220804677235,연세우유영월,대리점,G2,소매,G206,음료 소매,G20604,우유 소매업,영월군,51750250,영월읍,영월읍,강원특별자치도 영월군 영월읍 영흥리 1096-15,강원특별자치도 영월군 영월읍 단종로 179,128.456065258992,37.1949177430537
MA010120220804677247,검정고무신,,G2,소매,G209,섬유·의복·신발 소매,G20910,신발 소매업,영월군,51750250,영월읍,영월읍,강원특별자치도 영월군 영월읍 영흥리 946-6,강원특별자치도 영월군 영월읍 서부시장길 29,128.467445001114,37.1829475271449
MA010120220804677345,동강의숲속아침농어촌민박,,I1,숙박,I101,일반 숙박,I10102,여관/모텔,영월군,51750250,영월읍,영월읍,강원특별자치도 영월군 영월읍 삼옥리 186,강원특별자치도 영월군 영월읍 섭새길 116,128.518041594356,37.2308989997845
MA010120220804677350,가람래프팅,,R1,예술·스포츠,R104,유원지·오락,R10409,수상/해양 레저업,영월군,51750250,영월읍,영월읍,강원특별자치도 영월군 영월읍 삼옥리 237-1,강원특별자치도 영월군 영월읍 섭새길 51,128.510765971088,37.2321903355138
MA010120220804677359,그린종합인테리어,,M1,과학·기술,M112,전문 디자인,M11201,인테리어 디자인업,영월군,51750250,영월읍,영월읍,강원특별자치도 영월군 영월읍 덕포리 531-3,강원특별자치도 영월군 영월읍 중앙로 128,128.476422681246,37.1807907658074
MA010120220804677362,동강스토리,,I1,숙박,I101,일반 숙박,I10102,여관/모텔,영월군,51750250,영월읍,영월읍,강원특별자치도 영월군 영월읍 삼옥리 213-5,강원특별자치도 영월군 영월읍 섭새길 86-1,128.514694988176,37.2314554070036
MA010120220804677367,애인처럼,,I2,음식,I211,주점,I21104,요리 주점,영월군,51750250,영월읍,영월읍,강원특별자치도 영월군 영월읍 영흥리 990-1,강원특별자치도 영월군 영월읍 관풍헌길 62-9,128.470774982944,37.1845279825163
MA010120220804677406,해원공사,,N1,시설관리·임대,N104,고용 알선,N10401,고용 알선업,영월군,51750250,영월읍,영월읍,강원특별자치도 영월군 영월읍 덕포리 511-4,강원특별자치도 영월군 영월읍 중리1길 75,128.480595669908,37.1811351118864
MA010120220804677427,동강소리농어촌민박동강소리슈퍼,,I1,숙박,I101,일반 숙박,I10103,펜션,영월군,51750250,영월읍,영월읍,강원특별자치도 영월군 영월읍 삼옥리 228-5,강원특별자치도 영월군 영월읍 섭새길 71-3,128.512621260823,37.2319954656306
MA010120220804677457,대동세차장,,S2,수리·개인,S203,자동차 수리·세차,S20302,자동차 세차장,영월군,51750250,영월읍,영월읍,강원특별자치도 영월군 영월읍 영흥리 959-11,강원특별자치도 영월군 영월읍 단종로 36-1,128.466986454271,37.1866021509059
MA010120220804677463,빨간머리,,S2,수리·개인,S207,이용·미용,S20701,미용실,영월군,51750250,영월읍,영월읍,강원특별자치도 영월군 영월읍 영흥리 936-1,강원특별자치도 영월군 영월읍 중앙로 68-1,128.471247443516,37.1833418401801
MA010120220804677470,연뷰티앤헬스,,S2,수리·개인,S207,이용·미용,S20702,피부 관리실,영월군,51750250,영월읍,영월읍,강원특별자치도 영월군 영월읍 영흥리 933-5,강원특별자치도 영월군 영월읍 중앙로 62-1,128.470571622687,37.1833322122907
MA010120220804677493,선광이용원,,S2,수리·개인,S207,이용·미용,S20701,미용실,영월군,51750250,영월읍,영월읍,강원특별자치도 영월군 영월읍 영흥리 957-8,강원특별자치도 영월군 영월읍 단종로 44-1,128.466189722972,37.1867471611148
MA010120220804677529,영월문구사,,G2,소매,G213,오락용품 소매,G21302,문구/회화용품 소매업,영월군,51750250,영월읍,영월읍,강원특별자치도 영월군 영월읍 영흥리 944-8,강원특별자치도 영월군 영월읍 하송안길 102,128.468352872733,37.1827290533098
MA010120220804677574,하얀집풍천장어,,I2,음식,I201,한식,I20112,해산물 구이/찜,영월군,51750250,영월읍,영월읍,강원특별자치도 영월군 영월읍 방절리 587-2,강원특별자치도 영월군 영월읍 선돌길 83-9,128.43475632688,37.1788160301287
MA010120220804677631,작골가든,,I2,음식,I201,한식,I20101,백반/한정식,영월군,51750250,영월읍,영월읍,강원특별자치도 영월군 영월읍 삼옥리 436-2,강원특별자치도 영월군 영월읍 동강로 426,128.520302632227,37.2121930317462
MA010120220804677654,이서방야식,,I2,음식,I211,주점,I21104,요리 주점,영월군,51750250,영월읍,영월읍,강원특별자치도 영월군 영월읍 덕포리 505-11,강원특별자치도 영월군 영월읍 중리1길 108,128.482159235361,37.1816291139323
MA010120220804677665,꽃피는산골,,I2,음식,I207,구내식당·뷔페,I20701,구내식당,영월군,51750250,영월읍,영월읍,강원특별자치도 영월군 영월읍 방절리 512-8,강원특별자치도 영월군 영월읍 청령포로 177-3,128.442027713584,37.1786826940853
MA010120220804677696,도미노피자,,I2,음식,I210,기타 간이,I21003,피자,영월군,51750250,영월읍,영월읍,강원특별자치도 영월군 영월읍 하송리 405-9,강원특별자치도 영월군 영월읍 하송로 138,128.457254986476,37.1777125134466
MA010120220804677710,김삿갓부동산공인중개사사무소,,L1,부동산,L102,부동산 서비스,L10203,부동산 중개/대리업,영월군,51750250,영월읍,영월읍,강원특별자치도 영월군 영월읍 영흥리 953-4,강원특별자치도 영월군 영월읍 중앙1로 41,128.465703172779,37.1848791566204
MA010120220804677738,동강오리촌,,I2,음식,I201,한식,I20110,닭/오리고기 구이/찜,영월군,51750250,영월읍,영월읍,강원특별자치도 영월군 영월읍 영흥리 991-19,강원특별자치도 영월군 영월읍 단종로16번길 40,128.470410279448,37.1848838897564
MA010120220804677741,나이스모텔,,I1,숙박,I101,일반 숙박,I10102,여관/모텔,영월군,51750250,영월읍,영월읍,강원특별자치도 영월군 영월읍 영흥리 947-7,강원특별자치도 영월군 영월읍 중앙로 33-3,128.467476129278,37.1839742519574
MA010120220804677847,서울여관,,I1,숙박,I101,일반 숙박,I10102,여관/모텔,영월군,51750250,영월읍,영월읍,강원특별자치도 영월군 영월읍 영흥리 943-4,강원특별자치도 영월군 영월읍 요리골목길 11,128.468941766607,37.1829019471774
MA010120220804677888,한첩식당,,I2,음식,I201,한식,I20101,백반/한정식,영월군,51750250,영월읍,영월읍,강원특별자치도 영월군 영월읍 영흥리 977,강원특별자치도 영월군 영월읍 단종로 4-1,128.468509420083,37.1838353107444
MA010120220804677898,영서디자인,,M1,과학·기술,M105,광고,M10501,광고 대행업,영월군,51750250,영월읍,영월읍,강원특별자치도 영월군 영월읍 덕포리 486-64,강원특별자치도 영월군 영월읍 영월로 2085,128.478599915115,37.1815744864809
MA010120220804677920,뚜레쥬르영월점,,I2,음식,I210,기타 간이,I21001,빵/도넛,영월군,51750250,영월읍,영월읍,강원특별자치도 영월군 영월읍 영흥리 946-3,강원특별자치도 영월군 영월읍 중앙로 36,128.467587590376,37.183333179581
MA010120220804677949,해오름,,M1,과학·기술,M114,인쇄·제품제작,M11401,명함/간판/광고물 제작,영월군,51750250,영월읍,영월읍,강원특별자치도 영월군 영월읍 영흥리 1061-41,강원특별자치도 영월군 영월읍 단종로 64,128.46483243473,37.1881874916244
MA010120220804677963,하송셀프세차장,,S2,수리·개인,S203,자동차 수리·세차,S20302,자동차 세차장,영월군,51750250,영월읍,영월읍,강원특별자치도 영월군 영월읍 하송리 294-6,강원특별자치도 영월군 영월읍 청령포로 12-6,128.456787232643,37.1856018017183
MA010120220804678004,윤네뜰,,I2,음식,I201,한식,I20107,돼지고기 구이/찜,영월군,51750250,영월읍,영월읍,강원특별자치도 영월군 영월읍 영흥리 959-30,강원특별자치도 영월군 영월읍 단종로15번길 6,128.467847792055,37.1851409132431
MA010120220804678025,엔아이컴퓨터,,G2,소매,G208,가전·통신 소매,G20801,컴퓨터/소프트웨어 소매업,영월군,51750250,영월읍,영월읍,강원특별자치도 영월군 영월읍 팔괴리 1267,강원특별자치도 영월군 영월읍 팔괴로 130-74,128.457891078237,37.1621808530936
MA010120220804678032,동강일품국수,,I2,음식,I201,한식,I20105,국수/칼국수,영월군,51750250,영월읍,영월읍,강원특별자치도 영월군 영월읍 영흥리 931,강원특별자치도 영월군 영월읍 제방안길 16,128.471624338755,37.1824542044388
MA010120220804678043,보문찜마을,,I2,음식,I201,한식,I20101,백반/한정식,영월군,51750250,영월읍,영월읍,강원특별자치도 영월군 영월읍 영흥리 991-2,강원특별자치도 영월군 영월읍 관풍헌길 70,128.470362801935,37.1847583427822
MA010120220804678057,홍가네국밥,,I2,음식,I201,한식,I20102,국/탕/찌개류,영월군,51750250,영월읍,영월읍,강원특별자치도 영월군 영월읍 영흥리 991-20,강원특별자치도 영월군 영월읍 관풍헌길 68,128.470405563658,37.1846406854355
MA010120220804678074,미광사진관스튜디오,,M1,과학·기술,M113,사진 촬영,M11301,사진촬영업,영월군,51750250,영월읍,영월읍,강원특별자치도 영월군 영월읍 영흥리 1069-7,강원특별자치도 영월군 영월읍 단종로15번길 46,128.465662492743,37.1851049034592
MA010120220804678081,청학동,,I2,음식,I201,한식,I20111,횟집,영월군,51750250,영월읍,영월읍,강원특별자치도 영월군 영월읍 영흥리 959-29,강원특별자치도 영월군 영월읍 단종로15번길 4,128.468026876016,37.1850846356108
MA010120220804678083,OK래프팅,,R1,예술·스포츠,R104,유원지·오락,R10409,수상/해양 레저업,영월군,51750250,영월읍,영월읍,강원특별자치도 영월군 영월읍 삼옥리 1612-11,강원특별자치도 영월군 영월읍 동강로 237,128.506018395386,37.2014017739885
MA010120220804678114,장수약국,,G2,소매,G215,의약·화장품 소매,G21501,약국,영월군,51750250,영월읍,영월읍,강원특별자치도 영월군 영월읍 영흥리 954-10,강원특별자치도 영월군 영월읍 중앙1로 48,128.465972557371,37.1854164075793
MA010120220804678132,동강놀러와래프팅,,R1,예술·스포츠,R104,유원지·오락,R10409,수상/해양 레저업,영월군,51750250,영월읍,영월읍,강원특별자치도 영월군 영월읍 문산리 414-1,강원특별자치도 영월군 영월읍 동강로 1503,128.528158612616,37.2721228147211
MA010120220804678156,소담뜰,,I2,음식,I201,한식,I20101,백반/한정식,영월군,51750250,영월읍,영월읍,강원특별자치도 영월군 영월읍 하송리 8-9,강원특별자치도 영월군 영월읍 중앙1로 4,128.465930414149,37.1814886815041
MA010120220804678157,멧둔재토종돼지,,I2,음식,I201,한식,I20107,돼지고기 구이/찜,영월군,51750250,영월읍,영월읍,강원특별자치도 영월군 영월읍 하송리 8-4,강원특별자치도 영월군 영월읍 하송안길 58,128.466237155819,37.1816290412129
MA010120220804678189,풍경,,I2,음식,I204,서양식,I20401,경양식,영월군,51750250,영월읍,영월읍,강원특별자치도 영월군 영월읍 영흥리 901-1,강원특별자치도 영월군 영월읍 금강공원길 40,128.474504638472,37.1834905462906
MA010120220804678207,로뎀나무,,G2,소매,G209,섬유·의복·신발 소매,G20905,기타 의류 소매업,영월군,51750250,영월읍,영월읍,강원특별자치도 영월군 영월읍 영흥리 945-43,강원특별자치도 영월군 영월읍 중앙로 44,128.468489266504,37.1833760638807
MA010120220804678234,청솔엔지니어링,,M1,과학·기술,M109,기술 서비스,M10902,도시 계획 및 조경 설계 서비스업,영월군,51750250,영월읍,영월읍,강원특별자치도 영월군 영월읍 덕포리 505-11,강원특별자치도 영월군 영월읍 중리1길 108,128.482159235361,37.1816291139323
MA010120220804678236,명성타이어,,G2,소매,G202,자동차 부품 소매,G20201,타이어 소매업,영월군,51750250,영월읍,영월읍,강원특별자치도 영월군 영월읍 덕포리 698-8,강원특별자치도 영월군 영월읍 중앙로 255-1,128.479460865815,37.1697159312153
MA010120220804678245,천문대식당,,I2,음식,I201,한식,I20101,백반/한정식,영월군,51750250,영월읍,영월읍,강원특별자치도 영월군 영월읍 영흥리 534-3,강원특별자치도 영월군 영월읍 삼옥재길 7,128.476326744525,37.2105600545348
MA010120220804678251,영광상회,,G2,소매,G205,식료품 소매,G20506,채소/과일 소매업,영월군,51750250,영월읍,영월읍,강원특별자치도 영월군 영월읍 영흥리 947-18,강원특별자치도 영월군 영월읍 단종로9번길 27,128.466611530097,37.1841020860475
MA010120220804678267,진미유통,,G2,소매,G205,식료품 소매,G20506,채소/과일 소매업,영월군,51750250,영월읍,영월읍,강원특별자치도 영월군 영월읍 영흥리 1049-34,강원특별자치도 영월군 영월읍 단종로 82-33,128.464562032309,37.1899297141433
MA010120220804678332,영해,,I2,음식,I211,주점,I21102,무도 유흥 주점,영월군,51750250,영월읍,영월읍,강원특별자치도 영월군 영월읍 영흥리 947-95,강원특별자치도 영월군 영월읍 단종로9번길 11,128.467468706024,37.1841725581884
MA010120220804678345,신성마트,,G2,소매,G204,종합 소매,G20404,슈퍼마켓,영월군,51750250,영월읍,영월읍,강원특별자치도 영월군 영월읍 영흥리 838-2,강원특별자치도 영월군 영월읍 봉래산로 15,128.471608426867,37.1845356511094
MA010120220804678347,컴홈스타일,,G2,소매,G204,종합 소매,G20404,슈퍼마켓,영월군,51750250,영월읍,영월읍,강원특별자치도 영월군 영월읍 영흥리 966-10,강원특별자치도 영월군 영월읍 단종로16번길 11-5,128.468942797562,37.1852805052285
MA010120220804678364,공인중개사김성현사무소,,L1,부동산,L102,부동산 서비스,L10203,부동산 중개/대리업,영월군,51750250,영월읍,영월읍,강원특별자치도 영월군 영월읍 덕포리 591-9,강원특별자치도 영월군 영월읍 중앙로 163,128.47750142739,37.1777860841705
MA010120220804678373,강사랑래프팅민박,,I1,숙박,I101,일반 숙박,I10103,펜션,영월군,51750250,영월읍,영월읍,강원특별자치도 영월군 영월읍 거운리 546,강원특별자치도 영월군 영월읍 동강로 878,128.513355557417,37.2365990067105
MA010120220804678378,연하주유소,,G2,소매,G214,연료 소매,G21401,주유소,영월군,51750250,영월읍,영월읍,강원특별자치도 영월군 영월읍 연하리 78-6,강원특별자치도 영월군 영월읍 영월로 3206-6,128.568531749263,37.1906527778238
MA010120220804678407,종합분식,,I2,음식,I210,기타 간이,I21007,김밥/만두/분식,영월군,51750250,영월읍,영월읍,강원특별자치도 영월군 영월읍 하송리 11-1,강원특별자치도 영월군 영월읍 하송안길 89,128.467258079405,37.1825984625758
MA010120220804678408,상가야식,,I2,음식,I201,한식,I20199,기타 한식 음식점,영월군,51750250,영월읍,영월읍,강원특별자치도 영월군 영월읍 하송리 11-1,강원특별자치도 영월군 영월읍 하송안길 89,128.467258079405,37.1825984625758
MA010120220804678412,단골식당,,I2,음식,I201,한식,I20105,국수/칼국수,영월군,51750250,영월읍,영월읍,강원특별자치도 영월군 영월읍 덕포리 505-11,강원특별자치도 영월군 영월읍 중리1길 108,128.482159235361,37.1816291139323
MA010120220804678421,광명전자,,G2,소매,G212,기타 생활용품 소매,G21201,전기용품/조명장치 소매업,영월군,51750250,영월읍,영월읍,강원특별자치도 영월군 영월읍 영흥리 947-23,강원특별자치도 영월군 영월읍 단종로33번길 48,128.466843766371,37.183882976808
MA010120220804678422,준헤어샵,,S2,수리·개인,S207,이용·미용,S20701,미용실,영월군,51750250,영월읍,영월읍,강원특별자치도 영월군 영월읍 영흥리 801-7,강원특별자치도 영월군 영월읍 봉래산로 71,128.473277829622,37.1893170861599
MA010120220804678441,예미분식,,I2,음식,I210,기타 간이,I21099,그 외 기타 간이 음식점,영월군,51750250,영월읍,영월읍,강원특별자치도 영월군 영월읍 영흥리 947-57,강원특별자치도 영월군 영월읍 중앙로 30-1,128.46675398491,37.1833164748125
MA010120220804678467,삼성마트,,G2,소매,G204,종합 소매,G20404,슈퍼마켓,영월군,51750250,영월읍,영월읍,강원특별자치도 영월군 영월읍 하송리 386-2,강원특별자치도 영월군 영월읍 하송로 121,128.45876932907,37.1785858420037
MA010120220804678479,모드세탁소,,S2,수리·개인,S209,세탁,S20901,세탁소,영월군,51750250,영월읍,영월읍,강원특별자치도 영월군 영월읍 영흥리 938-3,강원특별자치도 영월군 영월읍 중앙로 64,128.470774264115,37.183329696522
MA010120220804678492,커피채널,,I2,음식,I212,비알코올 ,I21201,카페,영월군,51750250,영월읍,영월읍,강원특별자치도 영월군 영월읍 하송리 11-1,강원특별자치도 영월군 영월읍 하송안길 89,128.467258079405,37.1825984625758
MA010120220804678523,강건너맛집,,I2,음식,I201,한식,I20101,백반/한정식,영월군,51750250,영월읍,영월읍,강원특별자치도 영월군 영월읍 영흥리 962-4,강원특별자치도 영월군 영월읍 단종로 26,128.467827268702,37.1858259075821
MA010120220804678541,동강물소리,,I1,숙박,I101,일반 숙박,I10103,펜션,영월군,51750250,영월읍,영월읍,강원특별자치도 영월군 영월읍 삼옥리 598,강원특별자치도 영월군 영월읍 삼옥재길 619,128.506239851121,37.2068768360751
MA010120220804678563,세영정보통신,,N1,시설관리·임대,N111,산업용품 대여,N11102,컴퓨터/사무기기 대여업,영월군,51750250,영월읍,영월읍,강원특별자치도 영월군 영월읍 하송리 178-13,강원특별자치도 영월군 영월읍 하송안길 7,128.463457000855,37.1811048147847
MA010120220804678569,영월전원부동산공인중개사사무소,,L1,부동산,L102,부동산 서비스,L10203,부동산 중개/대리업,영월군,51750250,영월읍,영월읍,강원특별자치도 영월군 영월읍 영흥리 844-5,강원특별자치도 영월군 영월읍 중앙로 69,128.471624021765,37.1835984449232
MA010120220804678570,아름드리ENG,,M1,과학·기술,M109,기술 서비스,M10902,도시 계획 및 조경 설계 서비스업,영월군,51750250,영월읍,영월읍,강원특별자치도 영월군 영월읍 영흥리 950-5,강원특별자치도 영월군 영월읍 단종로33번길 30,128.466698524146,37.1845244667581
MA010120220804678607,쉼터,,I2,음식,I211,주점,I21104,요리 주점,영월군,51750250,영월읍,영월읍,강원특별자치도 영월군 영월읍 영흥리 786-2,강원특별자치도 영월군 영월읍 내성길21번길 28-3,128.474389641197,37.1891590970816
MA010120220804678609,호식이두마리치킨,,I2,음식,I210,기타 간이,I21006,치킨,영월군,51750250,영월읍,영월읍,강원특별자치도 영월군 영월읍 영흥리 952-11,강원특별자치도 영월군 영월읍 중앙1로 38,128.465945975608,37.1846238794197
MA010120220804678627,제일슈퍼,,G2,소매,G204,종합 소매,G20404,슈퍼마켓,영월군,51750250,영월읍,영월읍,강원특별자치도 영월군 영월읍 영흥리 1009-17,강원특별자치도 영월군 영월읍 단종로34번길 54,128.469532413042,37.1866516816429
MA010120220804678635,제일광고,,M1,과학·기술,M114,인쇄·제품제작,M11401,명함/간판/광고물 제작,영월군,51750250,영월읍,영월읍,강원특별자치도 영월군 영월읍 하송리 208-5,강원특별자치도 영월군 영월읍 하송로 73,128.46269739289,37.181420527758
MA010120220804678639,행복,,G2,소매,G204,종합 소매,G20404,슈퍼마켓,영월군,51750250,영월읍,영월읍,강원특별자치도 영월군 영월읍 흥월리 935-1,강원특별자치도 영월군 영월읍 흥월로 445-11,128.45880014485,37.1239500603149
MA010120220804678648,쿠쿠영월점,,S2,수리·개인,S205,가전제품 수리,S20501,가전제품 수리업,영월군,51750250,영월읍,영월읍,강원특별자치도 영월군 영월읍 하송리 8-4,강원특별자치도 영월군 영월읍 하송안길 58,128.466237155819,37.1816290412129
MA010120220804678663,하얀집,,I2,음식,I201,한식,I20101,백반/한정식,영월군,51750250,영월읍,영월읍,강원특별자치도 영월군 영월읍 영흥리 943-7,강원특별자치도 영월군 영월읍 요리골목길 17,128.469247995863,37.1830152760861
MA010120220804678668,아리랑팬션,,I1,숙박,I101,일반 숙박,I10102,여관/모텔,영월군,51750250,영월읍,영월읍,강원특별자치도 영월군 영월읍 덕포리 212-2,강원특별자치도 영월군 영월읍 영월로 2181-7,128.487876236306,37.1866299173967
MA010120220804678670,강변하우스,,I1,숙박,I101,일반 숙박,I10103,펜션,영월군,51750250,영월읍,영월읍,강원특별자치도 영월군 영월읍 삼옥리 1573-2,강원특별자치도 영월군 영월읍 둥글바위길 35-4,128.503305710927,37.2026255133627
MA010120220804678677,동강푸른하늘,,G2,소매,G204,종합 소매,G20404,슈퍼마켓,영월군,51750250,영월읍,영월읍,강원특별자치도 영월군 영월읍 거운리 493,강원특별자치도 영월군 영월읍 어라연길 48,128.517169915969,37.2346311432876
MA010120220804678678,명가스튜디오,,M1,과학·기술,M113,사진 촬영,M11301,사진촬영업,영월군,51750250,영월읍,영월읍,강원특별자치도 영월군 영월읍 영흥리 885-1,강원특별자치도 영월군 영월읍 내성길50번길 35,128.475171831413,37.1859509057849
MA010120220804678839,이삭토스트,,I2,음식,I210,기타 간이,I21005,토스트/샌드위치/샐러드,영월군,51750250,영월읍,영월읍,강원특별자치도 영월군 영월읍 영흥리 984-16,강원특별자치도 영월군 영월읍 중앙로 59,128.470341320145,37.1836504118545
MA010120220804678841,씨유영월단,종로점,G2,소매,G204,종합 소매,G20405,편의점,영월군,51750250,영월읍,영월읍,강원특별자치도 영월군 영월읍 영흥리 957-1,강원특별자치도 영월군 영월읍 단종로 46,128.466056886338,37.1868659318006
MA010120220804678843,뚝배기삼계탕,,I2,음식,I201,한식,I20101,백반/한정식,영월군,51750250,영월읍,영월읍,강원특별자치도 영월군 영월읍 덕포리 634-2,강원특별자치도 영월군 영월읍 덕포하리1길 16-2,128.478252202236,37.1758666537358
MA010120220804678855,밀촌샤브해물칼국수,,I2,음식,I201,한식,I20105,국수/칼국수,영월군,51750250,영월읍,영월읍,강원특별자치도 영월군 영월읍 하송리 178-4,강원특별자치도 영월군 영월읍 분수대길 34,128.463282189966,37.1802150090518
MA010120220804678863,영월인력공사,,N1,시설관리·임대,N104,고용 알선,N10401,고용 알선업,영월군,51750250,영월읍,영월읍,강원특별자치도 영월군 영월읍 영흥리 958-1,강원특별자치도 영월군 영월읍 단종로 40,128.46661806428,37.1867688877882
MA010120220804678864,목로주점,,I2,음식,I211,주점,I21104,요리 주점,영월군,51750250,영월읍,영월읍,강원특별자치도 영월군 영월읍 영흥리 912-5,강원특별자치도 영월군 영월읍 중앙시장길 7,128.471807014713,37.1831637041485
MA010120220804678868,교촌치킨,,I2,음식,I210,기타 간이,I21006,치킨,영월군,51750250,영월읍,영월읍,강원특별자치도 영월군 영월읍 하송리 178-2,강원특별자치도 영월군 영월읍 분수대길 24,128.463014096605,37.1803264372609
MA010120220804678888,서민촌,,I2,음식,I201,한식,I20101,백반/한정식,영월군,51750250,영월읍,영월읍,강원특별자치도 영월군 영월읍 하송리 11-1,강원특별자치도 영월군 영월읍 하송안길 89,128.467258079405,37.1825984625758
MA010120220804678892,휴먼플러스,,M1,과학·기술,M114,인쇄·제품제작,M11401,명함/간판/광고물 제작,영월군,51750250,영월읍,영월읍,강원특별자치도 영월군 영월읍 하송리 8-5,강원특별자치도 영월군 영월읍 영월로 1967,128.466141696712,37.1813509206038
MA010120220804678899,숲속그집,,I2,음식,I212,비알코올 ,I21201,카페,영월군,51750250,영월읍,영월읍,강원특별자치도 영월군 영월읍 흥월리 501-3,강원특별자치도 영월군 영월읍 흥월로 226,128.464833101781,37.1421475613718
MA010120220804678906,장릉송어횟집,,I2,음식,I201,한식,I20111,횟집,영월군,51750250,영월읍,영월읍,강원특별자치도 영월군 영월읍 영흥리 1096-28,강원특별자치도 영월군 영월읍 단종로 183,128.455680528113,37.1948233647735
MA010120220804678956,육호,,I2,음식,I201,한식,I20101,백반/한정식,영월군,51750250,영월읍,영월읍,강원특별자치도 영월군 영월읍 영흥리 948-8,강원특별자치도 영월군 영월읍 단종로9번길 9,128.467681736321,37.1841248702983
MA010120220804678973,태백산약초원,,G2,소매,G207,담배 소매,G20701,담배/전자담배 소매업,영월군,51750250,영월읍,영월읍,강원특별자치도 영월군 영월읍 영흥리 952-8,강원특별자치도 영월군 영월읍 중앙1로 36,128.46600017636,37.1845150917803
MA010120220804678974,땅지공인중개사사무소,,L1,부동산,L102,부동산 서비스,L10203,부동산 중개/대리업,영월군,51750250,영월읍,영월읍,강원특별자치도 영월군 영월읍 덕포리 574-95,강원특별자치도 영월군 영월읍 영월로 2067,128.477229182322,37.1805734876555
MA010120220804679018,영월우리네유통,,G2,소매,G207,담배 소매,G20701,담배/전자담배 소매업,영월군,51750250,영월읍,영월읍,강원특별자치도 영월군 영월읍 하송리 1-5,강원특별자치도 영월군 영월읍 중앙1로 32,128.465943825944,37.1839301559626
MA010120220804679029,풍수원,,I2,음식,I201,한식,I20107,돼지고기 구이/찜,영월군,51750250,영월읍,영월읍,강원특별자치도 영월군 영월읍 영흥리 991-10,강원특별자치도 영월군 영월읍 단종로16번길 39,128.470538485311,37.1851075416617
MA010120220804679062,새한터건축사사무소,,M1,과학·기술,M109,기술 서비스,M10901,건축 설계 및 관련 서비스업,영월군,51750250,영월읍,영월읍,강원특별자치도 영월군 영월읍 하송리 206-1,강원특별자치도 영월군 영월읍 하송로 68,128.462506741183,37.1820445542778
MA010120220804679122,명가,,I2,음식,I201,한식,I20101,백반/한정식,영월군,51750250,영월읍,영월읍,강원특별자치도 영월군 영월읍 영흥리 945-10,강원특별자치도 영월군 영월읍 중앙로 46,128.468669566935,37.1833828383989
MA010120220804679156,애니카랜드별마로점동강렉카,,S2,수리·개인,S203,자동차 수리·세차,S20301,자동차 정비소,영월군,51750250,영월읍,영월읍,강원특별자치도 영월군 영월읍 영흥리 840-2,강원특별자치도 영월군 영월읍 봉래산로 13,128.471571156869,37.1843559194134
MA010120220804679159,동강1박2일,,I1,숙박,I101,일반 숙박,I10103,펜션,영월군,51750250,영월읍,영월읍,강원특별자치도 영월군 영월읍 삼옥리 1609-2,강원특별자치도 영월군 영월읍 동강로 230,128.507584452453,37.2008592893556
MA010120220804679161,으뜸식자재할인마트,,G2,소매,G204,종합 소매,G20404,슈퍼마켓,영월군,51750250,영월읍,영월읍,강원특별자치도 영월군 영월읍 하송리 171-3,강원특별자치도 영월군 영월읍 하송로 93,128.461471974307,37.1797688480591
MA010120220804679173,동강1번지래프팅,,R1,예술·스포츠,R104,유원지·오락,R10409,수상/해양 레저업,영월군,51750250,영월읍,영월읍,강원특별자치도 영월군 영월읍 삼옥리 230,강원특별자치도 영월군 영월읍 섭새길 71-5,128.512628820022,37.2323737731502
MA010120220804679220,우성참숯갈비,,I2,음식,I201,한식,I20107,돼지고기 구이/찜,영월군,51750250,영월읍,영월읍,강원특별자치도 영월군 영월읍 하송리 187-14,강원특별자치도 영월군 영월읍 중앙1로 16,128.465883760877,37.1825704281267
MA010120220804679227,한반도래프팅,,N1,시설관리·임대,N110,가정용품 대여,N11001,스포츠/레크리에이션 용품 대여업,영월군,51750250,영월읍,영월읍,강원특별자치도 영월군 영월읍 삼옥리 222,강원특별자치도 영월군 영월읍 섭새길 78-9,128.513667830151,37.2308018305691
MA010120220804679230,썸머cool레포츠,,R1,예술·스포츠,R104,유원지·오락,R10409,수상/해양 레저업,영월군,51750250,영월읍,영월읍,강원특별자치도 영월군 영월읍 삼옥리 1612-12,강원특별자치도 영월군 영월읍 동강로 241,128.506362293391,37.2017037294554
MA010120220804679233,미성식당,,I2,음식,I201,한식,I20101,백반/한정식,영월군,51750250,영월읍,영월읍,강원특별자치도 영월군 영월읍 덕포리 574-45,강원특별자치도 영월군 영월읍 덕포시장길 21-3,128.477229826207,37.1817627643905
MA010120220804679234,붕붕오토카써비스,,S2,수리·개인,S203,자동차 수리·세차,S20301,자동차 정비소,영월군,51750250,영월읍,영월읍,강원특별자치도 영월군 영월읍 덕포리 702-9,강원특별자치도 영월군 영월읍 중앙로 267,128.479634472917,37.168803778695
MA010120220804679236,법무사원정호사무소,,M1,과학·기술,M103,법무관련 ,M10303,법무사,영월군,51750250,영월읍,영월읍,강원특별자치도 영월군 영월읍 영흥리 863,강원특별자치도 영월군 영월읍 영월향교1길 9,128.472523125681,37.1846684400771
MA010120220804679237,다디딤,,G2,소매,G209,섬유·의복·신발 소매,G20910,신발 소매업,영월군,51750250,영월읍,영월읍,강원특별자치도 영월군 영월읍 하송리 8-1,강원특별자치도 영월군 영월읍 하송안길 70-4,128.466566065531,37.181751106187
MA010120220804679245,동남자동차운전전문학원,,P1,교육,P106,기타 교육,P10623,운전학원,영월군,51750250,영월읍,영월읍,강원특별자치도 영월군 영월읍 덕포리 801-17,강원특별자치도 영월군 영월읍 중앙로 224-21,128.476857973807,37.1724963791767
MA010120220804679263,이벤트플랜,,N1,시설관리·임대,N108,기타 사업 서비스,N10802,전시/컨벤션/행사 대행 서비스업,영월군,51750250,영월읍,영월읍,강원특별자치도 영월군 영월읍 덕포리 698-3,강원특별자치도 영월군 영월읍 중앙로 253,128.47917137606,37.169881721299
MA010120220804679268,탑레포츠,,R1,예술·스포츠,R104,유원지·오락,R10409,수상/해양 레저업,영월군,51750250,영월읍,영월읍,강원특별자치도 영월군 영월읍 삼옥리 939-7,강원특별자치도 영월군 영월읍 섭새길 49,128.510384581473,37.2322762878464
MA010120220804679312,불로군불족발영월점,,I2,음식,I201,한식,I20103,족발/보쌈,영월군,51750250,영월읍,영월읍,강원특별자치도 영월군 영월읍 하송리 408,강원특별자치도 영월군 영월읍 하송로 151,128.457154903088,37.176605543945
MA010120220804679349,우리약국,,G2,소매,G215,의약·화장품 소매,G21501,약국,영월군,51750250,영월읍,영월읍,강원특별자치도 영월군 영월읍 하송리 245-3,강원특별자치도 영월군 영월읍 하송로 45,128.463937123906,37.1838108160212
MA010120220804679353,초원식당,,I2,음식,I201,한식,I20101,백반/한정식,영월군,51750250,영월읍,영월읍,강원특별자치도 영월군 영월읍 영흥리 1064-4,강원특별자치도 영월군 영월읍 단종로 48,128.465778038024,37.1870045286488
MA010120220804679361,청록다방,,I2,음식,I212,비알코올 ,I21201,카페,영월군,51750250,영월읍,영월읍,강원특별자치도 영월군 영월읍 영흥리 940-2,강원특별자치도 영월군 영월읍 중앙로 58,128.470043201709,37.1833748098936
MA010120220804679365,더블루하우스,,I1,숙박,I101,일반 숙박,I10102,여관/모텔,영월군,51750250,영월읍,영월읍,강원특별자치도 영월군 영월읍 문산리 366,강원특별자치도 영월군 영월읍 동강로 1488-108,128.528184940765,37.265617578492
MA010120220804679373,연하집,,I2,음식,I210,기타 간이,I21099,그 외 기타 간이 음식점,영월군,51750250,영월읍,영월읍,강원특별자치도 영월군 영월읍 영흥리 931,강원특별자치도 영월군 영월읍 제방안길 16-1,128.471305728606,37.1828636002287
MA010120220804679378,살구나무집,,I2,음식,I201,한식,I20101,백반/한정식,영월군,51750250,영월읍,영월읍,강원특별자치도 영월군 영월읍 영흥리 992-1,강원특별자치도 영월군 영월읍 영모전길 24,128.471282817737,37.184584744353
MA010120220804679404,보물섬,,I2,음식,I211,주점,I21104,요리 주점,영월군,51750250,영월읍,영월읍,강원특별자치도 영월군 영월읍 영흥리 979-4,강원특별자치도 영월군 영월읍 중앙로 51,128.469474635677,37.1836701758097
MA010120220804679408,시티CAFE단란주점,,I2,음식,I211,주점,I21104,요리 주점,영월군,51750250,영월읍,영월읍,강원특별자치도 영월군 영월읍 하송리 252-1,강원특별자치도 영월군 영월읍 중앙로 9,128.464816810635,37.1838810292277
MA010120220804679410,비누벌레공방,,P1,교육,P106,기타 교육,P10625,기타 기술/직업 훈련학원,영월군,51750250,영월읍,영월읍,강원특별자치도 영월군 영월읍 영흥리 943-2,강원특별자치도 영월군 영월읍 요리골목길 15,128.469113076542,37.1830259591269
MA010120220804679412,신라장여관,,I1,숙박,I101,일반 숙박,I10102,여관/모텔,영월군,51750250,영월읍,영월읍,강원특별자치도 영월군 영월읍 덕포리 574-226,강원특별자치도 영월군 영월읍 중앙로 147,128.47769061226,37.1794054770473
MA010120220804679415,쿠퍼트레이닝센터,,Q1,보건의료,Q104,기타 보건,Q10402,유사 의료업,영월군,51750250,영월읍,영월읍,강원특별자치도 영월군 영월읍 영흥리 939-2,강원특별자치도 영월군 영월읍 중앙로 60,128.470289128403,37.1832816604185
MA010120220804679464,금곡상회,,G2,소매,G204,종합 소매,G20404,슈퍼마켓,영월군,51750250,영월읍,영월읍,강원특별자치도 영월군 영월읍 하송리 5-27,강원특별자치도 영월군 영월읍 서부시장길 11,128.46638833355,37.1830416996575
MA010120220804679498,하송세탁소,,S2,수리·개인,S209,세탁,S20901,세탁소,영월군,51750250,영월읍,영월읍,강원특별자치도 영월군 영월읍 하송리 184-19,강원특별자치도 영월군 영월읍 하송안길 25,128.464350696026,37.1813190146744
MA010120220804679508,씨유영월레스트힐점,,G2,소매,G204,종합 소매,G20405,편의점,영월군,51750250,영월읍,영월읍,강원특별자치도 영월군 영월읍 하송리 53,강원특별자치도 영월군 영월읍 제방안길 64,128.467878279739,37.1797346905386
MA010120220804679513,영월춘천닭갈비,,I2,음식,I201,한식,I20110,닭/오리고기 구이/찜,영월군,51750250,영월읍,영월읍,강원특별자치도 영월군 영월읍 영흥리 902-5,강원특별자치도 영월군 영월읍 중앙로 88-1,128.473611416497,37.1833034469415
MA010120220804679518,파리바게뜨영월,행복점,I2,음식,I210,기타 간이,I21001,빵/도넛,영월군,51750250,영월읍,영월읍,강원특별자치도 영월군 영월읍 하송리 373-1,강원특별자치도 영월군 영월읍 하송로 126,128.45819538428,37.1786019178031
MA010120220804679547,뚜레쥬르,하송점,I2,음식,I210,기타 간이,I21001,빵/도넛,영월군,51750250,영월읍,영월읍,강원특별자치도 영월군 영월읍 하송리 386-4,강원특별자치도 영월군 영월읍 하송로 115,128.45956582712,37.1790175094546
MA010120220804679557,동강나루래프팅,,R1,예술·스포츠,R104,유원지·오락,R10409,수상/해양 레저업,영월군,51750250,영월읍,영월읍,강원특별자치도 영월군 영월읍 삼옥리 230,강원특별자치도 영월군 영월읍 섭새길 71-5,128.512628820022,37.2323737731502
MA010120220804679653,민카츠,,I2,음식,I201,한식,I20101,백반/한정식,영월군,51750250,영월읍,영월읍,강원특별자치도 영월군 영월읍 영흥리 959-29,강원특별자치도 영월군 영월읍 단종로15번길 4,128.468026876016,37.1850846356108
MA010120220804679665,지중해,,I2,음식,I211,주점,I21102,무도 유흥 주점,영월군,51750250,영월읍,영월읍,강원특별자치도 영월군 영월읍 영흥리 948-8,강원특별자치도 영월군 영월읍 단종로9번길 9,128.467681736321,37.1841248702983
MA010120220804679710,쵸이스패션,,S2,수리·개인,S206,기타 가정용품 수리,S20601,의류/이불 수선업,영월군,51750250,영월읍,영월읍,강원특별자치도 영월군 영월읍 영흥리 1049-16,강원특별자치도 영월군 영월읍 단종로 88,128.464689934206,37.1907209892609
MA010120220804679712,가나닭집,,I2,음식,I210,기타 간이,I21006,치킨,영월군,51750250,영월읍,영월읍,강원특별자치도 영월군 영월읍 하송리 5-10,강원특별자치도 영월군 영월읍 서부시장길 8-1,128.466307264607,37.1829255765023
MA010120220804679729,월강산하촌,,I1,숙박,I101,일반 숙박,I10103,펜션,영월군,51750250,영월읍,영월읍,강원특별자치도 영월군 영월읍 삼옥리 1612-15,강원특별자치도 영월군 영월읍 동강로 245-3,128.505801599805,37.2018279850714
MA010120220804679766,이수민헤어,,S2,수리·개인,S207,이용·미용,S20701,미용실,영월군,51750250,영월읍,영월읍,강원특별자치도 영월군 영월읍 영흥리 823-5,강원특별자치도 영월군 영월읍 봉래산로 32,128.472178715178,37.1860692293868
MA010120220804679777,명성라벤더,,G2,소매,G217,시계·귀금속 소매,G21701,시계/귀금속 소매업,영월군,51750250,영월읍,영월읍,강원특별자치도 영월군 영월읍 영흥리 979-5,강원특별자치도 영월군 영월읍 중앙로 57,128.470070431926,37.1836177348911
MA010120220804679779,행운식당,,I2,음식,I201,한식,I20105,국수/칼국수,영월군,51750250,영월읍,영월읍,강원특별자치도 영월군 영월읍 덕포리 500-4,강원특별자치도 영월군 영월읍 영월로 2097-1,128.479626450694,37.1822464086437
MA010120220804679813,뽕의전설,,I2,음식,I202,중식,I20201,중국집,영월군,51750250,영월읍,영월읍,강원특별자치도 영월군 영월읍 하송리 16-8,강원특별자치도 영월군 영월읍 하송안길 70,128.466859983764,37.1818105353179
MA010120220804679821,원헤어,,S2,수리·개인,S207,이용·미용,S20701,미용실,영월군,51750250,영월읍,영월읍,강원특별자치도 영월군 영월읍 영흥리 943-5,강원특별자치도 영월군 영월읍 하송안길 116,128.469081396969,37.1831344688738
MA010120220804679822,세상,,N1,시설관리·임대,N105,여행사·보조,N10599,기타 여행 보조/예약 서비스업,영월군,51750250,영월읍,영월읍,강원특별자치도 영월군 영월읍 삼옥리 70,강원특별자치도 영월군 영월읍 동강로 486,128.523068406008,37.2169686383171
MA010120220804679836,변강쇠,,I2,음식,I201,한식,I20101,백반/한정식,영월군,51750250,영월읍,영월읍,강원특별자치도 영월군 영월읍 덕포리 486-64,강원특별자치도 영월군 영월읍 영월로 2085,128.478599915115,37.1815744864809
MA010120220804679842,강원레저,,N1,시설관리·임대,N105,여행사·보조,N10599,기타 여행 보조/예약 서비스업,영월군,51750250,영월읍,영월읍,강원특별자치도 영월군 영월읍 삼옥리 1646-6,강원특별자치도 영월군 영월읍 동강로 100,128.501983511852,37.1916054269144
MA010120220804679903,피자스쿨영월점,,I2,음식,I210,기타 간이,I21003,피자,영월군,51750250,영월읍,영월읍,강원특별자치도 영월군 영월읍 하송리 253-38,강원특별자치도 영월군 영월읍 중앙1로 22,128.465928503378,37.1831374882731
MA010120220804679911,하나레포츠,,R1,예술·스포츠,R104,유원지·오락,R10409,수상/해양 레저업,영월군,51750250,영월읍,영월읍,강원특별자치도 영월군 영월읍 삼옥리 546-1,강원특별자치도 영월군 영월읍 삼옥길 4,128.509108838413,37.2078403854199
MA010120220804679921,하이텍,,S2,수리·개인,S205,가전제품 수리,S20501,가전제품 수리업,영월군,51750250,영월읍,영월읍,강원특별자치도 영월군 영월읍 덕포리 672-12,강원특별자치도 영월군 영월읍 중앙로 236,128.477749374952,37.1714401332978
MA010120220804679926,이레네강아지,,G2,소매,G220,애완동물·용품 소매,G22001,애완동물/애완용품 소매업,영월군,51750250,영월읍,영월읍,강원특별자치도 영월군 영월읍 영흥리 1069-7,강원특별자치도 영월군 영월읍 단종로15번길 46,128.465662492743,37.1851049034592
MA010120220804679928,최가네농원,,G2,소매,G221,기타 상품 소매,G22199,그 외 기타 상품 전문 소매업,영월군,51750250,영월읍,영월읍,강원특별자치도 영월군 영월읍 연하리 95,강원특별자치도 영월군 영월읍 계사동길 145-4,128.573883401816,37.1810045663626
MA010120220804679934,영월엘지,대리점,G2,소매,G208,가전·통신 소매,G20803,가전제품 소매업,영월군,51750250,영월읍,영월읍,강원특별자치도 영월군 영월읍 영흥리 940-5,강원특별자치도 영월군 영월읍 중앙로 54-2,128.469749275143,37.1833153888625
MA010120220804679944,한마음,,N1,시설관리·임대,N105,여행사·보조,N10599,기타 여행 보조/예약 서비스업,영월군,51750250,영월읍,영월읍,강원특별자치도 영월군 영월읍 삼옥리 70,강원특별자치도 영월군 영월읍 동강로 486,128.523068406008,37.2169686383171
MA010120220804679969,동강별아래,,I1,숙박,I101,일반 숙박,I10102,여관/모텔,영월군,51750250,영월읍,영월읍,강원특별자치도 영월군 영월읍 삼옥리 224-2,강원특별자치도 영월군 영월읍 섭새길 68-7,128.512812073459,37.230830786572
MA010120220804679970,하늘샘펜션,,I1,숙박,I101,일반 숙박,I10103,펜션,영월군,51750250,영월읍,영월읍,강원특별자치도 영월군 영월읍 삼옥리 1577-4,강원특별자치도 영월군 영월읍 둥글바위길 58,128.505475609404,37.2029943768259
MA010120220804679973,빨강오뎅,,I2,음식,I210,기타 간이,I21007,김밥/만두/분식,영월군,51750250,영월읍,영월읍,강원특별자치도 영월군 영월읍 하송리 253-39,강원특별자치도 영월군 영월읍 중앙로 19,128.465950208449,37.1836778042113
MA010120220804679975,쿨,,I2,음식,I210,기타 간이,I21007,김밥/만두/분식,영월군,51750250,영월읍,영월읍,강원특별자치도 영월군 영월읍 하송리 403-2,강원특별자치도 영월군 영월읍 하송로 125,128.458461054269,37.1783643936953
MA010120220804679992,삼성수의원,,Q1,보건의료,Q102,의원,Q10204,피부/비뇨기과 의원,영월군,51750250,영월읍,영월읍,강원특별자치도 영월군 영월읍 하송리 187-3,강원특별자치도 영월군 영월읍 중앙1로 15,128.465578756672,37.1825201434968
MA010120220804680003,일미닭강정,,I2,음식,I210,기타 간이,I21006,치킨,영월군,51750250,영월읍,영월읍,강원특별자치도 영월군 영월읍 하송리 4-1,강원특별자치도 영월군 영월읍 서부시장길 15,128.466782183539,37.1830278139259
MA010120220804680021,스포츠나라,,G2,소매,G213,오락용품 소매,G21304,운동용품 소매업,영월군,51750250,영월읍,영월읍,강원특별자치도 영월군 영월읍 영흥리 936,강원특별자치도 영월군 영월읍 중앙로 68,128.471157380666,37.1833429587023
MA010120220804680045,유리민박,,I2,음식,I201,한식,I20101,백반/한정식,영월군,51750250,영월읍,영월읍,강원특별자치도 영월군 영월읍 삼옥리 1583,강원특별자치도 영월군 영월읍 동강로 250,128.507101767438,37.2026403374594
MA010120220804680046,브이쿨썬팅영월점블랙박스.오토박스,,G2,소매,G202,자동차 부품 소매,G20202,자동차 부품 소매업,영월군,51750250,영월읍,영월읍,강원특별자치도 영월군 영월읍 하송리 19-1,강원특별자치도 영월군 영월읍 영월로 1981,128.467564160851,37.1815405312089
MA010120220804680049,더박스,,I1,숙박,I101,일반 숙박,I10102,여관/모텔,영월군,51750250,영월읍,영월읍,강원특별자치도 영월군 영월읍 삼옥리 616-1,강원특별자치도 영월군 영월읍 삼옥길 51,128.505334190318,37.2094831340029
MA010120220804680099,레스트플레이스,,I2,음식,I212,비알코올 ,I21201,카페,영월군,51750250,영월읍,영월읍,강원특별자치도 영월군 영월읍 하송리 53,강원특별자치도 영월군 영월읍 제방안길 64,128.46782836942,37.1794830360819
MA010120220804680118,라미야,,G2,소매,G207,담배 소매,G20701,담배/전자담배 소매업,영월군,51750250,영월읍,영월읍,강원특별자치도 영월군 영월읍 영흥리 944-8,강원특별자치도 영월군 영월읍 하송안길 102,128.468352872733,37.1827290533098
MA010120220804680128,클라라,,G2,소매,G209,섬유·의복·신발 소매,G20905,기타 의류 소매업,영월군,51750250,영월읍,영월읍,강원특별자치도 영월군 영월읍 하송리 253-15,강원특별자치도 영월군 영월읍 중앙로 18,128.465990364625,37.183425034494
MA010120220804680203,파불콩,,I2,음식,I201,한식,I20107,돼지고기 구이/찜,영월군,51750250,영월읍,영월읍,강원특별자치도 영월군 영월읍 하송리 53,강원특별자치도 영월군 영월읍 제방안길 64,128.46782836942,37.1794830360819
MA010120220804680263,영월맛집박가네,,I2,음식,I201,한식,I20101,백반/한정식,영월군,51750250,영월읍,영월읍,강원특별자치도 영월군 영월읍 덕포리 574-245,강원특별자치도 영월군 영월읍 중앙로 149,128.477438566499,37.1791833773281
MA010120220804680265,예술사도장포,,G2,소매,G213,오락용품 소매,G21302,문구/회화용품 소매업,영월군,51750250,영월읍,영월읍,강원특별자치도 영월군 영월읍 영흥리 945-43,강원특별자치도 영월군 영월읍 중앙로 44,128.468489266504,37.1833760638807
MA010120220804680284,사진마을스튜디오,,M1,과학·기술,M113,사진 촬영,M11301,사진촬영업,영월군,51750250,영월읍,영월읍,강원특별자치도 영월군 영월읍 덕포리 594-1,강원특별자치도 영월군 영월읍 덕포하리2길 18,128.476641089014,37.1758146683003
MA010120220804692765,유신,,N1,시설관리·임대,N102,청소·방제,N10202,"산업설비, 운송장비 및 공공장소 청소업",영월군,51750250,영월읍,영월읍,강원특별자치도 영월군 영월읍 영흥리 850-5,강원특별자치도 영월군 영월읍 금강공원길 13,128.473468683001,37.1840710497737
MA010120220804692807,동서건설기계주,,N1,시설관리·임대,N111,산업용품 대여,N11101,건설기계/장비 대여업,영월군,51750250,영월읍,영월읍,강원특별자치도 영월군 영월읍 영흥리 908-1,강원특별자치도 영월군 영월읍 제방안길 4-1,128.472515033341,37.1830918371514
MA010120220804693088,영월아리랑관광합자,,N1,시설관리·임대,N105,여행사·보조,N10501,여행사,영월군,51750250,영월읍,영월읍,강원특별자치도 영월군 영월읍 덕포리 507,강원특별자치도 영월군 영월읍 영월로 2110,128.480965230894,37.1827612531205
MA010120220804693103,영월현대서비스합자회사,,S2,수리·개인,S203,자동차 수리·세차,S20301,자동차 정비소,영월군,51750250,영월읍,영월읍,강원특별자치도 영월군 영월읍 덕포리 415-1,강원특별자치도 영월군 영월읍 영월로 2129,128.482667813302,37.1840283461699
MA010120220804693158,현대주유소주,,G2,소매,G214,연료 소매,G21401,주유소,영월군,51750250,영월읍,영월읍,강원특별자치도 영월군 영월읍 덕포리 676-1,강원특별자치도 영월군 영월읍 중앙로 254,128.478601914637,37.1695464592543
MA010120220804693203,동강문화센터주,,N1,시설관리·임대,N105,여행사·보조,N10501,여행사,영월군,51750250,영월읍,영월읍,강원특별자치도 영월군 영월읍 덕포리 575-1,강원특별자치도 영월군 영월읍 덕포우회길 42,128.474452777263,37.1790854309292
MA010120220804693294,늘푸른환경유,,N1,시설관리·임대,N102,청소·방제,N10201,건축물 일반 청소업,영월군,51750250,영월읍,영월읍,강원특별자치도 영월군 영월읍 하송리 110-50,강원특별자치도 영월군 영월읍 은행나무6길 13-18,128.465721281039,37.1788243841047
MA010120220804693344,영월한우,,G2,소매,G205,식료품 소매,G20503,정육점,영월군,51750250,영월읍,영월읍,강원특별자치도 영월군 영월읍 하송리 7,강원특별자치도 영월군 영월읍 하송안길 65,128.466369697733,37.1820778878401
MA010120220804693469,세원,,N1,시설관리·임대,N101,시설관리,N10101,사업시설 유지·관리 서비스업,영월군,51750250,영월읍,영월읍,강원특별자치도 영월군 영월읍 영흥리 817,강원특별자치도 영월군 영월읍 영모전길 64-10,128.471427033682,37.1862137148272
MA010120220804693517,동강래프팅,,R1,예술·스포츠,R104,유원지·오락,R10409,수상/해양 레저업,영월군,51750250,영월읍,영월읍,강원특별자치도 영월군 영월읍 삼옥리 234-6,강원특별자치도 영월군 영월읍 동강로 826,128.510506994421,37.2333288521045
MA010120220804693615,그린환경주,,M1,과학·기술,M109,기술 서비스,M10904,환경 관련 엔지니어링 서비스업,영월군,51750250,영월읍,영월읍,강원특별자치도 영월군 영월읍 하송리 294-5,강원특별자치도 영월군 영월읍 청령포로 6,128.45755608838,37.1851778954919
MA010120220804693643,더퍼스트클럽,,N1,시설관리·임대,N105,여행사·보조,N10501,여행사,영월군,51750250,영월읍,영월읍,강원특별자치도 영월군 영월읍 영흥리 962-4,강원특별자치도 영월군 영월읍 단종로 26,128.467827268702,37.1858259075821
MA010120220804693647,서강,,M1,과학·기술,M109,기술 서비스,M10901,건축 설계 및 관련 서비스업,영월군,51750250,영월읍,영월읍,강원특별자치도 영월군 영월읍 영흥리 902-5,강원특별자치도 영월군 영월읍 중앙로 88-1,128.473611416497,37.1833034469415
MA010120220804693651,청령포주유소,,G2,소매,G214,연료 소매,G21401,주유소,영월군,51750250,영월읍,영월읍,강원특별자치도 영월군 영월읍 하송리 294-5,강원특별자치도 영월군 영월읍 청령포로 6,128.45755608838,37.1851778954919
MA010120220804693724,동강겨울축제위원회,,N1,시설관리·임대,N108,기타 사업 서비스,N10802,전시/컨벤션/행사 대행 서비스업,영월군,51750250,영월읍,영월읍,강원특별자치도 영월군 영월읍 덕포리 574-9,강원특별자치도 영월군 영월읍 중앙로 123,128.476411388601,37.1813675295304
MA010120220804693751,대건,,N1,시설관리·임대,N101,시설관리,N10101,사업시설 유지·관리 서비스업,영월군,51750250,영월읍,영월읍,강원특별자치도 영월군 영월읍 하송리 199-5,강원특별자치도 영월군 영월읍 하송로 54,128.463180716142,37.1831264109502
MA010120220804693794,신농,,G2,소매,G205,식료품 소매,G20506,채소/과일 소매업,영월군,51750250,영월읍,영월읍,강원특별자치도 영월군 영월읍 영흥리 901-1,강원특별자치도 영월군 영월읍 금강공원길 40,128.474504638472,37.1834905462906
MA010120220804694136,강원도영월의료원,,Q1,보건의료,Q101,병원,Q10101,종합병원,영월군,51750250,영월읍,영월읍,강원특별자치도 영월군 영월읍 영흥리 1072,강원특별자치도 영월군 영월읍 중앙1로 59,128.465700563023,37.1864919322442
MA010120220804694217,영월농협주유소,,G2,소매,G214,연료 소매,G21401,주유소,영월군,51750250,영월읍,영월읍,강원특별자치도 영월군 영월읍 하송리 420-3,강원특별자치도 영월군 영월읍 하송로 156,128.456377498973,37.1759934297631
MA010120220804694256,영월농협하나로마트사업소,,G2,소매,G204,종합 소매,G20404,슈퍼마켓,영월군,51750250,영월읍,영월읍,강원특별자치도 영월군 영월읍 영흥리 945-17,강원특별자치도 영월군 영월읍 중앙로 40,128.467897754606,37.1830680541329
MA010120220804694274,영월군시설관리공단,,N1,시설관리·임대,N101,시설관리,N10101,사업시설 유지·관리 서비스업,영월군,51750250,영월읍,영월읍,강원특별자치도 영월군 영월읍 영흥리 947-18,강원특별자치도 영월군 영월읍 단종로9번길 27,128.466611530097,37.1841020860475
MA010120220804694279,금석의료재단,,Q1,보건의료,Q101,병원,Q10102,일반병원,영월군,51750250,영월읍,영월읍,강원특별자치도 영월군 영월읍 하송리 252-2,강원특별자치도 영월군 영월읍 중앙로 10,128.465043135075,37.1833556653079
MA010120220804694300,희망카페,,I2,음식,I212,비알코올 ,I21201,카페,영월군,51750250,영월읍,영월읍,강원특별자치도 영월군 영월읍 영흥리 975-2,강원특별자치도 영월군 영월읍 단종로 12,128.468547286128,37.1846276982913
MA010120220804694335,영월지역자활센터,,N1,시설관리·임대,N102,청소·방제,N10203,"소독, 구충 및 방제 서비스업",영월군,51750250,영월읍,영월읍,강원특별자치도 영월군 영월읍 하송리 184-9,강원특별자치도 영월군 영월읍 은행나무길 6,128.465553809014,37.180646425119
MA010120220804694707,세무법인화인강원지점,,M1,과학·기술,M104,회계·세무,M10402,세무사,영월군,51750250,영월읍,영월읍,강원특별자치도 영월군 영월읍 하송리 251-27,강원특별자치도 영월군 영월읍 중앙로 5,128.464364578549,37.1837875132572
MA010120220804694709,나라렌터카영월영업소,,N1,시설관리·임대,N109,운송장비 대여,N10901,자동차 대여업,영월군,51750250,영월읍,영월읍,강원특별자치도 영월군 영월읍 덕포리 575-3,강원특별자치도 영월군 영월읍 덕포우회길 38,128.474748266861,37.1792259086298
MA010120220804694713,세명세무법인영월지점,,M1,과학·기술,M104,회계·세무,M10402,세무사,영월군,51750250,영월읍,영월읍,강원특별자치도 영월군 영월읍 하송리 184-1,강원특별자치도 영월군 영월읍 하송안길 37,128.464917403132,37.1815102225303
MA010120220804694733,롯데쇼핑롯데슈퍼영월점주,,G2,소매,G204,종합 소매,G20404,슈퍼마켓,영월군,51750250,영월읍,영월읍,강원특별자치도 영월군 영월읍 하송리 251-2,강원특별자치도 영월군 영월읍 중앙로 5-10,128.464321333609,37.184463778555
MA010120220804694783,영일세무법인영월지사유,,M1,과학·기술,M104,회계·세무,M10402,세무사,영월군,51750250,영월읍,영월읍,강원특별자치도 영월군 영월읍 하송리 8-9,강원특별자치도 영월군 영월읍 중앙1로 4,128.465930414149,37.1814886815041
MA010120220804719827,방역특공대,,N1,시설관리·임대,N102,청소·방제,N10203,"소독, 구충 및 방제 서비스업",영월군,51750250,영월읍,영월읍,강원특별자치도 영월군 영월읍 하송리 2-2,강원특별자치도 영월군 영월읍 중앙로 21-1,128.46624274051,37.1836651740139
MA010120220804728545,마당,,I2,음식,I201,한식,I20101,백반/한정식,영월군,51750250,영월읍,영월읍,강원특별자치도 영월군 영월읍 팔괴리 1127-2,강원특별자치도 영월군 영월읍 팔괴로 32-9,128.455232173665,37.1697006657287
MA010120220804757086,화정족발,,I2,음식,I201,한식,I20103,족발/보쌈,영월군,51750250,영월읍,영월읍,강원특별자치도 영월군 영월읍 하송리 178-11,강원특별자치도 영월군 영월읍 분수대길 18,128.462562756352,37.1802779518779
MA010120220804803342,명동마트,,G2,소매,G204,종합 소매,G20404,슈퍼마켓,영월군,51750250,영월읍,영월읍,강원특별자치도 영월군 영월읍 덕포리 485-33,강원특별자치도 영월군 영월읍 중앙로 203,128.477849670251,37.1742769516755
MA010120220804804176,포차천국영월점,,I2,음식,I211,주점,I21104,요리 주점,영월군,51750250,영월읍,영월읍,강원특별자치도 영월군 영월읍 영흥리 979-4,강원특별자치도 영월군 영월읍 중앙로 51,128.469474635677,37.1836701758097
MA010120220804808729,에스와이산업개발,,G2,소매,G215,의약·화장품 소매,G21503,화장품 소매업,영월군,51750250,영월읍,영월읍,강원특별자치도 영월군 영월읍 덕포리 672-3,강원특별자치도 영월군 영월읍 중앙로 240,128.477731627493,37.1711069940405
MA010120220804857489,기억나무협동조합,,P1,교육,P105,일반 교육,P10501,입시·교과학원,영월군,51750250,영월읍,영월읍,강원특별자치도 영월군 영월읍 덕포리 591-5,강원특별자치도 영월군 영월읍 중앙로 167-3,128.477575664288,37.1775509050944
MA010120220804869107,영월메밀전병진희네분식,,I2,음식,I210,기타 간이,I21099,그 외 기타 간이 음식점,영월군,51750250,영월읍,영월읍,강원특별자치도 영월군 영월읍 영흥리 947-57,강원특별자치도 영월군 영월읍 중앙로 30-1,128.46675398491,37.1833164748125
MA010120220804871570,영월동강래프팅협동조합,,R1,예술·스포츠,R104,유원지·오락,R10409,수상/해양 레저업,영월군,51750250,영월읍,영월읍,강원특별자치도 영월군 영월읍 삼옥리 212,강원특별자치도 영월군 영월읍 섭새길 86,128.514463833601,37.2317286524429
MA010120220804884310,오감만족영월점,,I2,음식,I201,한식,I20107,돼지고기 구이/찜,영월군,51750250,영월읍,영월읍,강원특별자치도 영월군 영월읍 하송리 253-54,강원특별자치도 영월군 영월읍 중앙1로 29-8,128.465210491407,37.1838581410339
MA010120220804898336,작은행복골목식당,,I2,음식,I201,한식,I20101,백반/한정식,영월군,51750250,영월읍,영월읍,강원특별자치도 영월군 영월읍 영흥리 947-13,강원특별자치도 영월군 영월읍 중앙로 33,128.467459119307,37.1836771412544
MA010120220804907740,동강흥국래프팅,,R1,예술·스포츠,R104,유원지·오락,R10409,수상/해양 레저업,영월군,51750250,영월읍,영월읍,강원특별자치도 영월군 영월읍 삼옥리 231-1,강원특별자치도 영월군 영월읍 섭새길 71-11,128.512692344305,37.2327333464183
MA010120220804941551,벤치,,I2,음식,I211,주점,I21104,요리 주점,영월군,51750250,영월읍,영월읍,강원특별자치도 영월군 영월읍 영흥리 991-2,강원특별자치도 영월군 영월읍 관풍헌길 70,128.470362801935,37.1847583427822
MA010120220804951009,헤어제안,,S2,수리·개인,S207,이용·미용,S20701,미용실,영월군,51750250,영월읍,영월읍,강원특별자치도 영월군 영월읍 영흥리 931,강원특별자치도 영월군 영월읍 제방안길 16,128.471624338755,37.1824542044388
MA010120220805003657,미호,,G2,소매,G209,섬유·의복·신발 소매,G20905,기타 의류 소매업,영월군,51750250,영월읍,영월읍,강원특별자치도 영월군 영월읍 하송리 254-6,강원특별자치도 영월군 영월읍 중앙1로 31,128.465640557077,37.1839699474973
MA010120220805024946,이후북스테이,,I1,숙박,I101,일반 숙박,I10103,펜션,영월군,51750250,영월읍,영월읍,강원특별자치도 영월군 영월읍 삼옥리 862,강원특별자치도 영월군 영월읍 동강로 642-39,128.508045137064,37.2257020479151
MA010120220805027589,명륜산약초,,G2,소매,G205,식료품 소매,G20509,반찬/식료품 소매업,영월군,51750250,영월읍,영월읍,강원특별자치도 영월군 영월읍 영흥리 940-8,강원특별자치도 영월군 영월읍 중앙로 50,128.469356471689,37.1833833299238
MA010120220805046040,샐러디아영월점,,I2,음식,I210,기타 간이,I21005,토스트/샌드위치/샐러드,영월군,51750250,영월읍,영월읍,강원특별자치도 영월군 영월읍 영흥리 940-8,강원특별자치도 영월군 영월읍 중앙로 50,128.469356471689,37.1833833299238
MA010120220805072323,나루터민박,,I1,숙박,I101,일반 숙박,I10103,펜션,영월군,51750250,영월읍,영월읍,강원특별자치도 영월군 영월읍 문산리 416,강원특별자치도 영월군 영월읍 동강로 1507,128.528432207131,37.2722724442162
MA010120220805119116,나들이,,G2,소매,G209,섬유·의복·신발 소매,G20902,여성 의류 소매업,영월군,51750250,영월읍,영월읍,강원특별자치도 영월군 영월읍 영흥리 971-6,강원특별자치도 영월군 영월읍 단종로16번길 22,128.469532322829,37.1849037941791
MA010120220805162723,청령포장여관,,I1,숙박,I101,일반 숙박,I10102,여관/모텔,영월군,51750250,영월읍,영월읍,강원특별자치도 영월군 영월읍 방절리 155,강원특별자치도 영월군 영월읍 청령포로 48,128.45331509706,37.184229919369
MA010120220805171887,앞뜰농장,,G2,소매,G205,식료품 소매,G20506,채소/과일 소매업,영월군,51750250,영월읍,영월읍,강원특별자치도 영월군 영월읍 덕포리 951,강원특별자치도 영월군 영월읍 덕포우회길 329,128.476229613449,37.1691345644437
MA010120220805188076,오늘도네일해,,S2,수리·개인,S207,이용·미용,S20703,네일숍,영월군,51750250,영월읍,영월읍,강원특별자치도 영월군 영월읍 덕포리 531-7,강원특별자치도 영월군 영월읍 중앙로 130,128.476611076612,37.1806352521765
MA010120220805188464,스마트티아모,,I2,음식,I212,비알코올 ,I21201,카페,영월군,51750250,영월읍,영월읍,강원특별자치도 영월군 영월읍 하송리 251-27,강원특별자치도 영월군 영월읍 중앙로 5,128.464364578549,37.1837875132572
MA010120220805199345,동강한우리타운,,I1,숙박,I101,일반 숙박,I10103,펜션,영월군,51750250,영월읍,영월읍,강원특별자치도 영월군 영월읍 거운리 658,강원특별자치도 영월군 영월읍 동강로 1047-8,128.506114286684,37.2475749565746
MA010120220805229352,에뛰드하우스영월점,,G2,소매,G215,의약·화장품 소매,G21503,화장품 소매업,영월군,51750250,영월읍,영월읍,강원특별자치도 영월군 영월읍 영흥리 947-35,강원특별자치도 영월군 영월읍 중앙로 28,128.466756249722,37.1834335734086
MA010120220805230740,김씨네바른식당,,I2,음식,I201,한식,I20101,백반/한정식,영월군,51750250,영월읍,영월읍,강원특별자치도 영월군 영월읍 영흥리 845-9,강원특별자치도 영월군 영월읍 봉래산로 7-8,128.471930257644,37.1837117667361
MA010120220805236633,컨솔,,I2,음식,I212,비알코올 ,I21201,카페,영월군,51750250,영월읍,영월읍,강원특별자치도 영월군 영월읍 영흥리 959-16,강원특별자치도 영월군 영월읍 단종로33번길 7,128.467148811323,37.1856811469629
MA010120220805241798,체이스컬트,,G2,소매,G209,섬유·의복·신발 소매,G20905,기타 의류 소매업,영월군,51750250,영월읍,영월읍,강원특별자치도 영월군 영월읍 영흥리 947-13,강원특별자치도 영월군 영월읍 중앙로 33,128.467459119307,37.1836771412544
MA010120220805285797,불새,,I2,음식,I211,주점,I21101,일반 유흥 주점,영월군,51750250,영월읍,영월읍,강원특별자치도 영월군 영월읍 영흥리 845-3,강원특별자치도 영월군 영월읍 봉래산로 7-6,128.471899630856,37.18387432252
MA010120220805308595,석정여고매점,,G2,소매,G204,종합 소매,G20404,슈퍼마켓,영월군,51750250,영월읍,영월읍,강원특별자치도 영월군 영월읍 하송리 172-3,강원특별자치도 영월군 영월읍 영월로 1914-11,128.459914480505,37.1801664618855
MA010120220805340851,황보수수부꾸미,,I2,음식,I210,기타 간이,I21099,그 외 기타 간이 음식점,영월군,51750250,영월읍,영월읍,강원특별자치도 영월군 영월읍 영흥리 931,강원특별자치도 영월군 영월읍 제방안길 16-1,128.471305728606,37.1828636002287
MA010120220805349071,I&GPC방,,R1,예술·스포츠,R104,유원지·오락,R10406,PC방,영월군,51750250,영월읍,영월읍,강원특별자치도 영월군 영월읍 영흥리 946-4,강원특별자치도 영월군 영월읍 중앙로 36,128.467587590376,37.183333179581
MA010120220805349088,해남칼국수,,I2,음식,I201,한식,I20105,국수/칼국수,영월군,51750250,영월읍,영월읍,강원특별자치도 영월군 영월읍 하송리 16-12,강원특별자치도 영월군 영월읍 하송안길 70-3,128.466744271566,37.181649792679
MA010120220805355670,합자회사동강여행사,,N1,시설관리·임대,N105,여행사·보조,N10501,여행사,영월군,51750250,영월읍,영월읍,강원특별자치도 영월군 영월읍 영흥리 925-13,강원특별자치도 영월군 영월읍 관풍헌길 15,128.469953830269,37.1822497015801
MA010120220805359683,영월군청공제회,,G2,소매,G204,종합 소매,G20404,슈퍼마켓,영월군,51750250,영월읍,영월읍,강원특별자치도 영월군 영월읍 하송리 242,강원특별자치도 영월군 영월읍 하송로 64,128.461943277017,37.1843580045444
MA010120220805380555,세심원,,G2,소매,G218,장식품 소매,G21802,기념품점,영월군,51750250,영월읍,영월읍,강원특별자치도 영월군 영월읍 영흥리 1110,강원특별자치도 영월군 영월읍 보덕사길 34,128.4574856961,37.1979185338032
MA010120220805398725,어라연,,I2,음식,I201,한식,I20101,백반/한정식,영월군,51750250,영월읍,영월읍,강원특별자치도 영월군 영월읍 하송리 182-1,강원특별자치도 영월군 영월읍 은행나무길 22,128.464758652488,37.1802868599319
MA010120220805448906,영란헤어샵,,S2,수리·개인,S207,이용·미용,S20701,미용실,영월군,51750250,영월읍,영월읍,강원특별자치도 영월군 영월읍 덕포리 505-11,강원특별자치도 영월군 영월읍 중리1길 108,128.482159235361,37.1816291139323
MA010120220805471189,환한인테리어,,M1,과학·기술,M112,전문 디자인,M11201,인테리어 디자인업,영월군,51750250,영월읍,영월읍,강원특별자치도 영월군 영월읍 영흥리 946-3,강원특별자치도 영월군 영월읍 중앙로 36,128.467587590376,37.183333179581
MA010120220805485288,몬떡,,I2,음식,I210,기타 간이,I21007,김밥/만두/분식,영월군,51750250,영월읍,영월읍,강원특별자치도 영월군 영월읍 영흥리 945-45,강원특별자치도 영월군 영월읍 중앙로 40-3,128.468350335082,37.1831795717785
MA010120220805505727,진공방,,P1,교육,P106,기타 교육,P10625,기타 기술/직업 훈련학원,영월군,51750250,영월읍,영월읍,강원특별자치도 영월군 영월읍 영흥리 977-1,강원특별자치도 영월군 영월읍 단종로 4,128.468361671539,37.1837650643293
MA010120220805516313,아이갓에브리씽동강사진박물관점,,I2,음식,I201,한식,I20101,백반/한정식,영월군,51750250,영월읍,영월읍,강원특별자치도 영월군 영월읍 하송리 217-2,강원특별자치도 영월군 영월읍 영월로 1909-10,128.461547579113,37.1819392652394
MA010120220805520965,꽃님이네,,I2,음식,I210,기타 간이,I21099,그 외 기타 간이 음식점,영월군,51750250,영월읍,영월읍,강원특별자치도 영월군 영월읍 영흥리 931,강원특별자치도 영월군 영월읍 제방안길 16-1,128.471305728606,37.1828636002287
MA010120220805521298,큰손잎새만두,,I2,음식,I210,기타 간이,I21007,김밥/만두/분식,영월군,51750250,영월읍,영월읍,강원특별자치도 영월군 영월읍 영흥리 913-3,강원특별자치도 영월군 영월읍 중앙로 70,128.471405577795,37.1833669052982
MA010120220805523570,아이비스터디카페영월점,,R1,예술·스포츠,R102,도서관·사적지,R10202,독서실/스터디 카페,영월군,51750250,영월읍,영월읍,강원특별자치도 영월군 영월읍 하송리 407-3,강원특별자치도 영월군 영월읍 하송로 146-5,128.45673717295,37.1771332474284
MA010120220805528365,동강급류캠프,,R1,예술·스포츠,R104,유원지·오락,R10409,수상/해양 레저업,영월군,51750250,영월읍,영월읍,강원특별자치도 영월군 영월읍 삼옥리 1583-3,강원특별자치도 영월군 영월읍 동강로 252,128.506921957046,37.2026606447326
MA010120220805529763,옛날옛집,,I2,음식,I201,한식,I20101,백반/한정식,영월군,51750250,영월읍,영월읍,강원특별자치도 영월군 영월읍 하송리 543,강원특별자치도 영월군 영월읍 하송로 146-25,128.456126181963,37.1769785831564
MA010120220805533324,영월무인텔,,I1,숙박,I101,일반 숙박,I10102,여관/모텔,영월군,51750250,영월읍,영월읍,강원특별자치도 영월군 영월읍 팔괴리 19-7,강원특별자치도 영월군 영월읍 태화산로 82-10,128.495572419172,37.1571793117862
MA010120220805540006,엘림행정사사무소,,M1,과학·기술,M103,법무관련 ,M10306,행정사,영월군,51750250,영월읍,영월읍,강원특별자치도 영월군 영월읍 영흥리 970-3,강원특별자치도 영월군 영월읍 단종로16번길 31,128.470064945658,37.185077380274
MA010120220805554372,아리랑,,I2,음식,I211,주점,I21101,일반 유흥 주점,영월군,51750250,영월읍,영월읍,강원특별자치도 영월군 영월읍 영흥리 912-1,강원특별자치도 영월군 영월읍 중앙로 76-4,128.472079475546,37.1832774452284
MA010120220805637757,삼성시스템에어컨,,G2,소매,G208,가전·통신 소매,G20803,가전제품 소매업,영월군,51750250,영월읍,영월읍,강원특별자치도 영월군 영월읍 영흥리 837-6,강원특별자치도 영월군 영월읍 봉래산로 17,128.471490181689,37.1848254315012
MA010120220805710616,솔잎가든,,I2,음식,I201,한식,I20101,백반/한정식,영월군,51750250,영월읍,영월읍,강원특별자치도 영월군 영월읍 방절리 155,강원특별자치도 영월군 영월읍 청령포로 48,128.45331509706,37.184229919369
MA010120220805712363,어서와빨간오뎅,,I2,음식,I210,기타 간이,I21007,김밥/만두/분식,영월군,51750250,영월읍,영월읍,강원특별자치도 영월군 영월읍 하송리 253-18,강원특별자치도 영월군 영월읍 중앙로 13-1,128.465241480666,37.1837136018496
MA010120220805713086,물바람버섯농장,,G2,소매,G204,종합 소매,G20404,슈퍼마켓,영월군,51750250,영월읍,영월읍,강원특별자치도 영월군 영월읍 연하리 78-6,강원특별자치도 영월군 영월읍 영월로 3206-6,128.568531749263,37.1906527778238
MA010120220805719550,철근가공가설산업공구임대,,N1,시설관리·임대,N111,산업용품 대여,N11101,건설기계/장비 대여업,영월군,51750250,영월읍,영월읍,강원특별자치도 영월군 영월읍 팔괴리 1139-3,강원특별자치도 영월군 영월읍 팔괴로 47-7,128.458009429536,37.1706846245144
MA010120220805721565,２１세기동강레프팅,,R1,예술·스포츠,R104,유원지·오락,R10409,수상/해양 레저업,영월군,51750250,영월읍,영월읍,강원특별자치도 영월군 영월읍 거운리 576-5,강원특별자치도 영월군 영월읍 동강로 915,128.515407089789,37.2394468319661
MA010120220805726038,에이스스크린골프,,R1,예술·스포츠,R103,스포츠 서비스,R10311,골프 연습장,영월군,51750250,영월읍,영월읍,강원특별자치도 영월군 영월읍 영흥리 972-20,강원특별자치도 영월군 영월읍 중앙로 49-15,128.469147542944,37.1842238268951
MA010120220805733951,한서축산,,G2,소매,G205,식료품 소매,G20503,정육점,영월군,51750250,영월읍,영월읍,강원특별자치도 영월군 영월읍 영흥리 947-25,강원특별자치도 영월군 영월읍 중앙로 27,128.466715399251,37.1836503129941
MA010120220805834133,영월한반도농장,,G2,소매,G205,식료품 소매,G20509,반찬/식료품 소매업,영월군,51750250,영월읍,영월읍,강원특별자치도 영월군 영월읍 덕포리 951,강원특별자치도 영월군 영월읍 덕포우회길 329,128.476229613449,37.1691345644437
MA010120220805835844,운포분식,,I2,음식,I210,기타 간이,I21099,그 외 기타 간이 음식점,영월군,51750250,영월읍,영월읍,강원특별자치도 영월군 영월읍 영흥리 947-57,강원특별자치도 영월군 영월읍 중앙로 30-1,128.46675398491,37.1833164748125
MA010120220805855436,영월장어마을,,I2,음식,I201,한식,I20112,해산물 구이/찜,영월군,51750250,영월읍,영월읍,강원특별자치도 영월군 영월읍 영흥리 536-7,강원특별자치도 영월군 영월읍 삼옥재길 8,128.476523489574,37.210251272232
MA010120220805932723,놀이터당구장,,R1,예술·스포츠,R103,스포츠 서비스,R10310,당구장,영월군,51750250,영월읍,영월읍,강원특별자치도 영월군 영월읍 영흥리 840-1,강원특별자치도 영월군 영월읍 영모전길 18,128.471379071692,37.1843222665126
MA010120220805934357,라온공작소,,G2,소매,G213,오락용품 소매,G21306,장난감 소매업,영월군,51750250,영월읍,영월읍,강원특별자치도 영월군 영월읍 하송리 184-71,강원특별자치도 영월군 영월읍 하송안길 21,128.464180962672,37.1812760639323
MA010120220805948301,패.완.요,,G2,소매,G209,섬유·의복·신발 소매,G20901,남성 의류 소매업,영월군,51750250,영월읍,영월읍,강원특별자치도 영월군 영월읍 영흥리 940-5,강원특별자치도 영월군 영월읍 중앙로 54-2,128.469749275143,37.1833153888625
MA010120220805999075,아이갓에브리싱,,I2,음식,I212,비알코올 ,I21201,카페,영월군,51750250,영월읍,영월읍,강원특별자치도 영월군 영월읍 하송리 242,강원특별자치도 영월군 영월읍 하송로 64,128.461943277017,37.1843580045444
MA010120220806161262,파하,,G2,소매,G211,가구 소매,G21101,가구 소매업,영월군,51750250,영월읍,영월읍,강원특별자치도 영월군 영월읍 연하리 567,강원특별자치도 영월군 영월읍 영월로 2807,128.54162190198,37.1870328131789
MA010120220806163063,변호사김용학법률사무소,,M1,과학·기술,M103,법무관련 ,M10301,변호사,영월군,51750250,영월읍,영월읍,강원특별자치도 영월군 영월읍 영흥리 846-3,강원특별자치도 영월군 영월읍 봉래산로 5,128.472202196051,37.1837984847906
MA010120220806274722,영월녹즙,,G2,소매,G206,음료 소매,G20603,생수/음료 소매업,영월군,51750250,영월읍,영월읍,강원특별자치도 영월군 영월읍 영흥리 1002-8,강원특별자치도 영월군 영월읍 영모전길 50,128.47113666419,37.1857578249447
MA010120220806308755,영월애숯불닭갈비,,I2,음식,I201,한식,I20107,돼지고기 구이/찜,영월군,51750250,영월읍,영월읍,강원특별자치도 영월군 영월읍 영흥리 928-1,강원특별자치도 영월군 영월읍 요리골목길 24-3,128.469785403263,37.1828554439481
MA010120220806334819,영월열쇠,,G2,소매,G210,철물·건설자재 소매,G21001,철물/공구 소매업,영월군,51750250,영월읍,영월읍,강원특별자치도 영월군 영월읍 하송리 8-1,강원특별자치도 영월군 영월읍 하송안길 70-4,128.466566065531,37.181751106187
MA010120220806340465,우리들헤어샵,,S2,수리·개인,S207,이용·미용,S20701,미용실,영월군,51750250,영월읍,영월읍,강원특별자치도 영월군 영월읍 하송리 386,강원특별자치도 영월군 영월읍 하송로 117,128.459327171383,37.1789033227612
MA010120220806354566,대성세차장,,S2,수리·개인,S203,자동차 수리·세차,S20302,자동차 세차장,영월군,51750250,영월읍,영월읍,강원특별자치도 영월군 영월읍 영흥리 959-24,강원특별자치도 영월군 영월읍 단종로 25,128.467550272181,37.1854779598069
MA010120220806378564,비에이치씨영월점,,I2,음식,I210,기타 간이,I21006,치킨,영월군,51750250,영월읍,영월읍,강원특별자치도 영월군 영월읍 덕포리 574-204,강원특별자치도 영월군 영월읍 덕포우회길 6,128.475538683643,37.1799188257514
MA010120220806412855,영월래프팅협동조합,,R1,예술·스포츠,R104,유원지·오락,R10409,수상/해양 레저업,영월군,51750250,영월읍,영월읍,강원특별자치도 영월군 영월읍 삼옥리 1646-6,강원특별자치도 영월군 영월읍 동강로 100,128.501983511852,37.1916054269144
MA010120220806426518,다님여행사,,N1,시설관리·임대,N105,여행사·보조,N10501,여행사,영월군,51750250,영월읍,영월읍,강원특별자치도 영월군 영월읍 덕포리 497-9,강원특별자치도 영월군 영월읍 영월로 2103-1,128.480254236204,37.1826800423767
MA010120220806455673,황제짬뽕,,I2,음식,I202,중식,I20201,중국집,영월군,51750250,영월읍,영월읍,강원특별자치도 영월군 영월읍 하송리 253-57,강원특별자치도 영월군 영월읍 중앙로 12-1,128.465034835393,37.1835089335875
MA010120220806458977,스마트학생복,,G2,소매,G209,섬유·의복·신발 소매,G20905,기타 의류 소매업,영월군,51750250,영월읍,영월읍,강원특별자치도 영월군 영월읍 하송리 1-17,강원특별자치도 영월군 영월읍 중앙1로 34,128.465948527306,37.1841733607995
MA010120220806498856,연세의원,,Q1,보건의료,Q102,의원,Q10201,내과/소아과 의원,영월군,51750250,영월읍,영월읍,강원특별자치도 영월군 영월읍 영흥리 954-10,강원특별자치도 영월군 영월읍 중앙1로 48,128.465972557371,37.1854164075793
MA010120220806499686,티롤,,I2,음식,I211,주점,I21104,요리 주점,영월군,51750250,영월읍,영월읍,강원특별자치도 영월군 영월읍 하송리 409-5,강원특별자치도 영월군 영월읍 하송로 154,128.456680728259,37.1765392972092
MA010120220806507763,미소네맛집,,I2,음식,I210,기타 간이,I21099,그 외 기타 간이 음식점,영월군,51750250,영월읍,영월읍,강원특별자치도 영월군 영월읍 영흥리 931,강원특별자치도 영월군 영월읍 제방안길 16-1,128.471305728606,37.1828636002287
MA010120220806509378,홍콩,,I2,음식,I211,주점,I21104,요리 주점,영월군,51750250,영월읍,영월읍,강원특별자치도 영월군 영월읍 영흥리 845-8,강원특별자치도 영월군 영월읍 중앙로 73,128.471950325766,37.1835853810822
MA010120220806509443,우리들광고기획,,M1,과학·기술,M114,인쇄·제품제작,M11401,명함/간판/광고물 제작,영월군,51750250,영월읍,영월읍,강원특별자치도 영월군 영월읍 하송리 30-2,강원특별자치도 영월군 영월읍 은행나무1길 49-30,128.467461202734,37.1808750856146
MA010120220806570754,GS25영월발전소,,G2,소매,G204,종합 소매,G20405,편의점,영월군,51750250,영월읍,영월읍,강원특별자치도 영월군 영월읍 덕포리 672-12,강원특별자치도 영월군 영월읍 중앙로 236,128.477749374952,37.1714401332978
MA010120220806592510,부길닭강정,,I2,음식,I210,기타 간이,I21006,치킨,영월군,51750250,영월읍,영월읍,강원특별자치도 영월군 영월읍 영흥리 931,강원특별자치도 영월군 영월읍 제방안길 16-1,128.471305728606,37.1828636002287
MA010120220806615873,맘스터치신영월점,,I2,음식,I210,기타 간이,I21004,버거,영월군,51750250,영월읍,영월읍,강원특별자치도 영월군 영월읍 영흥리 844-5,강원특별자치도 영월군 영월읍 중앙로 69,128.471624021765,37.1835984449232
MA010120220806646107,한마음펜션,,I1,숙박,I101,일반 숙박,I10103,펜션,영월군,51750250,영월읍,영월읍,강원특별자치도 영월군 영월읍 삼옥리 70,강원특별자치도 영월군 영월읍 동강로 486,128.523068406008,37.2169686383171
MA010120220806653587,명품옷수선,,S2,수리·개인,S206,기타 가정용품 수리,S20601,의류/이불 수선업,영월군,51750250,영월읍,영월읍,강원특별자치도 영월군 영월읍 영흥리 953-4,강원특별자치도 영월군 영월읍 중앙1로 41,128.465703172779,37.1848791566204
MA010120220806660797,창조광고기획,,M1,과학·기술,M114,인쇄·제품제작,M11401,명함/간판/광고물 제작,영월군,51750250,영월읍,영월읍,강원특별자치도 영월군 영월읍 덕포리 574-152,강원특별자치도 영월군 영월읍 영월로 2061-11,128.47642832756,37.1805023839265
MA010120220806672414,투썸플레이스영월,중앙로점,I2,음식,I212,비알코올 ,I21201,카페,영월군,51750250,영월읍,영월읍,강원특별자치도 영월군 영월읍 영흥리 947-54,강원특별자치도 영월군 영월읍 중앙로 32-1,128.467319318516,37.1834356099982
MA010120220806680003,대성건자재,,G2,소매,G210,철물·건설자재 소매,G21099,기타 건설/건축자재 소매업,영월군,51750250,영월읍,영월읍,강원특별자치도 영월군 영월읍 영흥리 959-34,강원특별자치도 영월군 영월읍 단종로33번길 4,128.46654382863,37.1858418039189
MA010120220806691431,이음과지음,,G2,소매,G209,섬유·의복·신발 소매,G20906,침구류/커튼 소매업,영월군,51750250,영월읍,영월읍,강원특별자치도 영월군 영월읍 덕포리 505-11,강원특별자치도 영월군 영월읍 중리1길 108,128.482159235361,37.1816291139323
MA010120220806697917,달기우리,,G2,소매,G205,식료품 소매,G20503,정육점,영월군,51750250,영월읍,영월읍,강원특별자치도 영월군 영월읍 하송리 259-14,강원특별자치도 영월군 영월읍 하송로 18,128.464076576932,37.1863678592761
MA010120220806702717,제천황기명태영월점,,I2,음식,I201,한식,I20112,해산물 구이/찜,영월군,51750250,영월읍,영월읍,강원특별자치도 영월군 영월읍 하송리 247-3,강원특별자치도 영월군 영월읍 하송로 35,128.464121123314,37.1845923896571
MA010120220806717861,달밤,,I2,음식,I211,주점,I21104,요리 주점,영월군,51750250,영월읍,영월읍,강원특별자치도 영월군 영월읍 영흥리 912-5,강원특별자치도 영월군 영월읍 중앙시장길 7,128.471807014713,37.1831637041485
MA010120220806723644,포토이즘박스영월점,,M1,과학·기술,M113,사진 촬영,M11301,사진촬영업,영월군,51750250,영월읍,영월읍,강원특별자치도 영월군 영월읍 영흥리 947-12,강원특별자치도 영월군 영월읍 중앙로 27-1,128.46685032011,37.1836396326545
MA010120220806727762,연희숯불갈비,,I2,음식,I201,한식,I20107,돼지고기 구이/찜,영월군,51750250,영월읍,영월읍,강원특별자치도 영월군 영월읍 영흥리 927-10,강원특별자치도 영월군 영월읍 요리골목길 20,128.469502562149,37.1827868749987
MA010120220806750687,스텔라헤어샵,,S2,수리·개인,S207,이용·미용,S20701,미용실,영월군,51750250,영월읍,영월읍,강원특별자치도 영월군 영월읍 영흥리 940-18,강원특별자치도 영월군 영월읍 하송안길 117,128.468894724419,37.1833800466901
MA010120220806777460,노랑통닭,,I2,음식,I210,기타 간이,I21006,치킨,영월군,51750250,영월읍,영월읍,강원특별자치도 영월군 영월읍 영흥리 842-2,강원특별자치도 영월군 영월읍 영모전길 12,128.471394771563,37.1839706918296
MA010120220806781132,영월볼링샵,,G2,소매,G213,오락용품 소매,G21304,운동용품 소매업,영월군,51750250,영월읍,영월읍,강원특별자치도 영월군 영월읍 영흥리 959-19,강원특별자치도 영월군 영월읍 단종로 27,128.467496770309,37.1856227784172
MA010120220806783542,불너쏘,,I2,음식,I211,주점,I21104,요리 주점,영월군,51750250,영월읍,영월읍,강원특별자치도 영월군 영월읍 하송리 403-2,강원특별자치도 영월군 영월읍 하송로 125,128.458461054269,37.1783643936953
MA010120220806794310,아시안마트,,G2,소매,G204,종합 소매,G20404,슈퍼마켓,영월군,51750250,영월읍,영월읍,강원특별자치도 영월군 영월읍 하송리 11-1,강원특별자치도 영월군 영월읍 하송안길 89,128.467258079405,37.1825984625758
MA010120220806796849,휴가든카라반,,I1,숙박,I101,일반 숙박,I10103,펜션,영월군,51750250,영월읍,영월읍,강원특별자치도 영월군 영월읍 연하리 408-3,강원특별자치도 영월군 영월읍 복덕원길 45,128.556426547001,37.1923440967385
MA010120220806798234,다빈,,N1,시설관리·임대,N107,사무 지원,N10799,기타 사무 지원 서비스업,영월군,51750250,영월읍,영월읍,강원특별자치도 영월군 영월읍 영흥리 961-1,강원특별자치도 영월군 영월읍 단종로34번길 20,128.467627832059,37.1865761867875
MA010120220806807313,현인테리어,,M1,과학·기술,M112,전문 디자인,M11201,인테리어 디자인업,영월군,51750250,영월읍,영월읍,강원특별자치도 영월군 영월읍 하송리 432-17,강원특별자치도 영월군 영월읍 하송로 183,128.455890941493,37.1735217246201
MA010120220806808781,동강바이크,,R1,예술·스포츠,R104,유원지·오락,R10405,기타 오락장,영월군,51750250,영월읍,영월읍,강원특별자치도 영월군 영월읍 영흥리 961-10,강원특별자치도 영월군 영월읍 단종로34번길 30,128.468192668153,37.1866682944631
MA010120220806823684,달콤하우스,,I1,숙박,I101,일반 숙박,I10103,펜션,영월군,51750250,영월읍,영월읍,강원특별자치도 영월군 영월읍 거운리 711,강원특별자치도 영월군 영월읍 동강로 871-19,128.507653883089,37.2360410741839
MA010120220806854551,동강삼성래프팅,,R1,예술·스포츠,R104,유원지·오락,R10409,수상/해양 레저업,영월군,51750250,영월읍,영월읍,강원특별자치도 영월군 영월읍 삼옥리 1580-3,강원특별자치도 영월군 영월읍 동강로 249,128.506310306917,37.202488232011
MA010120220806865031,오라디저트카페공방,,I2,음식,I212,비알코올 ,I21201,카페,영월군,51750250,영월읍,영월읍,강원특별자치도 영월군 영월읍 영흥리 942-6,강원특별자치도 영월군 영월읍 요리골목길 21,128.46949549329,37.1830031964258
MA010120220806867296,갯마을바지락칼국수,,I2,음식,I201,한식,I20105,국수/칼국수,영월군,51750250,영월읍,영월읍,강원특별자치도 영월군 영월읍 영흥리 1065-3,강원특별자치도 영월군 영월읍 단종로 57,128.46493022839,37.1874204545998
MA010120220806874284,지에스25영월에듀타운,,G2,소매,G204,종합 소매,G20405,편의점,영월군,51750250,영월읍,영월읍,강원특별자치도 영월군 영월읍 영흥리 1137,강원특별자치도 영월군 영월읍 봉래산로 114,128.47372132918,37.1930145652891
MA010120220806875468,주원지점,,I2,음식,I207,구내식당·뷔페,I20701,구내식당,영월군,51750250,영월읍,영월읍,강원특별자치도 영월군 영월읍 하송리 산 57,강원특별자치도 영월군 영월읍 하송로 197,128.454278189372,37.1727937216742
MA010120220806883875,잼재미,,G2,소매,G213,오락용품 소매,G21302,문구/회화용품 소매업,영월군,51750250,영월읍,영월읍,강원특별자치도 영월군 영월읍 영흥리 945-33,강원특별자치도 영월군 영월읍 중앙로 40-3,128.468350335082,37.1831795717785
MA010120220806899395,카페동강,,I2,음식,I201,한식,I20101,백반/한정식,영월군,51750250,영월읍,영월읍,강원특별자치도 영월군 영월읍 삼옥리 531-1,강원특별자치도 영월군 영월읍 사지막길 14-26,128.511986461842,37.2086686092986
MA010120220806923664,뮤지엄중부내륙,,G2,소매,G218,장식품 소매,G21801,예술품 소매업,영월군,51750250,영월읍,영월읍,강원특별자치도 영월군 영월읍 하송리 11-1,강원특별자치도 영월군 영월읍 하송안길 89,128.467258079405,37.1825984625758
MA010120220806969261,토박이공인중개사사무소,,L1,부동산,L102,부동산 서비스,L10203,부동산 중개/대리업,영월군,51750250,영월읍,영월읍,강원특별자치도 영월군 영월읍 덕포리 574-43,강원특별자치도 영월군 영월읍 덕포시장길 8-2,128.476789759934,37.1811375699082
MA010120220806969375,강을품은수펜션,,I1,숙박,I101,일반 숙박,I10103,펜션,영월군,51750250,영월읍,영월읍,강원특별자치도 영월군 영월읍 팔괴리 216-10,강원특별자치도 영월군 영월읍 태화산로 141,128.492400239686,37.1521378072856
MA010120220806974488,컨테이너,,I2,음식,I211,주점,I21104,요리 주점,영월군,51750250,영월읍,영월읍,강원특별자치도 영월군 영월읍 영흥리 952-8,강원특별자치도 영월군 영월읍 중앙1로 36,128.46600017636,37.1845150917803
MA010120220806981319,세무사위재민사무소,,M1,과학·기술,M104,회계·세무,M10402,세무사,영월군,51750250,영월읍,영월읍,강원특별자치도 영월군 영월읍 영흥리 950-5,강원특별자치도 영월군 영월읍 단종로33번길 30,128.466698524146,37.1845244667581
MA010120220806986024,청소해드림,,N1,시설관리·임대,N102,청소·방제,N10202,"산업설비, 운송장비 및 공공장소 청소업",영월군,51750250,영월읍,영월읍,강원특별자치도 영월군 영월읍 영흥리 1064-6,강원특별자치도 영월군 영월읍 단종로 56,128.465447944905,37.1874050411994
MA010120220807021472,써니의그루브댄스,,P1,교육,P106,기타 교육,P10603,요가/필라테스 학원,영월군,51750250,영월읍,영월읍,강원특별자치도 영월군 영월읍 영흥리 972-20,강원특별자치도 영월군 영월읍 중앙로 49-15,128.469147542944,37.1842238268951
MA010120220807026419,탑스텐동강시스타,,N1,시설관리·임대,N104,고용 알선,N10403,상용 인력 공급 및 인사관리 서비스업,영월군,51750250,영월읍,영월읍,강원특별자치도 영월군 영월읍 삼옥리 108,강원특별자치도 영월군 영월읍 사지막길 152,128.511349164531,37.2168124580351
MA010120220807030313,게스트하우스영월,,I1,숙박,I101,일반 숙박,I10103,펜션,영월군,51750250,영월읍,영월읍,강원특별자치도 영월군 영월읍 덕포리 497-9,강원특별자치도 영월군 영월읍 영월로 2103-1,128.480254236204,37.1826800423767
MA010120220807033076,동해인,,I2,음식,I201,한식,I20101,백반/한정식,영월군,51750250,영월읍,영월읍,강원특별자치도 영월군 영월읍 영흥리 1013-35,강원특별자치도 영월군 영월읍 단종로34번길 59,128.469842499769,37.1869631750719
MA010120220807055603,세븐일레븐영월장릉점,,G2,소매,G204,종합 소매,G20405,편의점,영월군,51750250,영월읍,영월읍,강원특별자치도 영월군 영월읍 영흥리 1096-15,강원특별자치도 영월군 영월읍 단종로 179,128.456065258992,37.1949177430537
MA010120220807075073,새시대슈퍼,,G2,소매,G204,종합 소매,G20404,슈퍼마켓,영월군,51750250,영월읍,영월읍,강원특별자치도 영월군 영월읍 하송리 245-4,강원특별자치도 영월군 영월읍 하송로 39,128.463955685139,37.1841889958704
MA010120220807082930,크로커다일,,G2,소매,G209,섬유·의복·신발 소매,G20902,여성 의류 소매업,영월군,51750250,영월읍,영월읍,강원특별자치도 영월군 영월읍 영흥리 977-1,강원특별자치도 영월군 영월읍 단종로 4,128.468361671539,37.1837650643293
MA010120220807092566,차이안,,I2,음식,I202,중식,I20201,중국집,영월군,51750250,영월읍,영월읍,강원특별자치도 영월군 영월읍 하송리 169-2,강원특별자치도 영월군 영월읍 하송로 105,128.460338432038,37.1793773879379
MA010120220807101083,수미전병,,I2,음식,I210,기타 간이,I21099,그 외 기타 간이 음식점,영월군,51750250,영월읍,영월읍,강원특별자치도 영월군 영월읍 영흥리 931,강원특별자치도 영월군 영월읍 제방안길 16-1,128.471305728606,37.1828636002287
MA010120220807103882,후농부동산,,L1,부동산,L102,부동산 서비스,L10203,부동산 중개/대리업,영월군,51750250,영월읍,영월읍,강원특별자치도 영월군 영월읍 영흥리 946-3,강원특별자치도 영월군 영월읍 중앙로 36,128.467587590376,37.183333179581
MA010120220807118324,씨유영월영흥점,,G2,소매,G204,종합 소매,G20405,편의점,영월군,51750250,영월읍,영월읍,강원특별자치도 영월군 영월읍 영흥리 940-18,강원특별자치도 영월군 영월읍 하송안길 117,128.468894724419,37.1833800466901
MA010120220807141903,굽네치킨영월점,,I2,음식,I210,기타 간이,I21006,치킨,영월군,51750250,영월읍,영월읍,강원특별자치도 영월군 영월읍 영흥리 940-8,강원특별자치도 영월군 영월읍 중앙로 50,128.469356471689,37.1833833299238
MA010120220807152620,뜨끈이뼈해장국,,I2,음식,I201,한식,I20102,국/탕/찌개류,영월군,51750250,영월읍,영월읍,강원특별자치도 영월군 영월읍 하송리 5-18,강원특별자치도 영월군 영월읍 서부시장길 12-7,128.466564452517,37.1828322953378
MA010120220807176654,에코그린산업,,N1,시설관리·임대,N102,청소·방제,N10201,건축물 일반 청소업,영월군,51750250,영월읍,영월읍,강원특별자치도 영월군 영월읍 하송리 184-71,강원특별자치도 영월군 영월읍 하송안길 21,128.464180962672,37.1812760639323
MA010120220807204253,영월광고기획,,M1,과학·기술,M114,인쇄·제품제작,M11401,명함/간판/광고물 제작,영월군,51750250,영월읍,영월읍,강원특별자치도 영월군 영월읍 하송리 180-9,강원특별자치도 영월군 영월읍 은행나무4길 20-1,128.464293967301,37.1801304291761
MA010120220807205859,에그카페24동강점,,I2,음식,I212,비알코올 ,I21201,카페,영월군,51750250,영월읍,영월읍,강원특별자치도 영월군 영월읍 삼옥리 1621,강원특별자치도 영월군 영월읍 동강로 225,128.507295779937,37.2005025765739
MA010120220807207076,와플칸,,I2,음식,I210,기타 간이,I21001,빵/도넛,영월군,51750250,영월읍,영월읍,강원특별자치도 영월군 영월읍 하송리 187-23,강원특별자치도 영월군 영월읍 중앙1로 13,128.465599357389,37.1824207814441
MA010120220807209761,땡초닭발,,I2,음식,I201,한식,I20110,닭/오리고기 구이/찜,영월군,51750250,영월읍,영월읍,강원특별자치도 영월군 영월읍 하송리 40-9,강원특별자치도 영월군 영월읍 은행나무길 7,128.465776521533,37.1805175332099
MA010120220807210717,서현전기안전관리,,N1,시설관리·임대,N101,시설관리,N10101,사업시설 유지·관리 서비스업,영월군,51750250,영월읍,영월읍,강원특별자치도 영월군 영월읍 영흥리 950-5,강원특별자치도 영월군 영월읍 단종로33번길 30,128.466698524146,37.1845244667581
MA010120220807216266,포낙보청기영월센터,,G2,소매,G215,의약·화장품 소매,G21502,의료기기 소매업,영월군,51750250,영월읍,영월읍,강원특별자치도 영월군 영월읍 하송리 187-1,강원특별자치도 영월군 영월읍 중앙1로 23,128.465272415117,37.1829834300255
MA010120220807289666,평창영월정선축산업협동조합하나로마트영월점,,G2,소매,G204,종합 소매,G20404,슈퍼마켓,영월군,51750250,영월읍,영월읍,강원특별자치도 영월군 영월읍 하송리 145,강원특별자치도 영월군 영월읍 은행나무길 112,128.461150650878,37.1782862023416
MA010120220807368442,대원산업,,N1,시설관리·임대,N101,시설관리,N10101,사업시설 유지·관리 서비스업,영월군,51750250,영월읍,영월읍,강원특별자치도 영월군 영월읍 영흥리 641-1,강원특별자치도 영월군 영월읍 봉래산로 186,128.474365441835,37.1989169227681
MA010120220807370628,종로떡,전문점,I2,음식,I210,기타 간이,I21002,떡/한과,영월군,51750250,영월읍,영월읍,강원특별자치도 영월군 영월읍 하송리 251-27,강원특별자치도 영월군 영월읍 중앙로 5,128.464364578549,37.1837875132572
MA010120220807406504,와이펜션,,I1,숙박,I101,일반 숙박,I10103,펜션,영월군,51750250,영월읍,영월읍,강원특별자치도 영월군 영월읍 문산리 478,강원특별자치도 영월군 영월읍 동강로 1488-55,128.525263871873,37.2666643263515
MA010120220807447865,주리농장,,G2,소매,G205,식료품 소매,G20506,채소/과일 소매업,영월군,51750250,영월읍,영월읍,강원특별자치도 영월군 영월읍 거운리 578-3,강원특별자치도 영월군 영월읍 동강로 902,128.514676061809,37.2383930526667
MA010120220807510403,야.과,,G2,소매,G205,식료품 소매,G20506,채소/과일 소매업,영월군,51750250,영월읍,영월읍,강원특별자치도 영월군 영월읍 영흥리 945-10,강원특별자치도 영월군 영월읍 중앙로 46,128.468669566935,37.1833828383989
MA010120220807655609,미래지향,,M1,과학·기술,M105,광고,M10501,광고 대행업,영월군,51750250,영월읍,영월읍,강원특별자치도 영월군 영월읍 덕포리 426-3,강원특별자치도 영월군 영월읍 중리1길 198,128.486478763385,37.1837012847023
MA010120220807717512,그날아노히,,I2,음식,I210,기타 간이,I21007,김밥/만두/분식,영월군,51750250,영월읍,영월읍,강원특별자치도 영월군 영월읍 영흥리 991-19,강원특별자치도 영월군 영월읍 단종로16번길 40,128.470410279448,37.1848838897564
MA010120220807748028,강&별,,G2,소매,G204,종합 소매,G20404,슈퍼마켓,영월군,51750250,영월읍,영월읍,강원특별자치도 영월군 영월읍 문산리 414-1,강원특별자치도 영월군 영월읍 동강로 1503,128.528158612616,37.2721228147211
MA010120220807758473,술집,,I2,음식,I211,주점,I21104,요리 주점,영월군,51750250,영월읍,영월읍,강원특별자치도 영월군 영월읍 하송리 26,강원특별자치도 영월군 영월읍 제방안길 54,128.468367751128,37.1800079266467
MA010120220807770809,금강건강원,,G2,소매,G205,식료품 소매,G20508,건강보조식품 소매업,영월군,51750250,영월읍,영월읍,강원특별자치도 영월군 영월읍 영흥리 901-32,강원특별자치도 영월군 영월읍 중앙로 93,128.474245707639,37.1834937689864
MA010120220807790346,엘림행정사사무소,,M1,과학·기술,M103,법무관련 ,M10306,행정사,영월군,51750250,영월읍,영월읍,강원특별자치도 영월군 영월읍 영흥리 970-3,강원특별자치도 영월군 영월읍 단종로16번길 31,128.470064945658,37.185077380274
MA010120220807824114,프라나요가여성전용,,P1,교육,P106,기타 교육,P10603,요가/필라테스 학원,영월군,51750250,영월읍,영월읍,강원특별자치도 영월군 영월읍 하송리 178-44,강원특별자치도 영월군 영월읍 분수대길 32,128.463644339849,37.1803096424322
MA010120220807835225,디엠케이,,G2,소매,G209,섬유·의복·신발 소매,G20905,기타 의류 소매업,영월군,51750250,영월읍,영월읍,강원특별자치도 영월군 영월읍 덕포리 502-27,강원특별자치도 영월군 영월읍 덕포시장길 86,128.480247022226,37.1828873562513
MA010120220807930370,김밥천국,,I2,음식,I210,기타 간이,I21007,김밥/만두/분식,영월군,51750250,영월읍,영월읍,강원특별자치도 영월군 영월읍 하송리 187-1,강원특별자치도 영월군 영월읍 중앙1로 23,128.465272415117,37.1829834300255
MA010120220807931106,파로스클럽,,R1,예술·스포츠,R104,유원지·오락,R10409,수상/해양 레저업,영월군,51750250,영월읍,영월읍,강원특별자치도 영월군 영월읍 삼옥리 144,강원특별자치도 영월군 영월읍 동강로 576,128.51647590637,37.222486054145
MA010120220807942053,복다방,,I2,음식,I212,비알코올 ,I21201,카페,영월군,51750250,영월읍,영월읍,강원특별자치도 영월군 영월읍 덕포리 486-59,강원특별자치도 영월군 영월읍 영월로 2091,128.479247217737,37.1818547166928
MA010120220807998523,하람한식뷔페,,I2,음식,I207,구내식당·뷔페,I20702,뷔페,영월군,51750250,영월읍,영월읍,강원특별자치도 영월군 영월읍 영흥리 971-23,강원특별자치도 영월군 영월읍 관풍헌길 63,128.469839692882,37.1844945425938
MA010120220808011772,이젠에코,,N1,시설관리·임대,N103,조경·유지,N10301,조경 유지·관리 서비스업,영월군,51750250,영월읍,영월읍,강원특별자치도 영월군 영월읍 하송리 184-71,강원특별자치도 영월군 영월읍 하송안길 21,128.464180962672,37.1812760639323
MA010120220808012347,기분조은,,I2,음식,I210,기타 간이,I21001,빵/도넛,영월군,51750250,영월읍,영월읍,강원특별자치도 영월군 영월읍 팔괴리 1270,강원특별자치도 영월군 영월읍 팔괴로 130-24,128.462164669558,37.1637139124648
MA010120220808015033,왕정,,I2,음식,I201,한식,I20101,백반/한정식,영월군,51750250,영월읍,영월읍,강원특별자치도 영월군 영월읍 하송리 16-2,강원특별자치도 영월군 영월읍 하송안길 80,128.467293351106,37.1820934801278
MA010120220808015849,동강자연애,,I1,숙박,I101,일반 숙박,I10103,펜션,영월군,51750250,영월읍,영월읍,강원특별자치도 영월군 영월읍 삼옥리 930-15,강원특별자치도 영월군 영월읍 동강로 774,128.505757153595,37.2313261476308
MA010120220808024504,마랑,,G2,소매,G209,섬유·의복·신발 소매,G20905,기타 의류 소매업,영월군,51750250,영월읍,영월읍,강원특별자치도 영월군 영월읍 하송리 11-1,강원특별자치도 영월군 영월읍 서부시장길 16-4,128.467258079405,37.1825984625758
MA010120220808028451,건축사사무소윤,,M1,과학·기술,M109,기술 서비스,M10901,건축 설계 및 관련 서비스업,영월군,51750250,영월읍,영월읍,강원특별자치도 영월군 영월읍 하송리 373-1,강원특별자치도 영월군 영월읍 하송로 126,128.45819538428,37.1786019178031
MA010120220808052829,대덕상회,,G2,소매,G205,식료품 소매,G20501,곡물/곡분 소매업,영월군,51750250,영월읍,영월읍,강원특별자치도 영월군 영월읍 덕포리 486-189,강원특별자치도 영월군 영월읍 덕포시장길 54,128.479020996765,37.1823801056483
MA010120220808075370,서부텔레콤,,G2,소매,G208,가전·통신 소매,G20802,핸드폰 소매업,영월군,51750250,영월읍,영월읍,강원특별자치도 영월군 영월읍 영흥리 947-12,강원특별자치도 영월군 영월읍 중앙로 27-1,128.46685032011,37.1836396326545
MA010120220808084325,케이오토워시,,S2,수리·개인,S203,자동차 수리·세차,S20302,자동차 세차장,영월군,51750250,영월읍,영월읍,강원특별자치도 영월군 영월읍 하송리 421-13,강원특별자치도 영월군 영월읍 하송로 163,128.456658933746,37.1754043350524
MA010120220808091174,동강맛집,,I2,음식,I210,기타 간이,I21099,그 외 기타 간이 음식점,영월군,51750250,영월읍,영월읍,강원특별자치도 영월군 영월읍 영흥리 947-57,강원특별자치도 영월군 영월읍 중앙로 30-1,128.46675398491,37.1833164748125
MA010120220808117657,소당삽겹살,,I2,음식,I201,한식,I20107,돼지고기 구이/찜,영월군,51750250,영월읍,영월읍,강원특별자치도 영월군 영월읍 영흥리 991-8,강원특별자치도 영월군 영월읍 단종로16번길 48,128.470894202483,37.1848688721706
MA010120220808130338,페리카나,삼호점,I2,음식,I210,기타 간이,I21006,치킨,영월군,51750250,영월읍,영월읍,강원특별자치도 영월군 영월읍 영흥리 1049-16,강원특별자치도 영월군 영월읍 단종로 88,128.464689934206,37.1907209892609
MA010120220808139206,어도횟집,,I2,음식,I201,한식,I20111,횟집,영월군,51750250,영월읍,영월읍,강원특별자치도 영월군 영월읍 영흥리 925-12,강원특별자치도 영월군 영월읍 제방안길 30,128.470566890526,37.1819267518591
MA010120220808143471,더기프트,,M1,과학·기술,M114,인쇄·제품제작,M11401,명함/간판/광고물 제작,영월군,51750250,영월읍,영월읍,강원특별자치도 영월군 영월읍 영흥리 818-8,강원특별자치도 영월군 영월읍 봉래산로 29-8,128.471753174149,37.1861916437301
MA010120220808144187,안경나라,,G2,소매,G216,안경·정밀기기 소매,G21602,안경렌즈 소매업,영월군,51750250,영월읍,영월읍,강원특별자치도 영월군 영월읍 영흥리 972-5,강원특별자치도 영월군 영월읍 중앙로 47,128.469080957644,37.1836930781293
MA010120220808197415,하나로쇼핑타운,,G2,소매,G204,종합 소매,G20404,슈퍼마켓,영월군,51750250,영월읍,영월읍,강원특별자치도 영월군 영월읍 영흥리 924-7,강원특별자치도 영월군 영월읍 제방안길 26,128.470775467497,37.1822304935611
MA010120220808214973,퀸모텔,,I1,숙박,I101,일반 숙박,I10102,여관/모텔,영월군,51750250,영월읍,영월읍,강원특별자치도 영월군 영월읍 영흥리 987-1,강원특별자치도 영월군 영월읍 영모전길 15-1,128.470857359978,37.1841305313387
MA010120220808216091,필라리움,,P1,교육,P106,기타 교육,P10603,요가/필라테스 학원,영월군,51750250,영월읍,영월읍,강원특별자치도 영월군 영월읍 하송리 410-1,강원특별자치도 영월군 영월읍 하송로 146-7,128.456591004816,37.1771440544488
MA010120220808271337,미성철강,,G2,소매,G210,철물·건설자재 소매,G21003,건설/건축자재 소매업,영월군,51750250,영월읍,영월읍,강원특별자치도 영월군 영월읍 영흥리 936,강원특별자치도 영월군 영월읍 중앙로 68,128.471157380666,37.1833429587023
MA010120220808280260,달곰물고기,,I2,음식,I203,일식,I20301,일식 회/초밥,영월군,51750250,영월읍,영월읍,강원특별자치도 영월군 영월읍 영흥리 971-6,강원특별자치도 영월군 영월읍 단종로16번길 22,128.469532322829,37.1849037941791
MA010120220808281064,미헤어,,S2,수리·개인,S207,이용·미용,S20701,미용실,영월군,51750250,영월읍,영월읍,강원특별자치도 영월군 영월읍 영흥리 945-10,강원특별자치도 영월군 영월읍 중앙로 46,128.468669566935,37.1833828383989
MA010120220808298335,삼겹천왕,,I2,음식,I201,한식,I20107,돼지고기 구이/찜,영월군,51750250,영월읍,영월읍,강원특별자치도 영월군 영월읍 영흥리 931,강원특별자치도 영월군 영월읍 제방안길 16-1,128.471305728606,37.1828636002287
MA010120220808344976,강빛,,I2,음식,I210,기타 간이,I21007,김밥/만두/분식,영월군,51750250,영월읍,영월읍,강원특별자치도 영월군 영월읍 방절리 592-4,강원특별자치도 영월군 영월읍 선돌길 83-19,128.433739227749,37.1792157645615
MA010120220808345482,영자네,,I2,음식,I210,기타 간이,I21099,그 외 기타 간이 음식점,영월군,51750250,영월읍,영월읍,강원특별자치도 영월군 영월읍 영흥리 931,강원특별자치도 영월군 영월읍 제방안길 16-1,128.471305728606,37.1828636002287
MA010120220808405164,돌담처럼,,G2,소매,G210,철물·건설자재 소매,G21003,건설/건축자재 소매업,영월군,51750250,영월읍,영월읍,강원특별자치도 영월군 영월읍 연하리 309-28,강원특별자치도 영월군 영월읍 영월로 3168-25,128.562793583953,37.1903592307973
MA010120220808408047,동강시스템,,N1,시설관리·임대,N102,청소·방제,N10201,건축물 일반 청소업,영월군,51750250,영월읍,영월읍,강원특별자치도 영월군 영월읍 영흥리 1062-4,강원특별자치도 영월군 영월읍 단종로 62-1,128.465127769303,37.1883189851534
MA010120220808412371,삼옥3리마을회,,I1,숙박,I101,일반 숙박,I10103,펜션,영월군,51750250,영월읍,영월읍,강원특별자치도 영월군 영월읍 삼옥리 1574-2,강원특별자치도 영월군 영월읍 둥글바위길 33,128.503905736972,37.2022124605131
MA010120220808443362,아이와그린미술학원,,P1,교육,P106,기타 교육,P10611,미술학원,영월군,51750250,영월읍,영월읍,강원특별자치도 영월군 영월읍 하송리 385-3,강원특별자치도 영월군 영월읍 하송로 111,128.459861463492,37.1791670325154
MA010120220808448309,동강훼밀리래프팅,,R1,예술·스포츠,R104,유원지·오락,R10409,수상/해양 레저업,영월군,51750250,영월읍,영월읍,강원특별자치도 영월군 영월읍 삼옥리 1646-6,강원특별자치도 영월군 영월읍 동강로 100,128.501983511852,37.1916054269144
MA010120220808448758,씨유영월금용점,,G2,소매,G204,종합 소매,G20405,편의점,영월군,51750250,영월읍,영월읍,강원특별자치도 영월군 영월읍 덕포리 505-11,강원특별자치도 영월군 영월읍 중리1길 108,128.482159235361,37.1816291139323
MA010120220808451408,웰메이드인디안,,G2,소매,G209,섬유·의복·신발 소매,G20901,남성 의류 소매업,영월군,51750250,영월읍,영월읍,강원특별자치도 영월군 영월읍 영흥리 947-39,강원특별자치도 영월군 영월읍 중앙로 30,128.467004271823,37.1834485216677
MA010120220808464229,장릉도깨비장터,,I2,음식,I201,한식,I20101,백반/한정식,영월군,51750250,영월읍,영월읍,강원특별자치도 영월군 영월읍 영흥리 1096-4,강원특별자치도 영월군 영월읍 단종로 181-1,128.455817373665,37.1949117802835
MA010120220808475936,대성세탁소,,S2,수리·개인,S209,세탁,S20901,세탁소,영월군,51750250,영월읍,영월읍,강원특별자치도 영월군 영월읍 영흥리 844-1,강원특별자치도 영월군 영월읍 중앙로 71-1,128.4717610394,37.1836958497728
MA010120220808534988,썬팅하는집,,G2,소매,G202,자동차 부품 소매,G20202,자동차 부품 소매업,영월군,51750250,영월읍,영월읍,강원특별자치도 영월군 영월읍 덕포리 668-5,강원특별자치도 영월군 영월읍 중앙로 225,128.478126767014,37.1723183804454
MA010120220808546691,태하스크린골프,,R1,예술·스포츠,R103,스포츠 서비스,R10311,골프 연습장,영월군,51750250,영월읍,영월읍,강원특별자치도 영월군 영월읍 하송리 183-3,강원특별자치도 영월군 영월읍 은행나무길 28,128.465144832457,37.1798766456992
MA010120220808557197,중부내륙,,I2,음식,I212,비알코올 ,I21201,카페,영월군,51750250,영월읍,영월읍,강원특별자치도 영월군 영월읍 하송리 11-1,강원특별자치도 영월군 영월읍 하송안길 89,128.467258079405,37.1825984625758
MA010120220808600509,투다리영월점,,I2,음식,I211,주점,I21104,요리 주점,영월군,51750250,영월읍,영월읍,강원특별자치도 영월군 영월읍 영흥리 947-17,강원특별자치도 영월군 영월읍 단종로33번길 46,128.466846205599,37.1840090829712
MA010120220808604490,치매예방학교,,P1,교육,P106,기타 교육,P10629,그 외 기타 교육기관,영월군,51750250,영월읍,영월읍,강원특별자치도 영월군 영월읍 영흥리 991-20,강원특별자치도 영월군 영월읍 관풍헌길 68,128.470405563658,37.1846406854355
MA010120220808617838,행기골야식,,I2,음식,I211,주점,I21104,요리 주점,영월군,51750250,영월읍,영월읍,강원특별자치도 영월군 영월읍 하송리 16-8,강원특별자치도 영월군 영월읍 하송안길 70,128.466859983764,37.1818105353179
MA010120220808621656,비바필라테스스튜디오,,P1,교육,P106,기타 교육,P10603,요가/필라테스 학원,영월군,51750250,영월읍,영월읍,강원특별자치도 영월군 영월읍 하송리 247-3,강원특별자치도 영월군 영월읍 하송로 35,128.464121123314,37.1845923896571
MA010120220808637676,다올공인중개사사무소,,L1,부동산,L102,부동산 서비스,L10203,부동산 중개/대리업,영월군,51750250,영월읍,영월읍,강원특별자치도 영월군 영월읍 하송리 184-59,강원특별자치도 영월군 영월읍 하송안길 17,128.463910954477,37.1812884106211
MA010120220808682174,카페메이트,,I2,음식,I212,비알코올 ,I21201,카페,영월군,51750250,영월읍,영월읍,강원특별자치도 영월군 영월읍 영흥리 972-13,강원특별자치도 영월군 영월읍 단종로16번길 18-6,128.469087323933,37.1846029826928
MA010120220808691815,장갑소매,,G2,소매,G209,섬유·의복·신발 소매,G20907,액세서리/잡화 소매업,영월군,51750250,영월읍,영월읍,강원특별자치도 영월군 영월읍 덕포리 678-7,강원특별자치도 영월군 영월읍 중앙로 251,128.47893640847,37.1699567326205
MA010120220808708030,버블,,S2,수리·개인,S207,이용·미용,S20701,미용실,영월군,51750250,영월읍,영월읍,강원특별자치도 영월군 영월읍 영흥리 818-8,강원특별자치도 영월군 영월읍 봉래산로 29-8,128.471753174149,37.1861916437301
MA010120220808711880,영월청년협동조합,,R1,예술·스포츠,R104,유원지·오락,R10409,수상/해양 레저업,영월군,51750250,영월읍,영월읍,강원특별자치도 영월군 영월읍 삼옥리 1612-11,강원특별자치도 영월군 영월읍 동강로 237,128.506018395386,37.2014017739885
MA010120220808714233,힐스템,,G2,소매,G208,가전·통신 소매,G20803,가전제품 소매업,영월군,51750250,영월읍,영월읍,강원특별자치도 영월군 영월읍 하송리 2-4,강원특별자치도 영월군 영월읍 중앙로 21,128.466107819496,37.1836758536642
MA010120220808736697,대성약국,,G2,소매,G215,의약·화장품 소매,G21501,약국,영월군,51750250,영월읍,영월읍,강원특별자치도 영월군 영월읍 하송리 1-5,강원특별자치도 영월군 영월읍 중앙1로 32,128.465943825944,37.1839301559626
MA010120220808741759,일미닭강정,,I2,음식,I210,기타 간이,I21006,치킨,영월군,51750250,영월읍,영월읍,강원특별자치도 영월군 영월읍 영흥리 947-56,강원특별자치도 영월군 영월읍 서부시장길 25-1,128.467188162496,37.1830588253709
MA010120220808746618,임대업,,I2,음식,I212,비알코올 ,I21201,카페,영월군,51750250,영월읍,영월읍,강원특별자치도 영월군 영월읍 영흥리 1137,강원특별자치도 영월군 영월읍 봉래산로 114,128.47372132918,37.1930145652891
MA010120220808755998,레저라이프,,N1,시설관리·임대,N105,여행사·보조,N10599,기타 여행 보조/예약 서비스업,영월군,51750250,영월읍,영월읍,강원특별자치도 영월군 영월읍 삼옥리 234-6,강원특별자치도 영월군 영월읍 동강로 826,128.510506994421,37.2333288521045
MA010120220808765015,토니모리,,G2,소매,G215,의약·화장품 소매,G21503,화장품 소매업,영월군,51750250,영월읍,영월읍,강원특별자치도 영월군 영월읍 하송리 253-17,강원특별자치도 영월군 영월읍 중앙로 24,128.466384565066,37.1834291652136
MA010120220808776835,어라연황토민박,,I1,숙박,I101,일반 숙박,I10103,펜션,영월군,51750250,영월읍,영월읍,강원특별자치도 영월군 영월읍 거운리 549,강원특별자치도 영월군 영월읍 어라연길 3-8,128.513853043287,37.236682742983
MA010120220808778151,쉼,,G2,소매,G215,의약·화장품 소매,G21503,화장품 소매업,영월군,51750250,영월읍,영월읍,강원특별자치도 영월군 영월읍 영흥리 947-3,강원특별자치도 영월군 영월읍 단종로9번길 17,128.467187256044,37.1841760444334
MA010120220808778532,영일이벤트토탈기획,,N1,시설관리·임대,N108,기타 사업 서비스,N10802,전시/컨벤션/행사 대행 서비스업,영월군,51750250,영월읍,영월읍,강원특별자치도 영월군 영월읍 덕포리 501-4,강원특별자치도 영월군 영월읍 영월로 2099,128.479752042375,37.1823349371781
MA010120220808783413,선미야채,,G2,소매,G205,식료품 소매,G20506,채소/과일 소매업,영월군,51750250,영월읍,영월읍,강원특별자치도 영월군 영월읍 영흥리 947-58,강원특별자치도 영월군 영월읍 단종로33번길 47,128.467125041043,37.1838704838202
MA010120220808788941,워시프렌즈셀프빨래방영월,하송점,S2,수리·개인,S209,세탁,S20902,셀프 빨래방,영월군,51750250,영월읍,영월읍,강원특별자치도 영월군 영월읍 하송리 373-7,강원특별자치도 영월군 영월읍 하송로 128,128.458058566122,37.1785135042326
MA010120220808985031,봄가을,,I2,음식,I212,비알코올 ,I21201,카페,영월군,51750250,영월읍,영월읍,강원특별자치도 영월군 영월읍 하송리 125,강원특별자치도 영월군 영월읍 은행나무길 72,128.463518128042,37.1784371735926
MA010120220808995021,미마츠,,I2,음식,I204,서양식,I20401,경양식,영월군,51750250,영월읍,영월읍,강원특별자치도 영월군 영월읍 하송리 169-2,강원특별자치도 영월군 영월읍 하송로 105,128.460338432038,37.1793773879379
MA010120220809139003,영월별빛팜,,G2,소매,G205,식료품 소매,G20509,반찬/식료품 소매업,영월군,51750250,영월읍,영월읍,강원특별자치도 영월군 영월읍 덕포리 951,강원특별자치도 영월군 영월읍 덕포우회길 329,128.476229613449,37.1691345644437
MA010120220809142521,밀레영월점,,G2,소매,G209,섬유·의복·신발 소매,G20902,여성 의류 소매업,영월군,51750250,영월읍,영월읍,강원특별자치도 영월군 영월읍 영흥리 979-9,강원특별자치도 영월군 영월읍 중앙로 53,128.469721960615,37.1836490880597
MA010120220809199623,우리아구찜,,I2,음식,I201,한식,I20112,해산물 구이/찜,영월군,51750250,영월읍,영월읍,강원특별자치도 영월군 영월읍 영흥리 970-2,강원특별자치도 영월군 영월읍 관풍헌길 79,128.470078299241,37.1851853313794
MA010120220809273528,진전기조명,,G2,소매,G212,기타 생활용품 소매,G21201,전기용품/조명장치 소매업,영월군,51750250,영월읍,영월읍,강원특별자치도 영월군 영월읍 영흥리 992-2,강원특별자치도 영월군 영월읍 영모전길 20-1,128.471348618284,37.1844938297328
MA010120220809293228,내성집,,I2,음식,I210,기타 간이,I21099,그 외 기타 간이 음식점,영월군,51750250,영월읍,영월읍,강원특별자치도 영월군 영월읍 영흥리 947-57,강원특별자치도 영월군 영월읍 중앙로 30-1,128.46675398491,37.1833164748125
MA010120220809294191,민들레,,I2,음식,I210,기타 간이,I21099,그 외 기타 간이 음식점,영월군,51750250,영월읍,영월읍,강원특별자치도 영월군 영월읍 영흥리 947-57,강원특별자치도 영월군 영월읍 중앙로 30-1,128.46675398491,37.1833164748125
MA010120220809325442,태평양,,I2,음식,I211,주점,I21104,요리 주점,영월군,51750250,영월읍,영월읍,강원특별자치도 영월군 영월읍 영흥리 947-14,강원특별자치도 영월군 영월읍 중앙로 31-1,128.467303076904,37.1837601618334
MA010120220809329609,팔도강산,,I2,음식,I201,한식,I20101,백반/한정식,영월군,51750250,영월읍,영월읍,강원특별자치도 영월군 영월읍 하송리 5-25,강원특별자치도 영월군 영월읍 서부시장길 12-24,128.466342368566,37.1824115866371
MA010120220809382376,문화식당,,I2,음식,I201,한식,I20111,횟집,영월군,51750250,영월읍,영월읍,강원특별자치도 영월군 영월읍 영흥리 959-28,강원특별자치도 영월군 영월읍 단종로 19,128.46805218238,37.1852284777924
MA010120220809385837,해남식당,,I2,음식,I201,한식,I20101,백반/한정식,영월군,51750250,영월읍,영월읍,강원특별자치도 영월군 영월읍 영흥리 954-10,강원특별자치도 영월군 영월읍 중앙1로 48,128.465972557371,37.1854164075793
MA010120220809398354,정원상회,,G2,소매,G209,섬유·의복·신발 소매,G20905,기타 의류 소매업,영월군,51750250,영월읍,영월읍,강원특별자치도 영월군 영월읍 하송리 5-1,강원특별자치도 영월군 영월읍 서부시장길 11-1,128.466444622728,37.1830410028595
MA010120220809401148,명품구제,,G2,소매,G209,섬유·의복·신발 소매,G20905,기타 의류 소매업,영월군,51750250,영월읍,영월읍,강원특별자치도 영월군 영월읍 영흥리 906-1,강원특별자치도 영월군 영월읍 중앙로 78,128.472316589717,37.183310537374
MA010120220809590600,세븐일레븐영월,센트럴점,G2,소매,G204,종합 소매,G20405,편의점,영월군,51750250,영월읍,영월읍,강원특별자치도 영월군 영월읍 덕포리 502-55,강원특별자치도 영월군 영월읍 영월로 2123,128.482235611597,37.1838085118418
MA010120220809639335,영월종합보일러,,G2,소매,G210,철물·건설자재 소매,G21001,철물/공구 소매업,영월군,51750250,영월읍,영월읍,강원특별자치도 영월군 영월읍 방절리 581-3,강원특별자치도 영월군 영월읍 선돌길 85,128.435546382699,37.1795092220447
MA010120220809649897,강원식당,,I2,음식,I201,한식,I20101,백반/한정식,영월군,51750250,영월읍,영월읍,강원특별자치도 영월군 영월읍 하송리 245-15,강원특별자치도 영월군 영월읍 하송로 43,128.463906653761,37.1839823777011
MA010120220809659659,딸부자꼬마김밥영월점,,I2,음식,I210,기타 간이,I21007,김밥/만두/분식,영월군,51750250,영월읍,영월읍,강원특별자치도 영월군 영월읍 영흥리 966-2,강원특별자치도 영월군 영월읍 단종로16번길 15,128.469131743046,37.1851520257524
MA010120220809670263,김삿갓떡,전문점,I2,음식,I210,기타 간이,I21002,떡/한과,영월군,51750250,영월읍,영월읍,강원특별자치도 영월군 영월읍 하송리 5-25,강원특별자치도 영월군 영월읍 서부시장길 12-24,128.466342368566,37.1824115866371
MA010120220809677656,영월공조시스템에어컨,,S2,수리·개인,S205,가전제품 수리,S20501,가전제품 수리업,영월군,51750250,영월읍,영월읍,강원특별자치도 영월군 영월읍 영흥리 894-5,강원특별자치도 영월군 영월읍 내성길50번길 67-7,128.474947983774,37.1848635159158
MA010120220809680019,서울유통인력,,N1,시설관리·임대,N104,고용 알선,N10401,고용 알선업,영월군,51750250,영월읍,영월읍,강원특별자치도 영월군 영월읍 영흥리 858-1,강원특별자치도 영월군 영월읍 봉래산로 4,128.472789532015,37.1838902910866
MA010120220809684586,영월인테리어,,M1,과학·기술,M112,전문 디자인,M11201,인테리어 디자인업,영월군,51750250,영월읍,영월읍,강원특별자치도 영월군 영월읍 삼옥리 551-2,강원특별자치도 영월군 영월읍 삼옥길 6,128.509008921853,37.2079137358424
MA010120220809712225,365정보통신,,G2,소매,G208,가전·통신 소매,G20802,핸드폰 소매업,영월군,51750250,영월읍,영월읍,강원특별자치도 영월군 영월읍 영흥리 940-15,강원특별자치도 영월군 영월읍 하송안길 124-1,128.469243543946,37.1833667111219
MA010120220809729299,엘리트속셈교습소,,P1,교육,P105,일반 교육,P10501,입시·교과학원,영월군,51750250,영월읍,영월읍,강원특별자치도 영월군 영월읍 영흥리 927-9,강원특별자치도 영월군 영월읍 요리골목길 16,128.469310132743,37.1827352034785
MA010120220809736916,장돌뱅이먹거리,,I2,음식,I201,한식,I20105,국수/칼국수,영월군,51750250,영월읍,영월읍,강원특별자치도 영월군 영월읍 덕포리 501-1,강원특별자치도 영월군 영월읍 영월로 2103,128.480162592272,37.1826000999484
MA010120220809739934,후포집,,I2,음식,I210,기타 간이,I21099,그 외 기타 간이 음식점,영월군,51750250,영월읍,영월읍,강원특별자치도 영월군 영월읍 영흥리 947-57,강원특별자치도 영월군 영월읍 중앙로 30-1,128.46675398491,37.1833164748125
MA010120220809745811,인디문학,1호점,G2,소매,G213,오락용품 소매,G21301,서점,영월군,51750250,영월읍,영월읍,강원특별자치도 영월군 영월읍 하송리 171-4,강원특별자치도 영월군 영월읍 하송로 97,128.46119053991,37.1797723197103
MA010120220809746738,이미자맛집,,I2,음식,I210,기타 간이,I21099,그 외 기타 간이 음식점,영월군,51750250,영월읍,영월읍,강원특별자치도 영월군 영월읍 영흥리 931,강원특별자치도 영월군 영월읍 제방안길 16,128.471624338755,37.1824542044388
MA010120220809750714,삼촌만두,,I2,음식,I210,기타 간이,I21099,그 외 기타 간이 음식점,영월군,51750250,영월읍,영월읍,강원특별자치도 영월군 영월읍 하송리 11-1,강원특별자치도 영월군 영월읍 서부시장길 16-14,128.467258079405,37.1825984625758
MA010120220809774509,탑동전노래연습장,,R1,예술·스포츠,R104,유원지·오락,R10407,노래방,영월군,51750250,영월읍,영월읍,강원특별자치도 영월군 영월읍 영흥리 979-4,강원특별자치도 영월군 영월읍 중앙로 51,128.469474635677,37.1836701758097
MA010120220809777237,최고닭,,I2,음식,I210,기타 간이,I21006,치킨,영월군,51750250,영월읍,영월읍,강원특별자치도 영월군 영월읍 하송리 386,강원특별자치도 영월군 영월읍 하송로 117,128.459327171383,37.1789033227612
MA010120220809811382,거꾸로가는시간영월점,,S2,수리·개인,S207,이용·미용,S20702,피부 관리실,영월군,51750250,영월읍,영월읍,강원특별자치도 영월군 영월읍 하송리 543,강원특별자치도 영월군 영월읍 하송로 146-25,128.456126181963,37.1769785831564
MA010120220809823500,컬처클럽시,스타점,I2,음식,I210,기타 간이,I21006,치킨,영월군,51750250,영월읍,영월읍,강원특별자치도 영월군 영월읍 삼옥리 108,강원특별자치도 영월군 영월읍 사지막길 160,128.5187358527,37.2177630725064
MA010120220809826158,J스킨케어,,S2,수리·개인,S207,이용·미용,S20702,피부 관리실,영월군,51750250,영월읍,영월읍,강원특별자치도 영월군 영월읍 영흥리 913-6,강원특별자치도 영월군 영월읍 중앙로 70,128.471405577795,37.1833669052982
MA010120220809830521,지젤,,I2,음식,I211,주점,I21104,요리 주점,영월군,51750250,영월읍,영월읍,강원특별자치도 영월군 영월읍 영흥리 983-4,강원특별자치도 영월군 영월읍 관풍헌길 55,128.470067206175,37.1840322228313
MA010120220809842693,커피의꿈,,I2,음식,I212,비알코올 ,I21201,카페,영월군,51750250,영월읍,영월읍,강원특별자치도 영월군 영월읍 덕포리 486-59,강원특별자치도 영월군 영월읍 영월로 2091,128.479247217737,37.1818547166928
MA010120220809850431,마마떡볶이205,,I2,음식,I210,기타 간이,I21007,김밥/만두/분식,영월군,51750250,영월읍,영월읍,강원특별자치도 영월군 영월읍 영흥리 931,강원특별자치도 영월군 영월읍 제방안길 16-1,128.471305728606,37.1828636002287
MA010120220809870689,도너츠와찐빵,,I2,음식,I210,기타 간이,I21001,빵/도넛,영월군,51750250,영월읍,영월읍,강원특별자치도 영월군 영월읍 덕포리 486-24,강원특별자치도 영월군 영월읍 영월로 2075,128.47785465863,37.1808900367543
MA010120220809896860,한국동강래프팅,,R1,예술·스포츠,R104,유원지·오락,R10409,수상/해양 레저업,영월군,51750250,영월읍,영월읍,강원특별자치도 영월군 영월읍 삼옥리 70,강원특별자치도 영월군 영월읍 동강로 486,128.523068406008,37.2169686383171
MA010120220809897469,케이클린영서지사,,N1,시설관리·임대,N102,청소·방제,N10203,"소독, 구충 및 방제 서비스업",영월군,51750250,영월읍,영월읍,강원특별자치도 영월군 영월읍 하송리 386-3,강원특별자치도 영월군 영월읍 하송로 113,128.459724989123,37.1790966361796
MA010120220809943475,좋은맛좋은집,,I2,음식,I210,기타 간이,I21099,그 외 기타 간이 음식점,영월군,51750250,영월읍,영월읍,강원특별자치도 영월군 영월읍 영흥리 931,강원특별자치도 영월군 영월읍 제방안길 16-1,128.471305728606,37.1828636002287
MA010120220809949821,동강프로래프팅,,R1,예술·스포츠,R103,스포츠 서비스,R10310,당구장,영월군,51750250,영월읍,영월읍,강원특별자치도 영월군 영월읍 삼옥리 1605,강원특별자치도 영월군 영월읍 동강로 226,128.50803038245,37.2006283706028
MA010120220809953140,별뜨는사진관&카페,,I2,음식,I212,비알코올 ,I21201,카페,영월군,51750250,영월읍,영월읍,강원특별자치도 영월군 영월읍 영흥리 905-5,강원특별자치도 영월군 영월읍 중앙로 78-1,128.472440600907,37.1833180057394
MA010120220809953710,무지개스낵,,I2,음식,I210,기타 간이,I21007,김밥/만두/분식,영월군,51750250,영월읍,영월읍,강원특별자치도 영월군 영월읍 하송리 363-3,강원특별자치도 영월군 영월읍 하송로 144,128.456878485216,37.1774558610963
MA010120220809955630,라온누리,,G2,소매,G218,장식품 소매,G21802,기념품점,영월군,51750250,영월읍,영월읍,강원특별자치도 영월군 영월읍 하송리 14-10,강원특별자치도 영월군 영월읍 하송안길 84-33,128.467523836428,37.1817842938192
MA010120220809976982,제이메이드,,S2,수리·개인,S207,이용·미용,S20702,피부 관리실,영월군,51750250,영월읍,영월읍,강원특별자치도 영월군 영월읍 하송리 382-12,강원특별자치도 영월군 영월읍 하송로 120,128.458723263784,37.1791179848748
MA010120220810003481,한마음래프팅,,R1,예술·스포츠,R104,유원지·오락,R10409,수상/해양 레저업,영월군,51750250,영월읍,영월읍,강원특별자치도 영월군 영월읍 삼옥리 70,강원특별자치도 영월군 영월읍 동강로 486,128.523068406008,37.2169686383171
MA010120220810019160,뉴케어영월에어컨청소세탁기청소,,N1,시설관리·임대,N102,청소·방제,N10202,"산업설비, 운송장비 및 공공장소 청소업",영월군,51750250,영월읍,영월읍,강원특별자치도 영월군 영월읍 덕포리 502-29,강원특별자치도 영월군 영월읍 덕포시장길 68,128.479647725592,37.1827596974347
MA010120220810029442,영월드론비행교육원,,M1,과학·기술,M113,사진 촬영,M11301,사진촬영업,영월군,51750250,영월읍,영월읍,강원특별자치도 영월군 영월읍 하송리 178-13,강원특별자치도 영월군 영월읍 하송안길 7,128.463457000855,37.1811048147847
MA010120220810032657,산가락영토,,P1,교육,P106,기타 교육,P10613,기타 예술/스포츠 교육기관,영월군,51750250,영월읍,영월읍,강원특별자치도 영월군 영월읍 거운리 774-1,강원특별자치도 영월군 영월읍 동강로 1069,128.505283066697,37.2488468734099
MA010120220810037472,에스엠동강시스타,,I1,숙박,I101,일반 숙박,I10103,펜션,영월군,51750250,영월읍,영월읍,강원특별자치도 영월군 영월읍 삼옥리 108,강원특별자치도 영월군 영월읍 사지막길 152,128.511349164531,37.2168124580351
MA010120220810038874,영월맛집,,I2,음식,I210,기타 간이,I21099,그 외 기타 간이 음식점,영월군,51750250,영월읍,영월읍,강원특별자치도 영월군 영월읍 영흥리 931,강원특별자치도 영월군 영월읍 제방안길 16,128.471624338755,37.1824542044388
MA010120220810042466,산울림,,M1,과학·기술,M109,기술 서비스,M10902,도시 계획 및 조경 설계 서비스업,영월군,51750250,영월읍,영월읍,강원특별자치도 영월군 영월읍 덕포리 771-214,강원특별자치도 영월군 영월읍 중앙로 228,128.477274484747,37.1719145625693
MA010120220810060131,순대만드는집,,I2,음식,I201,한식,I20102,국/탕/찌개류,영월군,51750250,영월읍,영월읍,강원특별자치도 영월군 영월읍 덕포리 502-13,강원특별자치도 영월군 영월읍 덕포시장길 80,128.480114742107,37.1830331647449
MA010120220810061270,동강순대,,I2,음식,I201,한식,I20102,국/탕/찌개류,영월군,51750250,영월읍,영월읍,강원특별자치도 영월군 영월읍 하송리 5-20,강원특별자치도 영월군 영월읍 서부시장길 12-18,128.466356761247,37.182573583857
MA010120220810091253,4242온다,,I1,숙박,I101,일반 숙박,I10103,펜션,영월군,51750250,영월읍,영월읍,강원특별자치도 영월군 영월읍 영흥리 774,강원특별자치도 영월군 영월읍 봉래산로 46-1,128.472987789978,37.1871403391028
MA010120220810098773,온도감각,,P1,교육,P106,기타 교육,P10625,기타 기술/직업 훈련학원,영월군,51750250,영월읍,영월읍,강원특별자치도 영월군 영월읍 영흥리 979-4,강원특별자치도 영월군 영월읍 중앙로 51,128.469474635677,37.1836701758097
MA010120220810110426,대장금식당,,I2,음식,I201,한식,I20101,백반/한정식,영월군,51750250,영월읍,영월읍,강원특별자치도 영월군 영월읍 영흥리 971-6,강원특별자치도 영월군 영월읍 단종로16번길 22,128.469532322829,37.1849037941791
MA010120220810118213,약초이야기,,G2,소매,G205,식료품 소매,G20509,반찬/식료품 소매업,영월군,51750250,영월읍,영월읍,강원특별자치도 영월군 영월읍 영흥리 940-8,강원특별자치도 영월군 영월읍 중앙로 50,128.469356471689,37.1833833299238
MA010120220810135398,약물내기주유소,,G2,소매,G214,연료 소매,G21401,주유소,영월군,51750250,영월읍,영월읍,강원특별자치도 영월군 영월읍 덕포리 202,강원특별자치도 영월군 영월읍 영월로 2275,128.497598312281,37.1828314436965
MA010120220810141091,이즈헤어,,S2,수리·개인,S207,이용·미용,S20701,미용실,영월군,51750250,영월읍,영월읍,강원특별자치도 영월군 영월읍 영흥리 947-55,강원특별자치도 영월군 영월읍 중앙로 34,128.467409207336,37.1834254868094
MA010120220810148621,동백,,I2,음식,I211,주점,I21104,요리 주점,영월군,51750250,영월읍,영월읍,강원특별자치도 영월군 영월읍 영흥리 845-6,강원특별자치도 영월군 영월읍 봉래산로 7-8,128.471930257644,37.1837117667361
MA010120220810150933,매직터치영월점,,S2,수리·개인,S203,자동차 수리·세차,S20301,자동차 정비소,영월군,51750250,영월읍,영월읍,강원특별자치도 영월군 영월읍 덕포리 668-5,강원특별자치도 영월군 영월읍 중앙로 225,128.478126767014,37.1723183804454
MA010120220810186154,준컨설팅,,M1,과학·기술,M109,기술 서비스,M10901,건축 설계 및 관련 서비스업,영월군,51750250,영월읍,영월읍,강원특별자치도 영월군 영월읍 하송리 110-8,강원특별자치도 영월군 영월읍 은행나무길 69-12,128.465043708619,37.1781390146754
MA010120220810206123,편백숲하우스,,G2,소매,G215,의약·화장품 소매,G21503,화장품 소매업,영월군,51750250,영월읍,영월읍,강원특별자치도 영월군 영월읍 영흥리 947-4,강원특별자치도 영월군 영월읍 단종로33번길 43,128.46716247454,37.1840592247442
MA010120220810242062,펜슬무드,,P1,교육,P106,기타 교육,P10611,미술학원,영월군,51750250,영월읍,영월읍,강원특별자치도 영월군 영월읍 삼옥리 1571-3,강원특별자치도 영월군 영월읍 둥글바위길 35,128.504114682925,37.2025251457194
MA010120220810246737,동강종합중기자원,,N1,시설관리·임대,N111,산업용품 대여,N11101,건설기계/장비 대여업,영월군,51750250,영월읍,영월읍,강원특별자치도 영월군 영월읍 영흥리 904-1,강원특별자치도 영월군 영월읍 중앙로 84,128.473047824639,37.183274417571
MA010120220810264316,우박이네,,I1,숙박,I101,일반 숙박,I10103,펜션,영월군,51750250,영월읍,영월읍,강원특별자치도 영월군 영월읍 문산리 567-6,강원특별자치도 영월군 영월읍 동강로 1323-3,128.511151180494,37.2700977994967
MA010120220810283498,동강푸드,,I2,음식,I201,한식,I20101,백반/한정식,영월군,51750250,영월읍,영월읍,강원특별자치도 영월군 영월읍 영흥리 927-10,강원특별자치도 영월군 영월읍 요리골목길 20,128.469502562149,37.1827868749987
MA010120220810287642,영월수산,,G2,소매,G205,식료품 소매,G20505,수산물 소매업,영월군,51750250,영월읍,영월읍,강원특별자치도 영월군 영월읍 덕포리 574-185,강원특별자치도 영월군 영월읍 덕포시장길 18,128.477314798608,37.1815004225117
MA010120220810289357,깔끔이옷수선,,S2,수리·개인,S206,기타 가정용품 수리,S20601,의류/이불 수선업,영월군,51750250,영월읍,영월읍,강원특별자치도 영월군 영월읍 영흥리 939-1,강원특별자치도 영월군 영월읍 중앙로 60,128.470289128403,37.1832816604185
MA010120220810298169,토모토모,,I2,음식,I211,주점,I21104,요리 주점,영월군,51750250,영월읍,영월읍,강원특별자치도 영월군 영월읍 하송리 363-3,강원특별자치도 영월군 영월읍 하송로 144,128.456878485216,37.1774558610963
MA010120220810317645,문화축산정육마트,,G2,소매,G205,식료품 소매,G20503,정육점,영월군,51750250,영월읍,영월읍,강원특별자치도 영월군 영월읍 영흥리 945-8,강원특별자치도 영월군 영월읍 서부시장길 37,128.467780120549,37.1828082292394
MA010120220810334786,영월압구정1번지부동산중개사무소,,L1,부동산,L102,부동산 서비스,L10203,부동산 중개/대리업,영월군,51750250,영월읍,영월읍,강원특별자치도 영월군 영월읍 하송리 171-4,강원특별자치도 영월군 영월읍 하송로 97,128.46119053991,37.1797723197103
MA010120220810365260,서울의류,,G2,소매,G209,섬유·의복·신발 소매,G20905,기타 의류 소매업,영월군,51750250,영월읍,영월읍,강원특별자치도 영월군 영월읍 영흥리 947-57,강원특별자치도 영월군 영월읍 중앙로 30-1,128.46675398491,37.1833164748125
MA010120220810399365,청춘이발,,S2,수리·개인,S207,이용·미용,S20701,미용실,영월군,51750250,영월읍,영월읍,강원특별자치도 영월군 영월읍 영흥리 959-27,강원특별자치도 영월군 영월읍 단종로 21,128.467930609485,37.1853471109659
MA010120220810416394,열빈,,I2,음식,I202,중식,I20201,중국집,영월군,51750250,영월읍,영월읍,강원특별자치도 영월군 영월읍 영흥리 941-2,강원특별자치도 영월군 영월읍 요리골목길 29,128.469903218792,37.1831242742697
MA010120220810434745,중앙당구장,,R1,예술·스포츠,R103,스포츠 서비스,R10310,당구장,영월군,51750250,영월읍,영월읍,강원특별자치도 영월군 영월읍 영흥리 912-1,강원특별자치도 영월군 영월읍 중앙로 76-4,128.472079475546,37.1832774452284
MA010120220810458105,장수한약초,,G2,소매,G205,식료품 소매,G20506,채소/과일 소매업,영월군,51750250,영월읍,영월읍,강원특별자치도 영월군 영월읍 영흥리 940-8,강원특별자치도 영월군 영월읍 중앙로 50,128.469356471689,37.1833833299238
MA010120220810537768,오드리미용실,,S2,수리·개인,S207,이용·미용,S20701,미용실,영월군,51750250,영월읍,영월읍,강원특별자치도 영월군 영월읍 영흥리 952-11,강원특별자치도 영월군 영월읍 중앙1로 38,128.465945975608,37.1846238794197
MA010120220810551817,태복분식,,I2,음식,I210,기타 간이,I21099,그 외 기타 간이 음식점,영월군,51750250,영월읍,영월읍,강원특별자치도 영월군 영월읍 영흥리 947-57,강원특별자치도 영월군 영월읍 중앙로 30-1,128.46675398491,37.1833164748125
MA010120220810551842,한일금방,,G2,소매,G217,시계·귀금속 소매,G21701,시계/귀금속 소매업,영월군,51750250,영월읍,영월읍,강원특별자치도 영월군 영월읍 영흥리 947-25,강원특별자치도 영월군 영월읍 중앙로 27,128.466715399251,37.1836503129941
MA010120220810651461,감자부동산컨설팅개발,,L1,부동산,L102,부동산 서비스,L10203,부동산 중개/대리업,영월군,51750250,영월읍,영월읍,강원특별자치도 영월군 영월읍 하송리 205-1,강원특별자치도 영월군 영월읍 하송로 68,128.462506741183,37.1820445542778
MA010120220810878005,미락,,I2,음식,I201,한식,I20101,백반/한정식,영월군,51750250,영월읍,영월읍,강원특별자치도 영월군 영월읍 영흥리 928-6,강원특별자치도 영월군 영월읍 관풍헌길 29,128.469966051693,37.1828802316622
MA010120220810897287,오로스영월지점,,M1,과학·기술,M107,본사·경영 컨설팅,M10703,경영 컨설팅업,영월군,51750250,영월읍,영월읍,강원특별자치도 영월군 영월읍 영흥리 969-1,강원특별자치도 영월군 영월읍 관풍헌길 85-7,128.469585734237,37.1853355988958
MA010120220810969912,금강건설기계,,N1,시설관리·임대,N111,산업용품 대여,N11101,건설기계/장비 대여업,영월군,51750250,영월읍,영월읍,강원특별자치도 영월군 영월읍 영흥리 994-2,강원특별자치도 영월군 영월읍 단종로16번길 47,128.470989159569,37.1851199656223
MA010120220811043433,사랑채,,I2,음식,I201,한식,I20101,백반/한정식,영월군,51750250,영월읍,영월읍,강원특별자치도 영월군 영월읍 하송리 189-5,강원특별자치도 영월군 영월읍 중앙1로 17-9,128.465130186291,37.1826157896958
MA010120220811127968,미쓰리,,I2,음식,I211,주점,I21104,요리 주점,영월군,51750250,영월읍,영월읍,강원특별자치도 영월군 영월읍 영흥리 972-4,강원특별자치도 영월군 영월읍 중앙로 49,128.469237346911,37.1836280703999
MA010120220811130240,장릉황제손짜장,,I2,음식,I202,중식,I20201,중국집,영월군,51750250,영월읍,영월읍,강원특별자치도 영월군 영월읍 영흥리 1084-7,강원특별자치도 영월군 영월읍 단종로 187,128.45534360358,37.1948725536581
MA010120220811196356,감자바우,,I2,음식,I201,한식,I20105,국수/칼국수,영월군,51750250,영월읍,영월읍,강원특별자치도 영월군 영월읍 덕포리 632-64,강원특별자치도 영월군 영월읍 중앙로 183-1,128.477657877466,37.175991194843
MA010120220811321925,연당동치미,,I2,음식,I201,한식,I20105,국수/칼국수,영월군,51750250,영월읍,영월읍,강원특별자치도 영월군 영월읍 하송리 178-44,강원특별자치도 영월군 영월읍 분수대길 32,128.463644339849,37.1803096424322
MA010120220811354306,멕시카나영월점,,I2,음식,I210,기타 간이,I21006,치킨,영월군,51750250,영월읍,영월읍,강원특별자치도 영월군 영월읍 영흥리 947-37,강원특별자치도 영월군 영월읍 중앙로 28-2,128.466857570748,37.1834323188273
MA010120220811387057,현피아노,,P1,교육,P106,기타 교육,P10609,음악학원,영월군,51750250,영월읍,영월읍,강원특별자치도 영월군 영월읍 영흥리 785-2,강원특별자치도 영월군 영월읍 내성안길 6,128.473987654955,37.1893352846865
MA010120220811473021,투다리동강점,,I2,음식,I211,주점,I21104,요리 주점,영월군,51750250,영월읍,영월읍,강원특별자치도 영월군 영월읍 영흥리 913-2,강원특별자치도 영월군 영월읍 중앙로 72,128.471551929952,37.1833650873573
MA010120220811476963,동강매점,,G2,소매,G204,종합 소매,G20404,슈퍼마켓,영월군,51750250,영월읍,영월읍,강원특별자치도 영월군 영월읍 삼옥리 1621-5,강원특별자치도 영월군 영월읍 동강로 223,128.507558499953,37.2001208266043
MA010120220811494256,리드인독서논술영월초점학원,,P1,교육,P105,일반 교육,P10501,입시·교과학원,영월군,51750250,영월읍,영월읍,강원특별자치도 영월군 영월읍 영흥리 944-134,강원특별자치도 영월군 영월읍 하송안길 114,128.468809289838,37.183038735939
MA010120220811501356,에이플,,I2,음식,I210,기타 간이,I21001,빵/도넛,영월군,51750250,영월읍,영월읍,강원특별자치도 영월군 영월읍 덕포리 574-11,강원특별자치도 영월군 영월읍 덕포시장길 9,128.476841279755,37.1814702877688
MA010120220811552018,대풍상회,,G2,소매,G205,식료품 소매,G20502,가축 사료 소매업,영월군,51750250,영월읍,영월읍,강원특별자치도 영월군 영월읍 영흥리 932-12,강원특별자치도 영월군 영월읍 중앙로 66-16,128.470934221673,37.1828682138241
MA010120220811618790,카스토리,,S2,수리·개인,S203,자동차 수리·세차,S20302,자동차 세차장,영월군,51750250,영월읍,영월읍,강원특별자치도 영월군 영월읍 하송리 421-13,강원특별자치도 영월군 영월읍 하송로 163,128.456658933746,37.1754043350524
MA010120220811668964,세븐일레븐영월덕포점,,G2,소매,G204,종합 소매,G20405,편의점,영월군,51750250,영월읍,영월읍,강원특별자치도 영월군 영월읍 덕포리 574-371,강원특별자치도 영월군 영월읍 중앙로 122,128.47602407441,37.1811381029439
MA010120220811670950,묵산자연농법농장,,G2,소매,G205,식료품 소매,G20509,반찬/식료품 소매업,영월군,51750250,영월읍,영월읍,강원특별자치도 영월군 영월읍 덕포리 951,강원특별자치도 영월군 영월읍 덕포우회길 329,128.476229613449,37.1691345644437
MA010120220811679433,장릉보리밥집,,I2,음식,I201,한식,I20101,백반/한정식,영월군,51750250,영월읍,영월읍,강원특별자치도 영월군 영월읍 영흥리 1101-10,강원특별자치도 영월군 영월읍 단종로 178-10,128.456315209559,37.195617429573
MA010120220811694019,털보네민박,,I1,숙박,I101,일반 숙박,I10103,펜션,영월군,51750250,영월읍,영월읍,강원특별자치도 영월군 영월읍 삼옥리 185-5,강원특별자치도 영월군 영월읍 섭새길 128-5,128.519735689318,37.2305349026264
MA010120220811725192,청령포장여관,,I1,숙박,I101,일반 숙박,I10102,여관/모텔,영월군,51750250,영월읍,영월읍,강원특별자치도 영월군 영월읍 방절리 132-3,강원특별자치도 영월군 영월읍 청령포로 42,128.453458653522,37.1846696360399
MA010120220811733229,복돼지분식,,I2,음식,I210,기타 간이,I21007,김밥/만두/분식,영월군,51750250,영월읍,영월읍,강원특별자치도 영월군 영월읍 영흥리 945-23,강원특별자치도 영월군 영월읍 단종로 3,128.468091655497,37.1837774207208
MA010120220811761133,이마트24영월주공점,,G2,소매,G204,종합 소매,G20405,편의점,영월군,51750250,영월읍,영월읍,강원특별자치도 영월군 영월읍 하송리 394,강원특별자치도 영월군 영월읍 하송로 123-7,128.460036179118,37.1777143086681
MA010120220811765195,영월뼈다귀탕,,I2,음식,I201,한식,I20102,국/탕/찌개류,영월군,51750250,영월읍,영월읍,강원특별자치도 영월군 영월읍 하송리 6-3,강원특별자치도 영월군 영월읍 중앙1로 20,128.465877204011,37.1828137723342
MA010120220811790380,장돌뱅이감자떡,,I2,음식,I210,기타 간이,I21099,그 외 기타 간이 음식점,영월군,51750250,영월읍,영월읍,강원특별자치도 영월군 영월읍 영흥리 931,강원특별자치도 영월군 영월읍 제방안길 16-1,128.471305728606,37.1828636002287
MA010120220811792980,이스턴하우스,,I1,숙박,I102,기타 숙박,I10299,그 외 기타 숙박업,영월군,51750250,영월읍,영월읍,강원특별자치도 영월군 영월읍 삼옥리 907,강원특별자치도 영월군 영월읍 동강로 758,128.50474381448,37.2296632383569
MA010120220811801954,충남상회,,G2,소매,G205,식료품 소매,G20509,반찬/식료품 소매업,영월군,51750250,영월읍,영월읍,강원특별자치도 영월군 영월읍 하송리 5-13,강원특별자치도 영월군 영월읍 서부시장길 8-8,128.466135611078,37.182783545213
MA010120220811810606,조은케미칼,,G2,소매,G221,기타 상품 소매,G22199,그 외 기타 상품 전문 소매업,영월군,51750250,영월읍,영월읍,강원특별자치도 영월군 영월읍 영흥리 954-9,강원특별자치도 영월군 영월읍 중앙1로 46,128.466036101214,37.1852083971723
MA010120220811836529,서로의발견협동조합,,P1,교육,P106,기타 교육,P10629,그 외 기타 교육기관,영월군,51750250,영월읍,영월읍,강원특별자치도 영월군 영월읍 덕포리 505-11,강원특별자치도 영월군 영월읍 중리1길 108,128.482159235361,37.1816291139323
MA010120220811892320,작심,,R1,예술·스포츠,R102,도서관·사적지,R10202,독서실/스터디 카페,영월군,51750250,영월읍,영월읍,강원특별자치도 영월군 영월읍 영흥리 943-9,강원특별자치도 영월군 영월읍 하송안길 114-1,128.468889141405,37.1830918042613
MA010120220811932898,동강더하우스,,I1,숙박,I101,일반 숙박,I10103,펜션,영월군,51750250,영월읍,영월읍,강원특별자치도 영월군 영월읍 삼옥리 1605,강원특별자치도 영월군 영월읍 동강로 226,128.50803038245,37.2006283706028
MA010120220811951308,아띠,,G2,소매,G204,종합 소매,G20404,슈퍼마켓,영월군,51750250,영월읍,영월읍,강원특별자치도 영월군 영월읍 하송리 56,강원특별자치도 영월군 영월읍 제방안길 100,128.459147356591,37.1742384822921
MA010120220811952090,토담,2호점,I2,음식,I201,한식,I20107,돼지고기 구이/찜,영월군,51750250,영월읍,영월읍,강원특별자치도 영월군 영월읍 하송리 389,강원특별자치도 영월군 영월읍 하송로 103-4,128.460164023137,37.1790912256257
MA010120220811968017,앤마트,,G2,소매,G204,종합 소매,G20404,슈퍼마켓,영월군,51750250,영월읍,영월읍,강원특별자치도 영월군 영월읍 영흥리 778-1,강원특별자치도 영월군 영월읍 봉래산로 70-2,128.473587121905,37.1890069082298
MA010120220811978922,루엔비영월점,,I2,음식,I212,비알코올 ,I21201,카페,영월군,51750250,영월읍,영월읍,강원특별자치도 영월군 영월읍 하송리 433-5,강원특별자치도 영월군 영월읍 제방안길 212,128.455354975027,37.1731679191062
MA010120220812000588,동강함박,,I2,음식,I204,서양식,I20401,경양식,영월군,51750250,영월읍,영월읍,강원특별자치도 영월군 영월읍 영흥리 939-4,강원특별자치도 영월군 영월읍 관풍헌길 36,128.470231442116,37.183210298483
MA010120220812001809,동강캐슬,,I1,숙박,I101,일반 숙박,I10103,펜션,영월군,51750250,영월읍,영월읍,강원특별자치도 영월군 영월읍 거운리 879,강원특별자치도 영월군 영월읍 동강로 1143-15,128.502745277182,37.2561228357747
MA010120220812005545,김밥휴게실,,I2,음식,I210,기타 간이,I21007,김밥/만두/분식,영월군,51750250,영월읍,영월읍,강원특별자치도 영월군 영월읍 영흥리 928-7,강원특별자치도 영월군 영월읍 관풍헌길 32,128.47021651713,37.18302127922
MA010120220812035779,동강래프팅협동조합,,R1,예술·스포츠,R104,유원지·오락,R10409,수상/해양 레저업,영월군,51750250,영월읍,영월읍,강원특별자치도 영월군 영월읍 거운리 493,강원특별자치도 영월군 영월읍 어라연길 48,128.517169915969,37.2346311432876
MA010120220812053720,그린테이블,,I2,음식,I210,기타 간이,I21003,피자,영월군,51750250,영월읍,영월읍,강원특별자치도 영월군 영월읍 하송리 253-6,강원특별자치도 영월군 영월읍 중앙1로 24,128.465886431871,37.1832911745159
MA010120220812071400,와이카페,,I2,음식,I204,서양식,I20401,경양식,영월군,51750250,영월읍,영월읍,강원특별자치도 영월군 영월읍 하송리 365-2,강원특별자치도 영월군 영월읍 하송로 142-7,128.456615061937,37.1778104809656
MA010120220812085845,화이통시니어꽃차사업단,,R1,예술·스포츠,R104,유원지·오락,R10499,기타 오락관련 서비스업,영월군,51750250,영월읍,영월읍,강원특별자치도 영월군 영월읍 방절리 245-11,강원특별자치도 영월군 영월읍 청령포로 126-3,128.446280552688,37.179684993459
MA010120220812093736,한끼,,I2,음식,I201,한식,I20101,백반/한정식,영월군,51750250,영월읍,영월읍,강원특별자치도 영월군 영월읍 덕포리 593-27,강원특별자치도 영월군 영월읍 중앙로 183,128.477615131506,37.176108854624
MA010120220812093780,주은이벤트,,N1,시설관리·임대,N111,산업용품 대여,N11199,기타 산업용 기계/장비 대여업,영월군,51750250,영월읍,영월읍,강원특별자치도 영월군 영월읍 팔괴리 산 195-7,강원특별자치도 영월군 영월읍 팔괴로 125,128.463485085154,37.1656347111831
MA010120220812128910,롯데리아영월점,,I2,음식,I210,기타 간이,I21004,버거,영월군,51750250,영월읍,영월읍,강원특별자치도 영월군 영월읍 하송리 253-17,강원특별자치도 영월군 영월읍 중앙로 24,128.466384565066,37.1834291652136
MA010120220812137758,진미순대,,I2,음식,I201,한식,I20102,국/탕/찌개류,영월군,51750250,영월읍,영월읍,강원특별자치도 영월군 영월읍 덕포리 574-41,강원특별자치도 영월군 영월읍 영월로 2073,128.477682988777,37.1807480225231
MA010120220812159578,두꺼비로멘스,,I2,음식,I211,주점,I21104,요리 주점,영월군,51750250,영월읍,영월읍,강원특별자치도 영월군 영월읍 영흥리 939-2,강원특별자치도 영월군 영월읍 중앙로 60,128.470289128403,37.1832816604185
MA010120220812180140,GS25영월별마로,,G2,소매,G204,종합 소매,G20405,편의점,영월군,51750250,영월읍,영월읍,강원특별자치도 영월군 영월읍 영흥리 1002-1,강원특별자치도 영월군 영월읍 봉래산로 27-17,128.471142605793,37.1860640820776
MA010120220812190888,영월스크린골프,,R1,예술·스포츠,R103,스포츠 서비스,R10311,골프 연습장,영월군,51750250,영월읍,영월읍,강원특별자치도 영월군 영월읍 하송리 43-4,강원특별자치도 영월군 영월읍 은행나무3길 13,128.46623871268,37.1799622189945
MA010120220812191791,남희네가자,,I2,음식,I210,기타 간이,I21007,김밥/만두/분식,영월군,51750250,영월읍,영월읍,강원특별자치도 영월군 영월읍 영흥리 938-8,강원특별자치도 영월군 영월읍 중앙로 62-3,128.47049299234,37.183342198121
MA010120220812204244,에스비모바일,,G2,소매,G208,가전·통신 소매,G20802,핸드폰 소매업,영월군,51750250,영월읍,영월읍,강원특별자치도 영월군 영월읍 영흥리 947-11,강원특별자치도 영월군 영월읍 중앙로 37,128.467908913169,37.1836445392343
MA010120220812223323,영월한솥도시락,,I2,음식,I201,한식,I20101,백반/한정식,영월군,51750250,영월읍,영월읍,강원특별자치도 영월군 영월읍 영흥리 940-15,강원특별자치도 영월군 영월읍 하송안길 124-1,128.469243543946,37.1833667111219
MA010120220812227783,월드송어횟집,,I2,음식,I201,한식,I20111,횟집,영월군,51750250,영월읍,영월읍,강원특별자치도 영월군 영월읍 영흥리 1097-40,강원특별자치도 영월군 영월읍 단종로 161-14,128.456662894683,37.1943698106956
MA010120220812239060,꼬망국수,,I2,음식,I201,한식,I20105,국수/칼국수,영월군,51750250,영월읍,영월읍,강원특별자치도 영월군 영월읍 영흥리 942-6,강원특별자치도 영월군 영월읍 요리골목길 21,128.46949549329,37.1830031964258
MA010120220812289607,김성래프로바둑아카데미학원,,P1,교육,P106,기타 교육,P10605,레크리에이션 교육기관,영월군,51750250,영월읍,영월읍,강원특별자치도 영월군 영월읍 영흥리 946-6,강원특별자치도 영월군 영월읍 서부시장길 29,128.467445001114,37.1829475271449
MA010120220812300782,알뜰세차장,,S2,수리·개인,S203,자동차 수리·세차,S20302,자동차 세차장,영월군,51750250,영월읍,영월읍,강원특별자치도 영월군 영월읍 하송리 243-4,강원특별자치도 영월군 영월읍 하송로 46-5,128.463180407135,37.18369402872
MA010120220812303806,일미광,,I2,음식,I201,한식,I20105,국수/칼국수,영월군,51750250,영월읍,영월읍,강원특별자치도 영월군 영월읍 하송리 11-1,강원특별자치도 영월군 영월읍 하송안길 89,128.467258079405,37.1825984625758
MA010120220812307778,연자락,,I2,음식,I201,한식,I20101,백반/한정식,영월군,51750250,영월읍,영월읍,강원특별자치도 영월군 영월읍 영흥리 948-8,강원특별자치도 영월군 영월읍 단종로9번길 9,128.467681736321,37.1841248702983
MA010120220812307943,둥글바위식당,,I2,음식,I201,한식,I20101,백반/한정식,영월군,51750250,영월읍,영월읍,강원특별자치도 영월군 영월읍 삼옥리 1602,강원특별자치도 영월군 영월읍 동강로 214-3,128.508213202397,37.2001935784866
MA010120220812343017,자가제빵선명희피자영월점,,I2,음식,I210,기타 간이,I21003,피자,영월군,51750250,영월읍,영월읍,강원특별자치도 영월군 영월읍 영흥리 945-5,강원특별자치도 영월군 영월읍 중앙로 40-5,128.468336461196,37.1830445976468
MA010120220812350295,스마트크린,,N1,시설관리·임대,N102,청소·방제,N10202,"산업설비, 운송장비 및 공공장소 청소업",영월군,51750250,영월읍,영월읍,강원특별자치도 영월군 영월읍 하송리 259-14,강원특별자치도 영월군 영월읍 하송로 18,128.464076576932,37.1863678592761
MA010120220812353093,코코마리,,G2,소매,G212,기타 생활용품 소매,G21202,주방/가정용품 소매업,영월군,51750250,영월읍,영월읍,강원특별자치도 영월군 영월읍 영흥리 940-9,강원특별자치도 영월군 영월읍 중앙로 54-1,128.469692985845,37.1833160872347
MA010120220812361427,영월메디칼약국,,G2,소매,G215,의약·화장품 소매,G21501,약국,영월군,51750250,영월읍,영월읍,강원특별자치도 영월군 영월읍 영흥리 956-6,강원특별자치도 영월군 영월읍 중앙1로 58,128.46596902201,37.1863985128471
MA010120220812363126,영월전통문화예술원,,G2,소매,G212,기타 생활용품 소매,G21203,악기 소매업,영월군,51750250,영월읍,영월읍,강원특별자치도 영월군 영월읍 영흥리 1049-16,강원특별자치도 영월군 영월읍 단종로 88,128.464689934206,37.1907209892609
MA010120220812363473,복복삼계탕,,I2,음식,I201,한식,I20102,국/탕/찌개류,영월군,51750250,영월읍,영월읍,강원특별자치도 영월군 영월읍 팔괴리 889-1,강원특별자치도 영월군 영월읍 팔괴로 47-41,128.461776010793,37.1698363423286
MA010120220812374578,일미닭강정,,I2,음식,I210,기타 간이,I21006,치킨,영월군,51750250,영월읍,영월읍,강원특별자치도 영월군 영월읍 하송리 4-1,강원특별자치도 영월군 영월읍 서부시장길 15,128.466782183539,37.1830278139259
MA010120220812377636,원짬뽕,,I2,음식,I202,중식,I20201,중국집,영월군,51750250,영월읍,영월읍,강원특별자치도 영월군 영월읍 하송리 171-3,강원특별자치도 영월군 영월읍 하송로 93,128.461471974307,37.1797688480591
MA010120220812480403,"오,유미당영월점",,I2,음식,I205,동남아시아,I20501,베트남식 전문,영월군,51750250,영월읍,영월읍,강원특별자치도 영월군 영월읍 하송리 408,강원특별자치도 영월군 영월읍 하송로 151,128.457154903088,37.176605543945
MA010120220812481342,임태완프로볼링샵,,G2,소매,G213,오락용품 소매,G21304,운동용품 소매업,영월군,51750250,영월읍,영월읍,강원특별자치도 영월군 영월읍 영흥리 945-33,강원특별자치도 영월군 영월읍 중앙로 40-3,128.468350335082,37.1831795717785
MA010120220812483957,어라연,,I1,숙박,I101,일반 숙박,I10101,호텔/리조트,영월군,51750250,영월읍,영월읍,강원특별자치도 영월군 영월읍 하송리 182-1,강원특별자치도 영월군 영월읍 은행나무길 22,128.464758652488,37.1802868599319
MA010120220812486671,동강리버스타,,I1,숙박,I101,일반 숙박,I10102,여관/모텔,영월군,51750250,영월읍,영월읍,강원특별자치도 영월군 영월읍 삼옥리 1578-4,강원특별자치도 영월군 영월읍 동강로 257,128.506040071311,37.2030592778437
MA010120220812515347,보리네건강원,,G2,소매,G205,식료품 소매,G20508,건강보조식품 소매업,영월군,51750250,영월읍,영월읍,강원특별자치도 영월군 영월읍 영흥리 901-58,강원특별자치도 영월군 영월읍 중앙로 90-1,128.473769376322,37.1833195013323
MA010120220812523859,평창영월정선축산업협동조합,,G2,소매,G205,식료품 소매,G20503,정육점,영월군,51750250,영월읍,영월읍,강원특별자치도 영월군 영월읍 방절리 245-11,강원특별자치도 영월군 영월읍 청령포로 126-3,128.446280552688,37.179684993459
MA010120220812532203,제이에스통신,,G2,소매,G208,가전·통신 소매,G20802,핸드폰 소매업,영월군,51750250,영월읍,영월읍,강원특별자치도 영월군 영월읍 영흥리 945-9,강원특별자치도 영월군 영월읍 중앙로 40-1,128.468365604283,37.1833866065273
MA010120220812561794,예쁜머리헤어샵,,S2,수리·개인,S207,이용·미용,S20701,미용실,영월군,51750250,영월읍,영월읍,강원특별자치도 영월군 영월읍 하송리 254-6,강원특별자치도 영월군 영월읍 중앙1로 31,128.465640557077,37.1839699474973
MA010120220812586279,동강태용래프팅,,R1,예술·스포츠,R104,유원지·오락,R10409,수상/해양 레저업,영월군,51750250,영월읍,영월읍,강원특별자치도 영월군 영월읍 거운리 521,강원특별자치도 영월군 영월읍 동강로 871-18,128.511767404729,37.2360697090812
MA010120220812625819,대미식당,,I2,음식,I201,한식,I20101,백반/한정식,영월군,51750250,영월읍,영월읍,강원특별자치도 영월군 영월읍 영흥리 956-2,강원특별자치도 영월군 영월읍 중앙1로 56,128.466008308533,37.1861007052905
MA010120220812666776,하늘농장,,G2,소매,G205,식료품 소매,G20509,반찬/식료품 소매업,영월군,51750250,영월읍,영월읍,강원특별자치도 영월군 영월읍 덕포리 951,강원특별자치도 영월군 영월읍 덕포우회길 329,128.476229613449,37.1691345644437
MA010120220812671500,커피는,,I2,음식,I212,비알코올 ,I21201,카페,영월군,51750250,영월읍,영월읍,강원특별자치도 영월군 영월읍 방절리 238-43,강원특별자치도 영월군 영월읍 청령포로 109,128.449595191453,37.1787254843388
MA010120220812674905,영월떡,백화점,I2,음식,I210,기타 간이,I21002,떡/한과,영월군,51750250,영월읍,영월읍,강원특별자치도 영월군 영월읍 영흥리 947-41,강원특별자치도 영월군 영월읍 서부시장길 15-28,128.466990051776,37.1832955321667
MA010120220812692555,한잔해,,I2,음식,I211,주점,I21104,요리 주점,영월군,51750250,영월읍,영월읍,강원특별자치도 영월군 영월읍 영흥리 849-1,강원특별자치도 영월군 영월읍 중앙로 85,128.47336053625,37.1837210153121
MA010120220812692973,아이넷영월지점,,G2,소매,G208,가전·통신 소매,G20802,핸드폰 소매업,영월군,51750250,영월읍,영월읍,강원특별자치도 영월군 영월읍 하송리 243-1,강원특별자치도 영월군 영월읍 하송로 48,128.463449033454,37.1836096227366
MA010120220812697182,세광기획,,G2,소매,G221,기타 상품 소매,G22199,그 외 기타 상품 전문 소매업,영월군,51750250,영월읍,영월읍,강원특별자치도 영월군 영월읍 하송리 253-47,강원특별자치도 영월군 영월읍 중앙1로 22-9,128.466142750843,37.1831528562974
MA010120220812697701,김자매네,,I2,음식,I201,한식,I20101,백반/한정식,영월군,51750250,영월읍,영월읍,강원특별자치도 영월군 영월읍 하송리 243-1,강원특별자치도 영월군 영월읍 하송로 48,128.463449033454,37.1836096227366
MA010120220812705291,다슬기향촌성호식당,,I2,음식,I201,한식,I20101,백반/한정식,영월군,51750250,영월읍,영월읍,강원특별자치도 영월군 영월읍 덕포리 497-7,강원특별자치도 영월군 영월읍 영월로 2101,128.480038581773,37.1825926396586
MA010120220812710664,래프팅,코리아,R1,예술·스포츠,R104,유원지·오락,R10409,수상/해양 레저업,영월군,51750250,영월읍,영월읍,강원특별자치도 영월군 영월읍 삼옥리 199-6,강원특별자치도 영월군 영월읍 섭새길 71-10,128.513037417964,37.2325217160517
MA010120220812740906,대영횟집,,I2,음식,I201,한식,I20111,횟집,영월군,51750250,영월읍,영월읍,강원특별자치도 영월군 영월읍 하송리 11-1,강원특별자치도 영월군 영월읍 하송안길 89,128.467258079405,37.1825984625758
MA010120220812750064,막내제수씨,,I2,음식,I201,한식,I20101,백반/한정식,영월군,51750250,영월읍,영월읍,강원특별자치도 영월군 영월읍 영흥리 925-13,강원특별자치도 영월군 영월읍 관풍헌길 15,128.469953830269,37.1822497015801
MA010120220812761872,햇잎당구클럽,,R1,예술·스포츠,R103,스포츠 서비스,R10310,당구장,영월군,51750250,영월읍,영월읍,강원특별자치도 영월군 영월읍 하송리 8-9,강원특별자치도 영월군 영월읍 중앙1로 4,128.465930414149,37.1814886815041
MA010120220812773828,해쉬플라워,,G2,소매,G219,식물 소매,G21901,꽃집,영월군,51750250,영월읍,영월읍,강원특별자치도 영월군 영월읍 영흥리 948-11,강원특별자치도 영월군 영월읍 단종로9번길 1,128.468054121828,37.1841653046583
MA010120220812783332,하빈환경,,N1,시설관리·임대,N102,청소·방제,N10202,"산업설비, 운송장비 및 공공장소 청소업",영월군,51750250,영월읍,영월읍,강원특별자치도 영월군 영월읍 하송리 421-13,강원특별자치도 영월군 영월읍 하송로 163,128.456658933746,37.1754043350524
MA010120220812794972,지에스25영월세경대,,G2,소매,G204,종합 소매,G20405,편의점,영월군,51750250,영월읍,영월읍,강원특별자치도 영월군 영월읍 하송리 산 57,강원특별자치도 영월군 영월읍 하송로 197,128.454278189372,37.1727937216742
MA010120220812851188,미용실,,S2,수리·개인,S207,이용·미용,S20701,미용실,영월군,51750250,영월읍,영월읍,강원특별자치도 영월군 영월읍 영흥리 947-8,강원특별자치도 영월군 영월읍 단종로 3-1,128.467901665407,37.183851853057
MA010120220812861081,토담,,I2,음식,I201,한식,I20107,돼지고기 구이/찜,영월군,51750250,영월읍,영월읍,강원특별자치도 영월군 영월읍 하송리 389,강원특별자치도 영월군 영월읍 하송로 103-4,128.460164023137,37.1790912256257
MA010120220812871231,투게더,,G2,소매,G204,종합 소매,G20404,슈퍼마켓,영월군,51750250,영월읍,영월읍,강원특별자치도 영월군 영월읍 영흥리 979-3,강원특별자치도 영월군 영월읍 중앙로 53-1,128.469788286022,37.1835851969851
MA010120220812881712,영월곤충향토산업육성사업단,,G2,소매,G205,식료품 소매,G20509,반찬/식료품 소매업,영월군,51750250,영월읍,영월읍,강원특별자치도 영월군 영월읍 삼옥리 896,강원특별자치도 영월군 영월읍 동강로 716,128.505458439182,37.2282036034949
MA010120220812900236,서부미탄집,,I2,음식,I210,기타 간이,I21099,그 외 기타 간이 음식점,영월군,51750250,영월읍,영월읍,강원특별자치도 영월군 영월읍 영흥리 947-57,강원특별자치도 영월군 영월읍 중앙로 30-1,128.46675398491,37.1833164748125
MA010120220812905403,컬쳐클럽,,I2,음식,I211,주점,I21104,요리 주점,영월군,51750250,영월읍,영월읍,강원특별자치도 영월군 영월읍 하송리 169-2,강원특별자치도 영월군 영월읍 하송로 105,128.460338432038,37.1793773879379
MA010120220812922634,필라테스033,,P1,교육,P106,기타 교육,P10603,요가/필라테스 학원,영월군,51750250,영월읍,영월읍,강원특별자치도 영월군 영월읍 하송리 543,강원특별자치도 영월군 영월읍 하송로 146-25,128.456126181963,37.1769785831564
MA010120220812935648,레비로드,,I2,음식,I212,비알코올 ,I21201,카페,영월군,51750250,영월읍,영월읍,강원특별자치도 영월군 영월읍 하송리 81-124,강원특별자치도 영월군 영월읍 제방안길 198,128.456596294478,37.1733148396571
MA010120220812943805,자매,,I2,음식,I212,비알코올 ,I21201,카페,영월군,51750250,영월읍,영월읍,강원특별자치도 영월군 영월읍 영흥리 947-56,강원특별자치도 영월군 영월읍 서부시장길 25-12,128.467304226433,37.183237582637
MA010120220812947889,약사세요약국,,G2,소매,G215,의약·화장품 소매,G21501,약국,영월군,51750250,영월읍,영월읍,강원특별자치도 영월군 영월읍 영흥리 945-24,강원특별자치도 영월군 영월읍 단종로 1,128.468032924629,37.183652012212
MA010120220812953535,신승민밥상,,I2,음식,I201,한식,I20101,백반/한정식,영월군,51750250,영월읍,영월읍,강원특별자치도 영월군 영월읍 하송리 409-5,강원특별자치도 영월군 영월읍 하송로 154,128.456680728259,37.1765392972092
MA010120220812978591,오롯한한그릇,,I2,음식,I201,한식,I20101,백반/한정식,영월군,51750250,영월읍,영월읍,강원특별자치도 영월군 영월읍 영흥리 931,강원특별자치도 영월군 영월읍 제방안길 16,128.471624338755,37.1824542044388
MA010120220812992808,별빛좋은민박,,I1,숙박,I101,일반 숙박,I10103,펜션,영월군,51750250,영월읍,영월읍,강원특별자치도 영월군 영월읍 팔괴리 367-4,강원특별자치도 영월군 영월읍 태화산로 183-75,128.494935650209,37.1465648461757
MA010120220812993595,맛나식당,,I2,음식,I210,기타 간이,I21099,그 외 기타 간이 음식점,영월군,51750250,영월읍,영월읍,강원특별자치도 영월군 영월읍 영흥리 912-3,강원특별자치도 영월군 영월읍 중앙로 74,128.471821943698,37.1833527231202
MA010120220813025976,우리할매떡볶이영월점,,I2,음식,I210,기타 간이,I21007,김밥/만두/분식,영월군,51750250,영월읍,영월읍,강원특별자치도 영월군 영월읍 영흥리 940-3,강원특별자치도 영월군 영월읍 하송안길 124,128.469174949705,37.1833135034305
MA010120220813035019,머슬앤휘트니스클럽.중부종합상사,,R1,예술·스포츠,R103,스포츠 서비스,R10307,헬스장,영월군,51750250,영월읍,영월읍,강원특별자치도 영월군 영월읍 하송리 421-24,강원특별자치도 영월군 영월읍 은행나무길 187,128.457750827703,37.1765621735796
MA010120220813058430,마그마건설기계,,N1,시설관리·임대,N107,사무 지원,N10799,기타 사무 지원 서비스업,영월군,51750250,영월읍,영월읍,강원특별자치도 영월군 영월읍 팔괴리 1154,강원특별자치도 영월군 영월읍 팔괴로 47-21,128.459733683087,37.1707715097687
MA010120220813065632,하늘빛담은농원,,G2,소매,G205,식료품 소매,G20509,반찬/식료품 소매업,영월군,51750250,영월읍,영월읍,강원특별자치도 영월군 영월읍 덕포리 951,강원특별자치도 영월군 영월읍 덕포우회길 329,128.476229613449,37.1691345644437
MA010120220813092495,나라네전병,,I2,음식,I210,기타 간이,I21099,그 외 기타 간이 음식점,영월군,51750250,영월읍,영월읍,강원특별자치도 영월군 영월읍 영흥리 912-4,강원특별자치도 영월군 영월읍 중앙로 74-1,128.471989937319,37.1833055870712
MA010120220813119404,엘에스미디어,,M1,과학·기술,M105,광고,M10501,광고 대행업,영월군,51750250,영월읍,영월읍,강원특별자치도 영월군 영월읍 삼옥리 603-2,강원특별자치도 영월군 영월읍 삼옥재길 611-5,128.505560973492,37.2072909031061
MA010120220813127162,디어영월점,,N1,시설관리·임대,N110,가정용품 대여,N11001,스포츠/레크리에이션 용품 대여업,영월군,51750250,영월읍,영월읍,강원특별자치도 영월군 영월읍 하송리 184-39,강원특별자치도 영월군 영월읍 하송안길 16,128.46398436751,37.1810082012181
MA010120220813136500,동강인테리어,,M1,과학·기술,M112,전문 디자인,M11201,인테리어 디자인업,영월군,51750250,영월읍,영월읍,강원특별자치도 영월군 영월읍 삼옥리 551-2,강원특별자치도 영월군 영월읍 삼옥길 6,128.509008921853,37.2079137358424
MA010120220813147840,동강반딧불이펜션,,I1,숙박,I101,일반 숙박,I10103,펜션,영월군,51750250,영월읍,영월읍,강원특별자치도 영월군 영월읍 문산리 339-1,강원특별자치도 영월군 영월읍 동강로 1556,128.532957668457,37.2747275787772
MA010120220813168380,산재강원영월지사,,M1,과학·기술,M103,법무관련 ,M10307,공인노무사,영월군,51750250,영월읍,영월읍,강원특별자치도 영월군 영월읍 영흥리 950-5,강원특별자치도 영월군 영월읍 단종로33번길 30,128.466698524146,37.1845244667581
MA010120220813174010,집밥뚝딱,,G2,소매,G204,종합 소매,G20405,편의점,영월군,51750250,영월읍,영월읍,강원특별자치도 영월군 영월읍 하송리 543,강원특별자치도 영월군 영월읍 하송로 146-25,128.455240681503,37.1771876785586
MA010120220813184045,위니드뷰티,,S2,수리·개인,S207,이용·미용,S20703,네일숍,영월군,51750250,영월읍,영월읍,강원특별자치도 영월군 영월읍 하송리 207,강원특별자치도 영월군 영월읍 하송로 72,128.462421336909,37.181703238192
MA010120220813184331,인디자인,,M1,과학·기술,M105,광고,M10504,광고물 설계/제작업,영월군,51750250,영월읍,영월읍,강원특별자치도 영월군 영월읍 영흥리 1017-24,강원특별자치도 영월군 영월읍 단종로 48-6,128.466127049227,37.1870002094774
MA010120220813204658,혜영이네,,I2,음식,I210,기타 간이,I21099,그 외 기타 간이 음식점,영월군,51750250,영월읍,영월읍,강원특별자치도 영월군 영월읍 영흥리 947-57,강원특별자치도 영월군 영월읍 중앙로 30-1,128.46675398491,37.1833164748125
MA010120220813211320,영월농장꿈꾸는자연,,G2,소매,G205,식료품 소매,G20509,반찬/식료품 소매업,영월군,51750250,영월읍,영월읍,강원특별자치도 영월군 영월읍 덕포리 951,강원특별자치도 영월군 영월읍 덕포우회길 329,128.476229613449,37.1691345644437
MA010120220813215203,달콤한쭈니네,,G2,소매,G205,식료품 소매,G20506,채소/과일 소매업,영월군,51750250,영월읍,영월읍,강원특별자치도 영월군 영월읍 하송리 11-1,강원특별자치도 영월군 영월읍 하송안길 89,128.467258079405,37.1825984625758
MA010120220813220206,오그란이단팥빵,,I2,음식,I210,기타 간이,I21001,빵/도넛,영월군,51750250,영월읍,영월읍,강원특별자치도 영월군 영월읍 팔괴리 502,강원특별자치도 영월군 영월읍 태화산로 234,128.48933313292,37.1455452090178
MA010120220813268225,대영중기,,N1,시설관리·임대,N111,산업용품 대여,N11101,건설기계/장비 대여업,영월군,51750250,영월읍,영월읍,강원특별자치도 영월군 영월읍 팔괴리 1123-8,강원특별자치도 영월군 영월읍 팔괴로 65,128.458473874699,37.1690751689342
MA010120220813294193,숨에스테틱,,S2,수리·개인,S207,이용·미용,S20702,피부 관리실,영월군,51750250,영월읍,영월읍,강원특별자치도 영월군 영월읍 하송리 1-5,강원특별자치도 영월군 영월읍 중앙1로 32-1,128.465945567182,37.1840202318294
MA010120220813321589,어라연송어횟집,,I2,음식,I201,한식,I20111,횟집,영월군,51750250,영월읍,영월읍,강원특별자치도 영월군 영월읍 거운리 608-1,강원특별자치도 영월군 영월읍 동강로 955,128.51325173041,37.2421142152787
MA010120220813322548,스트라스,,I2,음식,I212,비알코올 ,I21201,카페,영월군,51750250,영월읍,영월읍,강원특별자치도 영월군 영월읍 영흥리 956-7,강원특별자치도 영월군 영월읍 중앙1로 56,128.466008308533,37.1861007052905
MA010120220813341131,우미,,I2,음식,I203,일식,I20301,일식 회/초밥,영월군,51750250,영월읍,영월읍,강원특별자치도 영월군 영월읍 하송리 5-20,강원특별자치도 영월군 영월읍 서부시장길 12-8,128.466384153476,37.182825517582
MA010120220813342474,원픽짐,,R1,예술·스포츠,R103,스포츠 서비스,R10307,헬스장,영월군,51750250,영월읍,영월읍,강원특별자치도 영월군 영월읍 하송리 40-3,강원특별자치도 영월군 영월읍 은행나무길 3,128.466192873529,37.1805033711293
MA010120220813342562,영월가나닭강정,,I2,음식,I210,기타 간이,I21006,치킨,영월군,51750250,영월읍,영월읍,강원특별자치도 영월군 영월읍 하송리 190-8,강원특별자치도 영월군 영월읍 서부시장길 12-3,128.466566020232,37.1829133636104
MA010120220813348084,서울마음치과의원,,Q1,보건의료,Q102,의원,Q10210,치과의원,영월군,51750250,영월읍,영월읍,강원특별자치도 영월군 영월읍 하송리 40-3,강원특별자치도 영월군 영월읍 은행나무길 3,128.466192873529,37.1805033711293
MA010120220813375868,지에스산업,,N1,시설관리·임대,N104,고용 알선,N10401,고용 알선업,영월군,51750250,영월읍,영월읍,강원특별자치도 영월군 영월읍 하송리 184-1,강원특별자치도 영월군 영월읍 하송안길 37,128.464917403132,37.1815102225303
MA010120220813430989,송원모터스,,G2,소매,G202,자동차 부품 소매,G20202,자동차 부품 소매업,영월군,51750250,영월읍,영월읍,강원특별자치도 영월군 영월읍 하송리 257-1,강원특별자치도 영월군 영월읍 하송로 21,128.464316258964,37.1859504486296
MA010120220813435029,총각통신,,G2,소매,G208,가전·통신 소매,G20802,핸드폰 소매업,영월군,51750250,영월읍,영월읍,강원특별자치도 영월군 영월읍 영흥리 947-27,강원특별자치도 영월군 영월읍 중앙로 25-1,128.466558136689,37.1836702795177
MA010120220813435609,쥬벨라스킨&바디,,S2,수리·개인,S207,이용·미용,S20702,피부 관리실,영월군,51750250,영월읍,영월읍,강원특별자치도 영월군 영월읍 영흥리 940-3,강원특별자치도 영월군 영월읍 하송안길 124,128.469174949705,37.1833135034305
MA010120220813435727,우리식품,,G2,소매,G204,종합 소매,G20404,슈퍼마켓,영월군,51750250,영월읍,영월읍,강원특별자치도 영월군 영월읍 하송리 187-1,강원특별자치도 영월군 영월읍 중앙1로 23,128.465272415117,37.1829834300255
MA010120220813436392,리얼티명인영월지점,,I1,숙박,I101,일반 숙박,I10102,여관/모텔,영월군,51750250,영월읍,영월읍,강원특별자치도 영월군 영월읍 삼옥리 1636-11,강원특별자치도 영월군 영월읍 동강로 124-10,128.503098657364,37.1933211414025
MA010120220813439528,YJ댄스로빅,,P1,교육,P106,기타 교육,P10603,요가/필라테스 학원,영월군,51750250,영월읍,영월읍,강원특별자치도 영월군 영월읍 하송리 175-5,강원특별자치도 영월군 영월읍 하송로 91,128.461837071347,37.1800166164354
MA010120220813440036,16번길스튜디오,,M1,과학·기술,M112,전문 디자인,M11203,시각 디자인업,영월군,51750250,영월읍,영월읍,강원특별자치도 영월군 영월읍 영흥리 966-10,강원특별자치도 영월군 영월읍 단종로16번길 11-5,128.468942797562,37.1852805052285
MA010120220813475293,사랑방식당,,I2,음식,I201,한식,I20101,백반/한정식,영월군,51750250,영월읍,영월읍,강원특별자치도 영월군 영월읍 하송리 378-1,강원특별자치도 영월군 영월읍 절무리골길 12,128.457940793741,37.1794159294235
MA010120220813499708,동강쉬리의원목도마,,G2,소매,G209,섬유·의복·신발 소매,G20911,가방 소매업,영월군,51750250,영월읍,영월읍,강원특별자치도 영월군 영월읍 하송리 123-2,강원특별자치도 영월군 영월읍 은행나무7길 5,128.463291594496,37.1783678939235
MA010120220813507842,봉구스밥버거영월,중앙로점,I2,음식,I210,기타 간이,I21007,김밥/만두/분식,영월군,51750250,영월읍,영월읍,강원특별자치도 영월군 영월읍 영흥리 940-25,강원특별자치도 영월군 영월읍 하송안길 122,128.469117962408,37.1832781712303
MA010120220813515728,영월에코윈드,,M1,과학·기술,M109,기술 서비스,M10904,환경 관련 엔지니어링 서비스업,영월군,51750250,영월읍,영월읍,강원특별자치도 영월군 영월읍 하송리 245-15,강원특별자치도 영월군 영월읍 하송로 43,128.463906653761,37.1839823777011
MA010120220813517998,통신,,G2,소매,G208,가전·통신 소매,G20802,핸드폰 소매업,영월군,51750250,영월읍,영월읍,강원특별자치도 영월군 영월읍 하송리 253-18,강원특별자치도 영월군 영월읍 중앙로 13-1,128.465241480666,37.1837136018496
MA010120220813524136,누나홀닭,,I2,음식,I210,기타 간이,I21006,치킨,영월군,51750250,영월읍,영월읍,강원특별자치도 영월군 영월읍 하송리 386,강원특별자치도 영월군 영월읍 하송로 117,128.459327171383,37.1789033227612
MA010120220813554387,헤어잇다미용실,,S2,수리·개인,S207,이용·미용,S20701,미용실,영월군,51750250,영월읍,영월읍,강원특별자치도 영월군 영월읍 덕포리 795-13,강원특별자치도 영월군 영월읍 덕포하리4길 31,128.476267139942,37.1733776882708
MA010120220813578672,더샵골프용품점,,G2,소매,G213,오락용품 소매,G21304,운동용품 소매업,영월군,51750250,영월읍,영월읍,강원특별자치도 영월군 영월읍 영흥리 972-20,강원특별자치도 영월군 영월읍 중앙로 49-15,128.469147542944,37.1842238268951
MA010120220813585335,호앤리영월지점,,N1,시설관리·임대,N105,여행사·보조,N10599,기타 여행 보조/예약 서비스업,영월군,51750250,영월읍,영월읍,강원특별자치도 영월군 영월읍 하송리 175-5,강원특별자치도 영월군 영월읍 하송로 91,128.461837071347,37.1800166164354
MA010120220813599198,블리스랜드블리스토어,,I2,음식,I212,비알코올 ,I21201,카페,영월군,51750250,영월읍,영월읍,강원특별자치도 영월군 영월읍 하송리 16-1,강원특별자치도 영월군 영월읍 하송안길 82,128.467395716024,37.1821462706275
MA010120220813600855,피플카페,,I2,음식,I212,비알코올 ,I21201,카페,영월군,51750250,영월읍,영월읍,강원특별자치도 영월군 영월읍 영흥리 1061-27,강원특별자치도 영월군 영월읍 하송로 4,128.464640813372,37.1875952184226
MA010120220813609315,먹골매점,,G2,소매,G204,종합 소매,G20404,슈퍼마켓,영월군,51750250,영월읍,영월읍,강원특별자치도 영월군 영월읍 삼옥리 300-1,강원특별자치도 영월군 영월읍 동강로 630,128.510559355938,37.2223995033474
MA010120220813617285,베이비프라임,,G2,소매,G209,섬유·의복·신발 소매,G20903,유아용 의류 소매업,영월군,51750250,영월읍,영월읍,강원특별자치도 영월군 영월읍 영흥리 945-9,강원특별자치도 영월군 영월읍 중앙로 40-1,128.468365604283,37.1833866065273
MA010120220813618938,코스모스,,G2,소매,G209,섬유·의복·신발 소매,G20911,가방 소매업,영월군,51750250,영월읍,영월읍,강원특별자치도 영월군 영월읍 하송리 11-1,강원특별자치도 영월군 영월읍 하송안길 89,128.467258079405,37.1825984625758
MA010120220813652521,영월한방부동산공인중개사사무소,,L1,부동산,L102,부동산 서비스,L10203,부동산 중개/대리업,영월군,51750250,영월읍,영월읍,강원특별자치도 영월군 영월읍 영흥리 900-4,강원특별자치도 영월군 영월읍 중앙로 89,128.473752287113,37.1835990156809
MA010120220813687389,하늘샘,,I1,숙박,I101,일반 숙박,I10103,펜션,영월군,51750250,영월읍,영월읍,강원특별자치도 영월군 영월읍 삼옥리 1577-8,강원특별자치도 영월군 영월읍 둥글바위길 62,128.505371234184,37.2034101483566
MA010120220813707491,카페올라,,G2,소매,G204,종합 소매,G20404,슈퍼마켓,영월군,51750250,영월읍,영월읍,강원특별자치도 영월군 영월읍 방절리 245-11,강원특별자치도 영월군 영월읍 청령포로 126-3,128.446280552688,37.179684993459
MA010120220813708207,에로스,,I2,음식,I211,주점,I21104,요리 주점,영월군,51750250,영월읍,영월읍,강원특별자치도 영월군 영월읍 영흥리 984-16,강원특별자치도 영월군 영월읍 중앙로 59,128.470341320145,37.1836504118545
MA010120220813746770,영월ATV동강ATV바이크,,R1,예술·스포츠,R104,유원지·오락,R10409,수상/해양 레저업,영월군,51750250,영월읍,영월읍,강원특별자치도 영월군 영월읍 삼옥리 939-7,강원특별자치도 영월군 영월읍 섭새길 49,128.510384581473,37.2322762878464
MA010120220813777057,한국부동산공인중개사사무소,,L1,부동산,L102,부동산 서비스,L10203,부동산 중개/대리업,영월군,51750250,영월읍,영월읍,강원특별자치도 영월군 영월읍 덕포리 574-245,강원특별자치도 영월군 영월읍 중앙로 149,128.477438566499,37.1791833773281
MA010120220813777504,동네맛집족발영월점,,I2,음식,I201,한식,I20103,족발/보쌈,영월군,51750250,영월읍,영월읍,강원특별자치도 영월군 영월읍 하송리 385-3,강원특별자치도 영월군 영월읍 하송로 111,128.459861463492,37.1791670325154
MA010120220813779608,육지고도,,I2,음식,I212,비알코올 ,I21201,카페,영월군,51750250,영월읍,영월읍,강원특별자치도 영월군 영월읍 방절리 526-5,강원특별자치도 영월군 영월읍 선돌길 20-3,128.440927026994,37.1782365883859
MA010120220813781547,장릉밥집,,I2,음식,I201,한식,I20101,백반/한정식,영월군,51750250,영월읍,영월읍,강원특별자치도 영월군 영월읍 영흥리 1101-13,강원특별자치도 영월군 영월읍 단종로 178-4,128.456656991972,37.1952348179565
MA010120220813791768,대만족영월점,,I2,음식,I201,한식,I20101,백반/한정식,영월군,51750250,영월읍,영월읍,강원특별자치도 영월군 영월읍 하송리 543,강원특별자치도 영월군 영월읍 하송로 146-25,128.456126181963,37.1769785831564
MA010120220813848659,지에스25영월청령포점,,G2,소매,G204,종합 소매,G20405,편의점,영월군,51750250,영월읍,영월읍,강원특별자치도 영월군 영월읍 하송리 294-7,강원특별자치도 영월군 영월읍 청령포로 12,128.456834352249,37.1851237055185
MA010120220813861520,세무법인대영영월지점,,M1,과학·기술,M104,회계·세무,M10402,세무사,영월군,51750250,영월읍,영월읍,강원특별자치도 영월군 영월읍 하송리 178-1,강원특별자치도 영월군 영월읍 하송안길 7,128.463457000855,37.1811048147847
MA010120220813869515,엄지카페,,I2,음식,I201,한식,I20101,백반/한정식,영월군,51750250,영월읍,영월읍,강원특별자치도 영월군 영월읍 영흥리 947-11,강원특별자치도 영월군 영월읍 중앙로 37,128.467908913169,37.1836445392343
MA010120220813897897,연하집,,I2,음식,I210,기타 간이,I21099,그 외 기타 간이 음식점,영월군,51750250,영월읍,영월읍,강원특별자치도 영월군 영월읍 영흥리 947-57,강원특별자치도 영월군 영월읍 중앙로 30-1,128.46675398491,37.1833164748125
MA010120220813900196,본래순대영월점,,I2,음식,I201,한식,I20102,국/탕/찌개류,영월군,51750250,영월읍,영월읍,강원특별자치도 영월군 영월읍 영흥리 971-2,강원특별자치도 영월군 영월읍 단종로16번길 32,128.470072536744,37.1848880816232
MA010120220813903094,야밤,,I2,음식,I201,한식,I20101,백반/한정식,영월군,51750250,영월읍,영월읍,강원특별자치도 영월군 영월읍 영흥리 928-8,강원특별자치도 영월군 영월읍 관풍헌길 30,128.470225854057,37.1829220562189
MA010120220813903162,정을담다,,I2,음식,I210,기타 간이,I21001,빵/도넛,영월군,51750250,영월읍,영월읍,강원특별자치도 영월군 영월읍 하송리 408,강원특별자치도 영월군 영월읍 하송로 149,128.457154903088,37.176605543945
MA010120220813922996,설빙강원영월점,,I2,음식,I212,비알코올 ,I21201,카페,영월군,51750250,영월읍,영월읍,강원특별자치도 영월군 영월읍 영흥리 945-4,강원특별자치도 영월군 영월읍 하송안길 101,128.467982760832,37.1828057182748
MA010120220813932414,장수장어촌,,I2,음식,I201,한식,I20112,해산물 구이/찜,영월군,51750250,영월읍,영월읍,강원특별자치도 영월군 영월읍 하송리 285-2,강원특별자치도 영월군 영월읍 영월로 1855,128.457709887527,37.186149055786
MA010120220813941102,새로고침,,N1,시설관리·임대,N102,청소·방제,N10201,건축물 일반 청소업,영월군,51750250,영월읍,영월읍,강원특별자치도 영월군 영월읍 영흥리 936,강원특별자치도 영월군 영월읍 중앙로 68,128.471157380666,37.1833429587023
MA010120220813955359,제일이벤트,,N1,시설관리·임대,N108,기타 사업 서비스,N10802,전시/컨벤션/행사 대행 서비스업,영월군,51750250,영월읍,영월읍,강원특별자치도 영월군 영월읍 덕포리 521-7,강원특별자치도 영월군 영월읍 중리2길 2,128.480310898086,37.1803908631311
MA010120220813964595,스마일꽈배기,,I2,음식,I210,기타 간이,I21001,빵/도넛,영월군,51750250,영월읍,영월읍,강원특별자치도 영월군 영월읍 영흥리 945-31,강원특별자치도 영월군 영월읍 중앙로 41,128.46841499614,37.1836112377711
MA010120220813994549,크로바,,G2,소매,G221,기타 상품 소매,G22199,그 외 기타 상품 전문 소매업,영월군,51750250,영월읍,영월읍,강원특별자치도 영월군 영월읍 영흥리 1061-41,강원특별자치도 영월군 영월읍 단종로 64,128.46483243473,37.1881874916244
MA010120220814010138,영월에코에너지,,M1,과학·기술,M107,본사·경영 컨설팅,M10703,경영 컨설팅업,영월군,51750250,영월읍,영월읍,강원특별자치도 영월군 영월읍 하송리 245-15,강원특별자치도 영월군 영월읍 하송로 43,128.463906653761,37.1839823777011
MA010120220814037405,수입코너,,G2,소매,G209,섬유·의복·신발 소매,G20905,기타 의류 소매업,영월군,51750250,영월읍,영월읍,강원특별자치도 영월군 영월읍 영흥리 947-34,강원특별자치도 영월군 영월읍 중앙로 26-2,128.466688876577,37.1834434173326
MA010120220814068505,태백실비촌,,I2,음식,I201,한식,I20107,돼지고기 구이/찜,영월군,51750250,영월읍,영월읍,강원특별자치도 영월군 영월읍 하송리 382-2,강원특별자치도 영월군 영월읍 하송로 116,128.459049898498,37.1791229721772
MA010120220814071081,캐롬당구클럽,,R1,예술·스포츠,R103,스포츠 서비스,R10310,당구장,영월군,51750250,영월읍,영월읍,강원특별자치도 영월군 영월읍 영흥리 831-17,강원특별자치도 영월군 영월읍 봉래산로 23,128.471715797753,37.185426280837
MA010120220814080029,빌드업영어,,P1,교육,P106,기타 교육,P10615,외국어학원,영월군,51750250,영월읍,영월읍,강원특별자치도 영월군 영월읍 영흥리 941-3,강원특별자치도 영월군 영월읍 관풍헌길 35,128.470027927938,37.1831677754597
MA010120220814088870,리버팰리스,,G2,소매,G204,종합 소매,G20404,슈퍼마켓,영월군,51750250,영월읍,영월읍,강원특별자치도 영월군 영월읍 방절리 522,강원특별자치도 영월군 영월읍 선돌길 9,128.442307386158,37.1779945465518
MA010120220814092208,상가영동식당,,I2,음식,I201,한식,I20101,백반/한정식,영월군,51750250,영월읍,영월읍,강원특별자치도 영월군 영월읍 하송리 11-1,강원특별자치도 영월군 영월읍 하송안길 89,128.467258079405,37.1825984625758
MA010120220814107702,영월고소작업렌탈,,N1,시설관리·임대,N111,산업용품 대여,N11199,기타 산업용 기계/장비 대여업,영월군,51750250,영월읍,영월읍,강원특별자치도 영월군 영월읍 덕포리 231,강원특별자치도 영월군 영월읍 중리1길 238,128.48864509837,37.1844939650089
MA010120220814130697,동강래프팅도착지쉼터,,R1,예술·스포츠,R104,유원지·오락,R10409,수상/해양 레저업,영월군,51750250,영월읍,영월읍,강원특별자치도 영월군 영월읍 삼옥리 231-16,강원특별자치도 영월군 영월읍 섭새길 71-9,128.512656029526,37.2326076756776
MA010120220814132907,여인천하,,I2,음식,I201,한식,I20101,백반/한정식,영월군,51750250,영월읍,영월읍,강원특별자치도 영월군 영월읍 하송리 16-8,강원특별자치도 영월군 영월읍 하송안길 70,128.466859983764,37.1818105353179
MA010120220814139042,유니팝미술교습소,,P1,교육,P106,기타 교육,P10611,미술학원,영월군,51750250,영월읍,영월읍,강원특별자치도 영월군 영월읍 영흥리 928-5,강원특별자치도 영월군 영월읍 요리골목길 30,128.46990007621,37.1829621379717
MA010120220814141449,옥이네전병,,I2,음식,I210,기타 간이,I21099,그 외 기타 간이 음식점,영월군,51750250,영월읍,영월읍,강원특별자치도 영월군 영월읍 영흥리 931,강원특별자치도 영월군 영월읍 제방안길 16,128.471624338755,37.1824542044388
MA010120220814164703,향숙이예뻤다,,G2,소매,G205,식료품 소매,G20509,반찬/식료품 소매업,영월군,51750250,영월읍,영월읍,강원특별자치도 영월군 영월읍 하송리 11-1,강원특별자치도 영월군 영월읍 하송안길 89,128.467258079405,37.1825984625758
MA010120220814193670,먹고마시고,,I2,음식,I211,주점,I21104,요리 주점,영월군,51750250,영월읍,영월읍,강원특별자치도 영월군 영월읍 영흥리 972-3,강원특별자치도 영월군 영월읍 중앙로 49-7,128.469152344231,37.1838904070492
MA010120220814209967,대원양복점,,S2,수리·개인,S206,기타 가정용품 수리,S20601,의류/이불 수선업,영월군,51750250,영월읍,영월읍,강원특별자치도 영월군 영월읍 영흥리 992-2,강원특별자치도 영월군 영월읍 영모전길 20-1,128.471348618284,37.1844938297328
MA010120220814210200,정가네나룻터,,I2,음식,I201,한식,I20101,백반/한정식,영월군,51750250,영월읍,영월읍,강원특별자치도 영월군 영월읍 덕포리 574-8,강원특별자치도 영월군 영월읍 덕포시장길 1,128.476535046134,37.1813569785753
MA010120220814216520,동막골,,I2,음식,I201,한식,I20101,백반/한정식,영월군,51750250,영월읍,영월읍,강원특별자치도 영월군 영월읍 영흥리 928-9,강원특별자치도 영월군 영월읍 관풍헌길 26,128.470268091166,37.1827773761911
MA010120220814221385,시골전병,,I2,음식,I210,기타 간이,I21099,그 외 기타 간이 음식점,영월군,51750250,영월읍,영월읍,강원특별자치도 영월군 영월읍 영흥리 947-57,강원특별자치도 영월군 영월읍 중앙로 30-1,128.46675398491,37.1833164748125
MA010120220814227623,도라지마을사회적협동조합,,I2,음식,I212,비알코올 ,I21201,카페,영월군,51750250,영월읍,영월읍,강원특별자치도 영월군 영월읍 하송리 2-5,강원특별자치도 영월군 영월읍 단종로9번길 33,128.466124127598,37.1839369343317
MA010120220814233523,동네방네공인중개사사무소,,L1,부동산,L102,부동산 서비스,L10203,부동산 중개/대리업,영월군,51750250,영월읍,영월읍,강원특별자치도 영월군 영월읍 하송리 1-18,강원특별자치도 영월군 영월읍 중앙1로 32-2,128.465946960179,37.1840922925217
MA010120220814253016,한잔의추억,,I2,음식,I211,주점,I21104,요리 주점,영월군,51750250,영월읍,영월읍,강원특별자치도 영월군 영월읍 영흥리 842-2,강원특별자치도 영월군 영월읍 영모전길 12,128.471394771563,37.1839706918296
MA010120220814271371,동강애민박,,I1,숙박,I101,일반 숙박,I10103,펜션,영월군,51750250,영월읍,영월읍,강원특별자치도 영월군 영월읍 삼옥리 202-10,강원특별자치도 영월군 영월읍 섭새길 77-2,128.513886708844,37.2321684946144
MA010120220814274415,냠냠떡볶이,,I2,음식,I210,기타 간이,I21007,김밥/만두/분식,영월군,51750250,영월읍,영월읍,강원특별자치도 영월군 영월읍 영흥리 800-1,강원특별자치도 영월군 영월읍 봉래산로 69,128.473308105185,37.1891365150827
MA010120220814281382,영일이벤트기획,,N1,시설관리·임대,N108,기타 사업 서비스,N10802,전시/컨벤션/행사 대행 서비스업,영월군,51750250,영월읍,영월읍,강원특별자치도 영월군 영월읍 팔괴리 1281,강원특별자치도 영월군 영월읍 팔괴로 130-25,128.463763496702,37.1625589395882
MA010120220814329624,수호동물병원,,M1,과학·기술,M111,수의,M11101,동물병원,영월군,51750250,영월읍,영월읍,강원특별자치도 영월군 영월읍 하송리 184-1,강원특별자치도 영월군 영월읍 하송안길 37,128.464917403132,37.1815102225303
MA010120220814338378,옥동분식,,I2,음식,I210,기타 간이,I21099,그 외 기타 간이 음식점,영월군,51750250,영월읍,영월읍,강원특별자치도 영월군 영월읍 영흥리 947-57,강원특별자치도 영월군 영월읍 중앙로 30-1,128.46675398491,37.1833164748125
MA010120220814343191,주식회사,,I2,음식,I201,한식,I20107,돼지고기 구이/찜,영월군,51750250,영월읍,영월읍,강원특별자치도 영월군 영월읍 덕포리 574-132,강원특별자치도 영월군 영월읍 중앙로 133,128.477073508173,37.1806745358709
MA010120220814371900,신전떡볶이,,I2,음식,I210,기타 간이,I21007,김밥/만두/분식,영월군,51750250,영월읍,영월읍,강원특별자치도 영월군 영월읍 영흥리 947-33,강원특별자치도 영월군 영월읍 중앙로 26-1,128.466610071317,37.1834443930136
MA0101202209A0031046,보리농원,,G2,소매,G205,식료품 소매,G20506,채소/과일 소매업,영월군,51750250,영월읍,영월읍,강원특별자치도 영월군 영월읍 거운리 산 104,강원특별자치도 영월군 영월읍 동강로 1143-31,128.501818215818,37.257684251716
MA0101202209A0032529,하나더협동조합,,P1,교육,P107,교육 지원,P10701,교육컨설팅업,영월군,51750250,영월읍,영월읍,강원특별자치도 영월군 영월읍 덕포리 801-1,강원특별자치도 영월군 영월읍 중앙로 224-22,128.476538380528,37.1728517428247
MA0101202209A0034949,우쿠야올떡,,I2,음식,I210,기타 간이,I21002,떡/한과,영월군,51750250,영월읍,영월읍,강원특별자치도 영월군 영월읍 덕포리 486-64,강원특별자치도 영월군 영월읍 영월로 2085,128.478599915115,37.1815744864809
MA0101202209A0041663,수경건설,,M1,과학·기술,M109,기술 서비스,M10903,건물 및 토목 엔지니어링 서비스업,영월군,51750250,영월읍,영월읍,강원특별자치도 영월군 영월읍 영흥리 800-2,강원특별자치도 영월군 영월읍 봉래산로 67-1,128.473193592936,37.1890388323227
MA0101202209A0084933,김시은공인중개사사무소,,L1,부동산,L102,부동산 서비스,L10203,부동산 중개/대리업,영월군,51750250,영월읍,영월읍,강원특별자치도 영월군 영월읍 영흥리 925-13,강원특별자치도 영월군 영월읍 관풍헌길 15,128.469987777962,37.1822582900688
MA0101202210A0010696,컴포즈커피강원영월점,,I2,음식,I212,비알코올 ,I21201,카페,영월군,51750250,영월읍,영월읍,강원특별자치도 영월군 영월읍 영흥리 928-2,강원특별자치도 영월군 영월읍 관풍헌길 24,128.470298895735,37.1826238283049
MA0101202210A0019741,블랑제리상떼,,I2,음식,I210,기타 간이,I21001,빵/도넛,영월군,51750250,영월읍,영월읍,강원특별자치도 영월군 영월읍 하송리 113-6,강원특별자치도 영월군 영월읍 은행나무4길 4-6,128.464901990597,37.1795462881638
MA0101202210A0032006,"215호프,소주",,I2,음식,I211,주점,I21104,요리 주점,영월군,51750250,영월읍,영월읍,강원특별자치도 영월군 영월읍 하송리 373-7,강원특별자치도 영월군 영월읍 하송로 128,128.458058566122,37.1785135042326
MA0101202210A0071359,영월군장례문화,,S2,수리·개인,S210,장례식장 ,S21001,장례식장,영월군,51750250,영월읍,영월읍,강원특별자치도 영월군 영월읍 영흥리 1068-5,강원특별자치도 영월군 영월읍 중앙1로 49,128.465694758764,37.1856090496615
MA0101202210A0090304,성호the키친,,G2,소매,G204,종합 소매,G20404,슈퍼마켓,영월군,51750250,영월읍,영월읍,강원특별자치도 영월군 영월읍 덕포리 501-4,강원특별자치도 영월군 영월읍 영월로 2099-1,128.479843158262,37.1823878573458
MA0101202210A0092990,행운로또,,R1,예술·스포츠,R104,유원지·오락,R10410,복권 발행/판매업,영월군,51750250,영월읍,영월읍,강원특별자치도 영월군 영월읍 하송리 170-2,강원특별자치도 영월군 영월읍 하송로 108,128.459935422339,37.1794994820134
MA0101202210A0095679,대흥식육점,,G2,소매,G205,식료품 소매,G20503,정육점,영월군,51750250,영월읍,영월읍,강원특별자치도 영월군 영월읍 하송리 253-15,강원특별자치도 영월군 영월읍 중앙1로 26,128.46589977912,37.1833991262592
MA0101202210A0099189,레드캡포차,,I2,음식,I201,한식,I20101,백반/한정식,영월군,51750250,영월읍,영월읍,강원특별자치도 영월군 영월읍 영흥리 840-1,강원특별자치도 영월군 영월읍 영모전길 18,128.471379071692,37.1843222665126
MA0101202211A0032443,금별맥주,,I2,음식,I211,주점,I21103,생맥주 전문,영월군,51750250,영월읍,영월읍,강원특별자치도 영월군 영월읍 영흥리 972-20,강원특별자치도 영월군 영월읍 중앙로 49-15,128.469147542944,37.1842238268951
MA0101202211A0036195,현대공사,,M1,과학·기술,M114,인쇄·제품제작,M11401,명함/간판/광고물 제작,영월군,51750250,영월읍,영월읍,강원특별자치도 영월군 영월읍 하송리 433-3,강원특별자치도 영월군 영월읍 하송로 187,128.45550459208,37.1733372666644
MA0101202211A0051577,청년피자영월점,,I2,음식,I210,기타 간이,I21003,피자,영월군,51750250,영월읍,영월읍,강원특별자치도 영월군 영월읍 하송리 543,강원특별자치도 영월군 영월읍 하송로 146-25,128.456126181963,37.1769785831564
MA0101202211A0072988,보스턴수제버거,,I2,음식,I210,기타 간이,I21004,버거,영월군,51750250,영월읍,영월읍,강원특별자치도 영월군 영월읍 하송리 184-35,강원특별자치도 영월군 영월읍 하송안길 18,128.464097638512,37.1810428403387
MA0101202211A0088004,효자동설렁탕강원영월점,,I2,음식,I201,한식,I20102,국/탕/찌개류,영월군,51750250,영월읍,영월읍,강원특별자치도 영월군 영월읍 영흥리 720-15,강원특별자치도 영월군 영월읍 봉래산로 107,128.473379229495,37.192216955957
MA0101202211A0097930,평범한집밥,,I2,음식,I201,한식,I20101,백반/한정식,영월군,51750250,영월읍,영월읍,강원특별자치도 영월군 영월읍 하송리 39-2,강원특별자치도 영월군 영월읍 은행나무길 1,128.466264771799,37.1807277248912
MA0101202212A0001828,펫딜영월점,,G2,소매,G220,애완동물·용품 소매,G22001,애완동물/애완용품 소매업,영월군,51750250,영월읍,영월읍,강원특별자치도 영월군 영월읍 영흥리 947-13,강원특별자치도 영월군 영월읍 중앙로 33,128.467459119307,37.1836771412544
MA0101202212A0015679,소담,,I1,숙박,I101,일반 숙박,I10103,펜션,영월군,51750250,영월읍,영월읍,강원특별자치도 영월군 영월읍 덕포리 636-31,강원특별자치도 영월군 영월읍 덕포하리1길 37,128.479225388099,37.1755391654825
MA0101202212A0022671,느리게,,I2,음식,I212,비알코올 ,I21201,카페,영월군,51750250,영월읍,영월읍,강원특별자치도 영월군 영월읍 방절리 131-3,강원특별자치도 영월군 영월읍 청령포로 37,128.454305289383,37.1841907378995
MA0101202212A0023435,황제펜션농어촌민박,,I1,숙박,I101,일반 숙박,I10103,펜션,영월군,51750250,영월읍,영월읍,강원특별자치도 영월군 영월읍 거운리 529-4,강원특별자치도 영월군 영월읍 동강로 879-15,128.511655717071,37.2366837890134
MA0101202212A0034942,송가네보쌈,,I2,음식,I201,한식,I20103,족발/보쌈,영월군,51750250,영월읍,영월읍,강원특별자치도 영월군 영월읍 하송리 199-5,강원특별자치도 영월군 영월읍 하송로 54,128.463180716142,37.1831264109502
MA0101202212A0040516,연하카페,,I2,음식,I212,비알코올 ,I21201,카페,영월군,51750250,영월읍,영월읍,강원특별자치도 영월군 영월읍 연하리 산 64-6,강원특별자치도 영월군 영월읍 계사동길 5,128.567002277205,37.1907541082409
MA0101202212A0045094,안경,백화점,G2,소매,G216,안경·정밀기기 소매,G21602,안경렌즈 소매업,영월군,51750250,영월읍,영월읍,강원특별자치도 영월군 영월읍 하송리 187-3,강원특별자치도 영월군 영월읍 중앙1로 15,128.465612529959,37.182519725657
MA0101202212A0063783,글마루평생교육원,,P1,교육,P107,교육 지원,P10799,기타 교육지원 서비스업,영월군,51750250,영월읍,영월읍,강원특별자치도 영월군 영월읍 하송리 161-8,강원특별자치도 영월군 영월읍 분수대길 8-5,128.462528777673,37.1796837278161
MA0101202212A0067179,동강676,,I1,숙박,I101,일반 숙박,I10103,펜션,영월군,51750250,영월읍,영월읍,강원특별자치도 영월군 영월읍 삼옥리 804,강원특별자치도 영월군 영월읍 동강로 676,128.506132856993,37.2235911022189
MA0101202212A0075654,나라네펜션,,I1,숙박,I101,일반 숙박,I10103,펜션,영월군,51750250,영월읍,영월읍,강원특별자치도 영월군 영월읍 팔괴리 219-2,강원특별자치도 영월군 영월읍 태화산로 138,128.491911651463,37.1524773208769
MA0101202212A0083217,자갈치,,I2,음식,I201,한식,I20111,횟집,영월군,51750250,영월읍,영월읍,강원특별자치도 영월군 영월읍 영흥리 961-9,강원특별자치도 영월군 영월읍 단종로34번길 24,128.467920897992,37.186590574941
MA0101202212A0088229,파크,코리아,I1,숙박,I101,일반 숙박,I10102,여관/모텔,영월군,51750250,영월읍,영월읍,강원특별자치도 영월군 영월읍 하송리 5-3,강원특별자치도 영월군 영월읍 서부시장길 4,128.466009511677,37.1826679791532
MA0101202212A0095125,시너지플레이스스터디카페영월점,,R1,예술·스포츠,R102,도서관·사적지,R10202,독서실/스터디 카페,영월군,51750250,영월읍,영월읍,강원특별자치도 영월군 영월읍 영흥리 946-3,강원특별자치도 영월군 영월읍 중앙로 36,128.467587590376,37.183333179581
MA0101202301A0006585,동강커피,,I2,음식,I212,비알코올 ,I21201,카페,영월군,51750250,영월읍,영월읍,강원특별자치도 영월군 영월읍 덕포리 497-9,강원특별자치도 영월군 영월읍 영월로 2103-1,128.480254236204,37.1826800423767
MA0101202301A0010926,큰강기획,,M1,과학·기술,M112,전문 디자인,M11201,인테리어 디자인업,영월군,51750250,영월읍,영월읍,강원특별자치도 영월군 영월읍 방절리 482-1,강원특별자치도 영월군 영월읍 청령포로 213,128.440903914828,37.1823543361606
MA0101202301A0027478,산촌힐링센터,,P1,교육,P106,기타 교육,P10629,그 외 기타 교육기관,영월군,51750250,영월읍,영월읍,강원특별자치도 영월군 영월읍 영흥리 957-8,강원특별자치도 영월군 영월읍 단종로 44-1,128.466189722972,37.1867471611148
MA0101202301A0039537,13월에한잔,,I2,음식,I201,한식,I20101,백반/한정식,영월군,51750250,영월읍,영월읍,강원특별자치도 영월군 영월읍 하송리 403-2,강원특별자치도 영월군 영월읍 하송로 125,128.458461054269,37.1783643936953
MA0101202301A0041628,영월전집,,I2,음식,I210,기타 간이,I21099,그 외 기타 간이 음식점,영월군,51750250,영월읍,영월읍,강원특별자치도 영월군 영월읍 영흥리 947-57,강원특별자치도 영월군 영월읍 중앙로 30-1,128.46675398491,37.1833164748125
MA0101202301A0060413,엔비래프팅,,R1,예술·스포츠,R104,유원지·오락,R10409,수상/해양 레저업,영월군,51750250,영월읍,영월읍,강원특별자치도 영월군 영월읍 삼옥리 1583,강원특별자치도 영월군 영월읍 동강로 250,128.507101767438,37.2026403374594
MA0101202301A0062460,동강개울가민박,,I1,숙박,I101,일반 숙박,I10103,펜션,영월군,51750250,영월읍,영월읍,강원특별자치도 영월군 영월읍 문산리 620,강원특별자치도 영월군 영월읍 동강로 1408,128.519649292557,37.270556598052
MA0101202301A0063339,삼성인력개발,,N1,시설관리·임대,N104,고용 알선,N10401,고용 알선업,영월군,51750250,영월읍,영월읍,강원특별자치도 영월군 영월읍 덕포리 574-209,강원특별자치도 영월군 영월읍 중앙로 121,128.476298462557,37.1813509174181
MA0101202301A0073553,연뷰티앤헬스,,S2,수리·개인,S207,이용·미용,S20702,피부 관리실,영월군,51750250,영월읍,영월읍,강원특별자치도 영월군 영월읍 영흥리 933-5,강원특별자치도 영월군 영월읍 중앙로 62-1,128.470571622687,37.1833322122907
MA0101202301A0087862,파파스홈,,I2,음식,I205,동남아시아,I20501,베트남식 전문,영월군,51750250,영월읍,영월읍,강원특별자치도 영월군 영월읍 하송리 183-3,강원특별자치도 영월군 영월읍 은행나무길 28,128.465144832457,37.1798766456992
MA0101202301A0108084,삼성영어,,P1,교육,P106,기타 교육,P10615,외국어학원,영월군,51750250,영월읍,영월읍,강원특별자치도 영월군 영월읍 하송리 11-1,강원특별자치도 영월군 영월읍 서부시장길 16-14,128.467258079405,37.1825984625758
MA0101202302A0013534,팀옥토퍼스,,P1,교육,P106,기타 교육,P10603,요가/필라테스 학원,영월군,51750250,영월읍,영월읍,강원특별자치도 영월군 영월읍 하송리 11-1,강원특별자치도 영월군 영월읍 하송안길 89,128.467258079405,37.1825984625758
MA0101202302A0015380,꿈의정원협동조합,,N1,시설관리·임대,N103,조경·유지,N10301,조경 유지·관리 서비스업,영월군,51750250,영월읍,영월읍,강원특별자치도 영월군 영월읍 영흥리 970-3,강원특별자치도 영월군 영월읍 단종로16번길 31,128.470064945658,37.185077380274
MA0101202302A0022000,니코니코,,I2,음식,I211,주점,I21104,요리 주점,영월군,51750250,영월읍,영월읍,강원특별자치도 영월군 영월읍 영흥리 947-59,강원특별자치도 영월군 영월읍 단종로33번길 49,128.46710095679,37.1837896944371
MA0101202302A0033207,어우동식당,,I2,음식,I203,일식,I20303,일식 면 요리,영월군,51750250,영월읍,영월읍,강원특별자치도 영월군 영월읍 하송리 253-19,강원특별자치도 영월군 영월읍 중앙1로 22-1,128.466052688012,37.1831539709346
MA0101202302A0034754,이불할인마트,,G2,소매,G209,섬유·의복·신발 소매,G20906,침구류/커튼 소매업,영월군,51750250,영월읍,영월읍,강원특별자치도 영월군 영월읍 영흥리 945-15,강원특별자치도 영월군 영월읍 중앙로 40-8,128.46797359533,37.1829139487442
MA0101202302A0061581,무인쎌프빨래방덕포점,,S2,수리·개인,S209,세탁,S20902,셀프 빨래방,영월군,51750250,영월읍,영월읍,강원특별자치도 영월군 영월읍 덕포리 531-6,강원특별자치도 영월군 영월읍 중앙로 127-2,128.476785725899,37.1809303963214
MA0101202302A0074636,조은인력사무소,,N1,시설관리·임대,N104,고용 알선,N10401,고용 알선업,영월군,51750250,영월읍,영월읍,강원특별자치도 영월군 영월읍 덕포리 591-9,강원특별자치도 영월군 영월읍 중앙로 163,128.47750142739,37.1777860841705
MA0101202302A0082282,별과시카페,,I2,음식,I212,비알코올 ,I21201,카페,영월군,51750250,영월읍,영월읍,강원특별자치도 영월군 영월읍 영흥리 947-57,강원특별자치도 영월군 영월읍 중앙로 30-1,128.46675398491,37.1833164748125
MA0101202302A0084817,골든키학원,,P1,교육,P105,일반 교육,P10501,입시·교과학원,영월군,51750250,영월읍,영월읍,강원특별자치도 영월군 영월읍 영흥리 945-4,강원특별자치도 영월군 영월읍 하송안길 101,128.467982760832,37.1828057182748
MA0101202302A0102984,어느날디저트,,I2,음식,I210,기타 간이,I21001,빵/도넛,영월군,51750250,영월읍,영월읍,강원특별자치도 영월군 영월읍 영흥리 979-4,강원특별자치도 영월군 영월읍 중앙로 51,128.469474635677,37.1836701758097
MA0101202302A0105208,금서제과,,I2,음식,I210,기타 간이,I21001,빵/도넛,영월군,51750250,영월읍,영월읍,강원특별자치도 영월군 영월읍 영흥리 931,강원특별자치도 영월군 영월읍 제방안길 16-1,128.471305204346,37.1828365775285
MA0101202303A0003163,우성식육점,,G2,소매,G205,식료품 소매,G20503,정육점,영월군,51750250,영월읍,영월읍,강원특별자치도 영월군 영월읍 하송리 187-14,강원특별자치도 영월군 영월읍 중앙1로 16,128.465883760877,37.1825704281267
MA0101202303A0013298,부산상회,,G2,소매,G205,식료품 소매,G20505,수산물 소매업,영월군,51750250,영월읍,영월읍,강원특별자치도 영월군 영월읍 하송리 5-27,강원특별자치도 영월군 영월읍 서부시장길 5,128.46615191898,37.1830446259169
MA0101202303A0047479,롤로영월점,,G2,소매,G207,담배 소매,G20701,담배/전자담배 소매업,영월군,51750250,영월읍,영월읍,강원특별자치도 영월군 영월읍 덕포리 574-25,강원특별자치도 영월군 영월읍 중앙로 124,128.47612434006,37.1810827952046
MA0101202303A0047854,치킨마루영월점,,I2,음식,I210,기타 간이,I21006,치킨,영월군,51750250,영월읍,영월읍,강원특별자치도 영월군 영월읍 영흥리 945-33,강원특별자치도 영월군 영월읍 중앙로 40-3,128.468350335082,37.1831795717785
MA0101202303A0057561,블루에어,,N1,시설관리·임대,N101,시설관리,N10101,사업시설 유지·관리 서비스업,영월군,51750250,영월읍,영월읍,강원특별자치도 영월군 영월읍 방절리 542-1,강원특별자치도 영월군 영월읍 선돌길 22-5,128.440461374197,37.1780260165787
MA0101202303A0063012,정동옥건축사사무소,,M1,과학·기술,M109,기술 서비스,M10901,건축 설계 및 관련 서비스업,영월군,51750250,영월읍,영월읍,강원특별자치도 영월군 영월읍 하송리 175-5,강원특별자치도 영월군 영월읍 하송로 91,128.461837071347,37.1800166164354
MA0101202303A0066840,21C동강맛집,,I2,음식,I201,한식,I20101,백반/한정식,영월군,51750250,영월읍,영월읍,강원특별자치도 영월군 영월읍 하송리 5-13,강원특별자치도 영월군 영월읍 서부시장길 8-14,128.466144779198,37.1826753148273
MA0101202303A0067593,영월낚시창고,,G2,소매,G213,오락용품 소매,G21306,장난감 소매업,영월군,51750250,영월읍,영월읍,강원특별자치도 영월군 영월읍 영흥리 925-14,강원특별자치도 영월군 영월읍 관풍헌길 16,128.470269395099,37.1822638048962
MA0101202303A0088516,영월동강레저,,R1,예술·스포츠,R104,유원지·오락,R10409,수상/해양 레저업,영월군,51750250,영월읍,영월읍,강원특별자치도 영월군 영월읍 삼옥리 230,강원특별자치도 영월군 영월읍 섭새길 71-5,128.512628820022,37.2323737731502
MA0101202303A0091578,호두가,,I2,음식,I210,기타 간이,I21003,피자,영월군,51750250,영월읍,영월읍,강원특별자치도 영월군 영월읍 하송리 253-5,강원특별자치도 영월군 영월읍 중앙로 11,128.465027927794,37.1837342625897
MA0101202305A0003601,씨유둥글바위점,,G2,소매,G204,종합 소매,G20405,편의점,영월군,51750250,영월읍,영월읍,강원특별자치도 영월군 영월읍 삼옥리 1605,강원특별자치도 영월군 영월읍 동강로 226,128.50803038245,37.2006283706028
MA0101202305A0009865,청령포,,G2,소매,G205,식료품 소매,G20506,채소/과일 소매업,영월군,51750250,영월읍,영월읍,강원특별자치도 영월군 영월읍 하송리 5-25,강원특별자치도 영월군 영월읍 서부시장길 12-11,128.466573271646,37.1827060497607
MA0101202305A0020010,리다헤어,,S2,수리·개인,S207,이용·미용,S20701,미용실,영월군,51750250,영월읍,영월읍,강원특별자치도 영월군 영월읍 하송리 543,강원특별자치도 영월군 영월읍 하송로 146-25,128.456126181963,37.1769785831564
MA0101202305A0035160,신구멍가게24영월,중앙점,G2,소매,G204,종합 소매,G20405,편의점,영월군,51750250,영월읍,영월읍,강원특별자치도 영월군 영월읍 영흥리 844-7,강원특별자치도 영월군 영월읍 영모전길 2,128.471511617623,37.183608850996
MA0101202305A0035170,스타힐링샵,,G2,소매,G215,의약·화장품 소매,G21503,화장품 소매업,영월군,51750250,영월읍,영월읍,강원특별자치도 영월군 영월읍 영흥리 912-3,강원특별자치도 영월군 영월읍 중앙로 74,128.471821943698,37.1833527231202
MA0101202305A0054981,지에스25영월동강점,,G2,소매,G204,종합 소매,G20405,편의점,영월군,51750250,영월읍,영월읍,강원특별자치도 영월군 영월읍 덕포리 199-5,강원특별자치도 영월군 영월읍 영월로 2279,128.497871164373,37.1829631395426
MA0101202305A0075377,시티투비젼골프,,R1,예술·스포츠,R103,스포츠 서비스,R10311,골프 연습장,영월군,51750250,영월읍,영월읍,강원특별자치도 영월군 영월읍 하송리 252-1,강원특별자치도 영월군 영월읍 중앙로 9,128.464816810635,37.1838810292277
MA0101202305A0087083,한쌤베이커리,,I2,음식,I210,기타 간이,I21001,빵/도넛,영월군,51750250,영월읍,영월읍,강원특별자치도 영월군 영월읍 영흥리 955-5,강원특별자치도 영월군 영월읍 중앙1로 53,128.465654600687,37.1858618192345
MA0101202305A0106963,다독임,,R1,예술·스포츠,R104,유원지·오락,R10499,기타 오락관련 서비스업,영월군,51750250,영월읍,영월읍,강원특별자치도 영월군 영월읍 거운리 665-1,강원특별자치도 영월군 영월읍 동강로 1023,128.508083226116,37.2457119316685
MA0101202305A0139621,카페슬로우슬로우,,I2,음식,I212,비알코올 ,I21201,카페,영월군,51750250,영월읍,영월읍,강원특별자치도 영월군 영월읍 하송리 40-3,강원특별자치도 영월군 영월읍 은행나무길 3,128.466192873529,37.1805033711293
MA0101202305A0140437,제일건어물,,G2,소매,G205,식료품 소매,G20504,건어물/젓갈 소매업,영월군,51750250,영월읍,영월읍,강원특별자치도 영월군 영월읍 영흥리 1009-17,강원특별자치도 영월군 영월읍 단종로34번길 54,128.469532413042,37.1866516816429
MA0101202305A0145925,지음,,P1,교육,P106,기타 교육,P10629,그 외 기타 교육기관,영월군,51750250,영월읍,영월읍,강원특별자치도 영월군 영월읍 거운리 578,강원특별자치도 영월군 영월읍 동강로 900,128.514548893347,37.2382325065145
MA0101202305A0173818,백송,,I2,음식,I211,주점,I21104,요리 주점,영월군,51750250,영월읍,영월읍,강원특별자치도 영월군 영월읍 영흥리 843-2,강원특별자치도 영월군 영월읍 영모전길 6,128.471436133069,37.1837809736217
MA0101202305A0190208,동강,,I2,음식,I212,비알코올 ,I21201,카페,영월군,51750250,영월읍,영월읍,강원특별자치도 영월군 영월읍 삼옥리 930-9,강원특별자치도 영월군 영월읍 동강로 776,128.505918265296,37.2314952816209
MA0101202306A0004483,동강다슬기,,I2,음식,I201,한식,I20101,백반/한정식,영월군,51750250,영월읍,영월읍,강원특별자치도 영월군 영월읍 덕포리 497-5,강원특별자치도 영월군 영월읍 영월로 2105,128.480333743483,37.1827150877593
MA0101202306A0004653,계절의숲,,I2,음식,I212,비알코올 ,I21201,카페,영월군,51750250,영월읍,영월읍,강원특별자치도 영월군 영월읍 하송리 11-1,강원특별자치도 영월군 영월읍 하송안길 89,128.467258079405,37.1825984625758
MA0101202306A0033058,고기냉면,,I2,음식,I201,한식,I20106,냉면/밀면,영월군,51750250,영월읍,영월읍,강원특별자치도 영월군 영월읍 하송리 410-4,강원특별자치도 영월군 영월읍 하송로 150,128.456732675299,37.1768990489362
MA0101202306A0039766,재흥광고기획,,M1,과학·기술,M105,광고,M10501,광고 대행업,영월군,51750250,영월읍,영월읍,강원특별자치도 영월군 영월읍 하송리 386-3,강원특별자치도 영월군 영월읍 하송로 113,128.459724989123,37.1790966361796
MA0101202306A0056317,키스가요주점,,I2,음식,I211,주점,I21101,일반 유흥 주점,영월군,51750250,영월읍,영월읍,강원특별자치도 영월군 영월읍 영흥리 939-2,강원특별자치도 영월군 영월읍 중앙로 60,128.470289128403,37.1832816604185
MA0101202306A0093346,러브,,I2,음식,I201,한식,I20101,백반/한정식,영월군,51750250,영월읍,영월읍,강원특별자치도 영월군 영월읍 영흥리 979-7,강원특별자치도 영월군 영월읍 중앙로 57-1,128.469991452003,37.1836097052542
MA0101202307A0010101,동양공영,,S2,수리·개인,S210,장례식장 ,S21001,장례식장,영월군,51750250,영월읍,영월읍,강원특별자치도 영월군 영월읍 덕포리 515-1,강원특별자치도 영월군 영월읍 중리2길 28-1,128.482012168423,37.1804416698038
MA0101202307A0013252,별빛마루,,I2,음식,I204,서양식,I20401,경양식,영월군,51750250,영월읍,영월읍,강원특별자치도 영월군 영월읍 삼옥리 648,강원특별자치도 영월군 영월읍 사지막길 58,128.506762738773,37.2122129130778
MA0101202307A0023237,가온개발,,S2,수리·개인,S210,장례식장 ,S21001,장례식장,영월군,51750250,영월읍,영월읍,강원특별자치도 영월군 영월읍 하송리 170-2,강원특별자치도 영월군 영월읍 하송로 108,128.459935422339,37.1794994820134
MA0101202307A0031974,하만장묘,,S2,수리·개인,S210,장례식장 ,S21002,화장터/묘지/납골당,영월군,51750250,영월읍,영월읍,강원특별자치도 영월군 영월읍 덕포리 515-1,강원특별자치도 영월군 영월읍 중리2길 28-1,128.482012168423,37.1804416698038
MA0101202307A0036588,살롱바이빈,,S2,수리·개인,S207,이용·미용,S20701,미용실,영월군,51750250,영월읍,영월읍,강원특별자치도 영월군 영월읍 영흥리 977-1,강원특별자치도 영월군 영월읍 단종로 4,128.468361671539,37.1837650643293
MA0101202307A0047852,영월효문화원,,N1,시설관리·임대,N108,기타 사업 서비스,N10802,전시/컨벤션/행사 대행 서비스업,영월군,51750250,영월읍,영월읍,강원특별자치도 영월군 영월읍 영흥리 948-11,강원특별자치도 영월군 영월읍 단종로9번길 1,128.468054121828,37.1841653046583
MA0101202307A0071198,강산장묘개발,,S2,수리·개인,S210,장례식장 ,S21001,장례식장,영월군,51750250,영월읍,영월읍,강원특별자치도 영월군 영월읍 덕포리 515-1,강원특별자치도 영월군 영월읍 중리2길 28-1,128.482012168423,37.1804416698038
MA0101202307A0082535,한마음,,S2,수리·개인,S210,장례식장 ,S21001,장례식장,영월군,51750250,영월읍,영월읍,강원특별자치도 영월군 영월읍 덕포리 502-27,강원특별자치도 영월군 영월읍 덕포시장길 86,128.480247022226,37.1828873562513
MA0101202307A0085949,영모개발,,S2,수리·개인,S210,장례식장 ,S21001,장례식장,영월군,51750250,영월읍,영월읍,강원특별자치도 영월군 영월읍 영흥리 1000-10,강원특별자치도 영월군 영월읍 영모전길 57,128.47072692363,37.1861142924427
MA0101202307A0096043,동강어라연래프팅,,R1,예술·스포츠,R104,유원지·오락,R10409,수상/해양 레저업,영월군,51750250,영월읍,영월읍,강원특별자치도 영월군 영월읍 삼옥리 939-3,강원특별자치도 영월군 영월읍 동강로 812,128.508676664457,37.2330818995431
MA0101202307A0097531,영월장례예복사,,N1,시설관리·임대,N110,가정용품 대여,N11004,의류 대여업,영월군,51750250,영월읍,영월읍,강원특별자치도 영월군 영월읍 영흥리 931,강원특별자치도 영월군 영월읍 제방안길 16,128.471612207097,37.1824093064603
MA0101202307A0097746,영월다슬기민물고기,,G2,소매,G205,식료품 소매,G20505,수산물 소매업,영월군,51750250,영월읍,영월읍,강원특별자치도 영월군 영월읍 영흥리 947-40,강원특별자치도 영월군 영월읍 서부시장길 15-30,128.466991097239,37.1833495776674
MA0101202307A0101942,중앙장의사,,S2,수리·개인,S210,장례식장 ,S21001,장례식장,영월군,51750250,영월읍,영월읍,강원특별자치도 영월군 영월읍 하송리 184-20,강원특별자치도 영월군 영월읍 하송안길 33,128.464648438008,37.1815766164865
MA0101202307A0104608,동강민물매운탕,,I2,음식,I201,한식,I20112,해산물 구이/찜,영월군,51750250,영월읍,영월읍,강원특별자치도 영월군 영월읍 덕포리 575-1,강원특별자치도 영월군 영월읍 덕포우회길 42,128.474373276431,37.1790503814362
MA0101202308A0017177,매화,,I2,음식,I201,한식,I20101,백반/한정식,영월군,51750250,영월읍,영월읍,강원특별자치도 영월군 영월읍 영흥리 938-4,강원특별자치도 영월군 영월읍 중앙로 62,128.470673467448,37.1833579771553
MA0101202308A0052492,더식당,,I2,음식,I201,한식,I20107,돼지고기 구이/찜,영월군,51750250,영월읍,영월읍,강원특별자치도 영월군 영월읍 삼옥리 1605-3,강원특별자치도 영월군 영월읍 동강로 226-1,128.508126379294,37.2009244674202
MA0101202308A0057446,사소한기록소협동조합,,N1,시설관리·임대,N108,기타 사업 서비스,N10802,전시/컨벤션/행사 대행 서비스업,영월군,51750250,영월읍,영월읍,강원특별자치도 영월군 영월읍 영흥리 959-16,강원특별자치도 영월군 영월읍 단종로33번길 7,128.467148811323,37.1856811469629
MA0101202308A0093565,기무원,,Q1,보건의료,Q104,기타 보건,Q10402,유사 의료업,영월군,51750250,영월읍,영월읍,강원특별자치도 영월군 영월읍 영흥리 991-19,강원특별자치도 영월군 영월읍 단종로16번길 40,128.470410279448,37.1848838897564
MA0101202309A0003052,콩심영월영흥점,,I2,음식,I201,한식,I20101,백반/한정식,영월군,51750250,영월읍,영월읍,강원특별자치도 영월군 영월읍 영흥리 955-13,강원특별자치도 영월군 영월읍 중앙1로 54,128.465971921554,37.1859660095259
MA0101202309A0010350,꼬미,,I2,음식,I210,기타 간이,I21001,빵/도넛,영월군,51750250,영월읍,영월읍,강원특별자치도 영월군 영월읍 영흥리 927-25,강원특별자치도 영월군 영월읍 관풍헌길 11-18,128.469099989701,37.182350390937
MA0101202309A0045452,두메,,I2,음식,I204,서양식,I20401,경양식,영월군,51750250,영월읍,영월읍,강원특별자치도 영월군 영월읍 하송리 166-1,강원특별자치도 영월군 영월읍 하송로 103-9,128.461207132266,37.1788801494799
MA0101202309A0058308,영월알찬농원,,G2,소매,G205,식료품 소매,G20508,건강보조식품 소매업,영월군,51750250,영월읍,영월읍,강원특별자치도 영월군 영월읍 덕포리 951,강원특별자치도 영월군 영월읍 덕포우회길 329,128.476229613449,37.1691345644437
MA0101202309A0062338,더위스키,,I2,음식,I211,주점,I21104,요리 주점,영월군,51750250,영월읍,영월읍,강원특별자치도 영월군 영월읍 영흥리 940-8,강원특별자치도 영월군 영월읍 중앙로 50,128.469356471689,37.1833833299238
MA0101202309A0068124,희문화공간,,P1,교육,P106,기타 교육,P10625,기타 기술/직업 훈련학원,영월군,51750250,영월읍,영월읍,강원특별자치도 영월군 영월읍 하송리 253-39,강원특별자치도 영월군 영월읍 중앙로 19,128.465950208449,37.1836778042113
MA0101202310A0005138,별이빛나는밤에,,I2,음식,I211,주점,I21104,요리 주점,영월군,51750250,영월읍,영월읍,강원특별자치도 영월군 영월읍 영흥리 840-3,강원특별자치도 영월군 영월읍 영모전길 16,128.471364667842,37.1841602701888
MA0101202310A0026290,메가엠지씨커피영월,중앙점,I2,음식,I212,비알코올 ,I21201,카페,영월군,51750250,영월읍,영월읍,강원특별자치도 영월군 영월읍 영흥리 947-13,강원특별자치도 영월군 영월읍 중앙로 33,128.467459119307,37.1836771412544
MA0101202310A0029222,제일판넬.철강,,G2,소매,G210,철물·건설자재 소매,G21099,기타 건설/건축자재 소매업,영월군,51750250,영월읍,영월읍,강원특별자치도 영월군 영월읍 팔괴리 1130,강원특별자치도 영월군 영월읍 팔괴로 32-15,128.454461245983,37.1694218196307
MA0101202310A0067178,지가전기,,G2,소매,G212,기타 생활용품 소매,G21201,전기용품/조명장치 소매업,영월군,51750250,영월읍,영월읍,강원특별자치도 영월군 영월읍 영흥리 906-1,강원특별자치도 영월군 영월읍 중앙로 78,128.472316589717,37.183310537374
MA0101202310A0094361,스테이오무개,,I1,숙박,I101,일반 숙박,I10103,펜션,영월군,51750250,영월읍,영월읍,강원특별자치도 영월군 영월읍 영흥리 722-14,강원특별자치도 영월군 영월읍 봉래산로 95,128.473530959558,37.1913321157602
MA0101202311A0001903,미소살림,,G2,소매,G205,식료품 소매,G20501,곡물/곡분 소매업,영월군,51750250,영월읍,영월읍,강원특별자치도 영월군 영월읍 하송리 386,강원특별자치도 영월군 영월읍 하송로 117,128.459327171383,37.1789033227612
MA0101202311A0008322,동강가까비,,I1,숙박,I101,일반 숙박,I10103,펜션,영월군,51750250,영월읍,영월읍,강원특별자치도 영월군 영월읍 삼옥리 930-7,강원특별자치도 영월군 영월읍 동강로 778,128.506000344526,37.2316564110034
MA0101202311A0025365,커피나무,,I2,음식,I212,비알코올 ,I21201,카페,영월군,51750250,영월읍,영월읍,강원특별자치도 영월군 영월읍 영흥리 1096-4,강원특별자치도 영월군 영월읍 단종로 181-1,128.455817373665,37.1949117802835
MA0101202311A0025737,일등당첨,,R1,예술·스포츠,R104,유원지·오락,R10410,복권 발행/판매업,영월군,51750250,영월읍,영월읍,강원특별자치도 영월군 영월읍 영흥리 810-7,강원특별자치도 영월군 영월읍 봉래산로 41,128.472307737811,37.1869145405378
MA0101202311A0028714,와이에스엔터테이먼트,,N1,시설관리·임대,N108,기타 사업 서비스,N10802,전시/컨벤션/행사 대행 서비스업,영월군,51750250,영월읍,영월읍,강원특별자치도 영월군 영월읍 덕포리 501-4,강원특별자치도 영월군 영월읍 영월로 2099,128.479752042375,37.1823349371781
MA0101202311A0058868,진미막국수최고집한방왕갈비탕,,I2,음식,I201,한식,I20101,백반/한정식,영월군,51750250,영월읍,영월읍,강원특별자치도 영월군 영월읍 영흥리 959-19,강원특별자치도 영월군 영월읍 단종로 27,128.467496770309,37.1856227784172
MA0101202311A0059235,육정가보석식당,,I2,음식,I201,한식,I20107,돼지고기 구이/찜,영월군,51750250,영월읍,영월읍,강원특별자치도 영월군 영월읍 영흥리 817,강원특별자치도 영월군 영월읍 영모전길 64-10,128.471427033682,37.1862137148272
MA0101202311A0061500,생활용품D/C마트,,G2,소매,G204,종합 소매,G20499,그 외 기타 종합 소매업,영월군,51750250,영월읍,영월읍,강원특별자치도 영월군 영월읍 영흥리 956-4,강원특별자치도 영월군 영월읍 단종로 43,128.466126464549,37.1863875545715
MA0101202311A0066754,오뚜기야식,,I2,음식,I211,주점,I21104,요리 주점,영월군,51750250,영월읍,영월읍,강원특별자치도 영월군 영월읍 영흥리 849-1,강원특별자치도 영월군 영월읍 중앙로 85,128.47336053625,37.1837210153121
MA0101202311A0067228,서현웰빙,,G2,소매,G208,가전·통신 소매,G20802,핸드폰 소매업,영월군,51750250,영월읍,영월읍,강원특별자치도 영월군 영월읍 하송리 40-3,강원특별자치도 영월군 영월읍 은행나무길 3,128.466192873529,37.1805033711293
MA0101202311A0096361,성진상회,,G2,소매,G212,기타 생활용품 소매,G21202,주방/가정용품 소매업,영월군,51750250,영월읍,영월읍,강원특별자치도 영월군 영월읍 영흥리 945-31,강원특별자치도 영월군 영월읍 중앙로 41,128.46841499614,37.1836112377711
MA0101202311A0102473,달빛슈퍼,,I2,음식,I212,비알코올 ,I21201,카페,영월군,51750250,영월읍,영월읍,강원특별자치도 영월군 영월읍 하송리 436-4,강원특별자치도 영월군 영월읍 하송로 205,128.45372006799,37.1724582000976
MA0101202406A0010435,조은광고,,M1,과학·기술,M105,광고,M10504,광고물 설계/제작업,영월군,51750250,영월읍,영월읍,강원특별자치도 영월군 영월읍 하송리 294-6,강원특별자치도 영월군 영월읍 청령포로 12-6,128.456787232643,37.1856018017183
MA0101202406A0021590,영월빈대떡상회,,G2,소매,G205,식료품 소매,G20509,반찬/식료품 소매업,영월군,51750250,영월읍,영월읍,강원특별자치도 영월군 영월읍 하송리 5-25,강원특별자치도 영월군 영월읍 서부시장길 12-22,128.466297337595,37.1824121440307
MA0101202406A0026655,황금돼지,,I2,음식,I201,한식,I20107,돼지고기 구이/찜,영월군,51750250,영월읍,영월읍,강원특별자치도 영월군 영월읍 영흥리 947-95,강원특별자치도 영월군 영월읍 단종로9번길 11,128.467468706024,37.1841725581884
MA0101202406A0035718,써니김밥,,I2,음식,I210,기타 간이,I21007,김밥/만두/분식,영월군,51750250,영월읍,영월읍,강원특별자치도 영월군 영월읍 영흥리 942-6,강원특별자치도 영월군 영월읍 요리골목길 21,128.46949549329,37.1830031964258
MA0101202406A0035745,박스더영월,,R1,예술·스포츠,R103,스포츠 서비스,R10307,헬스장,영월군,51750250,영월읍,영월읍,강원특별자치도 영월군 영월읍 영흥리 1104-1,강원특별자치도 영월군 영월읍 보덕사길 7,128.455613818272,37.1954548661697
MA0101202406A0036984,씨유영월하송대로점,,G2,소매,G204,종합 소매,G20405,편의점,영월군,51750250,영월읍,영월읍,강원특별자치도 영월군 영월읍 하송리 251-27,강원특별자치도 영월군 영월읍 중앙로 5,128.464364578549,37.1837875132572
MA0101202406A0056633,강원광고,,M1,과학·기술,M114,인쇄·제품제작,M11401,명함/간판/광고물 제작,영월군,51750250,영월읍,영월읍,강원특별자치도 영월군 영월읍 영흥리 840-1,강원특별자치도 영월군 영월읍 영모전길 18,128.471379071692,37.1843222665126
MA0101202406A0059388,잔비어스영월점,,I2,음식,I211,주점,I21103,생맥주 전문,영월군,51750250,영월읍,영월읍,강원특별자치도 영월군 영월읍 영흥리 940-25,강원특별자치도 영월군 영월읍 하송안길 122,128.469117962408,37.1832781712303
MA0101202406A0075924,최영골민박,,I1,숙박,I101,일반 숙박,I10103,펜션,영월군,51750250,영월읍,영월읍,강원특별자치도 영월군 영월읍 흥월리 46,강원특별자치도 영월군 영월읍 흥월로 361-23,128.46633222674,37.1306054762409
MA0101202406A0078090,약초카페,,I2,음식,I201,한식,I20101,백반/한정식,영월군,51750250,영월읍,영월읍,강원특별자치도 영월군 영월읍 하송리 11-1,강원특별자치도 영월군 영월읍 하송안길 89,128.467258079405,37.1825984625758
MA0101202406A0083875,동강푸드,,I2,음식,I201,한식,I20101,백반/한정식,영월군,51750250,영월읍,영월읍,강원특별자치도 영월군 영월읍 영흥리 927-10,강원특별자치도 영월군 영월읍 요리골목길 20,128.469502562149,37.1827868749987
MA0101202406A0093872,빽다방영월,중앙점,I2,음식,I212,비알코올 ,I21201,카페,영월군,51750250,영월읍,영월읍,강원특별자치도 영월군 영월읍 영흥리 946-3,강원특별자치도 영월군 영월읍 중앙로 36,128.467587590376,37.183333179581
MA0101202406A0106630,식껍,,I2,음식,I201,한식,I20101,백반/한정식,영월군,51750250,영월읍,영월읍,강원특별자치도 영월군 영월읍 하송리 410-3,강원특별자치도 영월군 영월읍 하송로 148,128.456868796979,37.1769514336219
MA0101202406A0124578,한화인력개발,,N1,시설관리·임대,N104,고용 알선,N10401,고용 알선업,영월군,51750250,영월읍,영월읍,강원특별자치도 영월군 영월읍 덕포리 574-1,강원특별자치도 영월군 영월읍 덕포시장길 8,128.47691692521,37.1813071694961
MA0101202406A0132038,목구멍영월점,,I2,음식,I201,한식,I20101,백반/한정식,영월군,51750250,영월읍,영월읍,강원특별자치도 영월군 영월읍 영흥리 840-6,강원특별자치도 영월군 영월읍 봉래산로 11,128.471680765191,37.1842013922531
MA0101202406A0137842,마라부마라탕영월점,,I2,음식,I202,중식,I20202,마라탕/훠궈,영월군,51750250,영월읍,영월읍,강원특별자치도 영월군 영월읍 영흥리 901-8,강원특별자치도 영월군 영월읍 중앙로 93-1,128.474288112421,37.183358095252
MA0101202406A0138776,영빈관,,I2,음식,I202,중식,I20201,중국집,영월군,51750250,영월읍,영월읍,강원특별자치도 영월군 영월읍 영흥리 959-34,강원특별자치도 영월군 영월읍 단종로 35-1,128.466639469632,37.1861289314261
MA0101202406A0141162,영월종합환경,,N1,시설관리·임대,N101,시설관리,N10101,사업시설 유지·관리 서비스업,영월군,51750250,영월읍,영월읍,강원특별자치도 영월군 영월읍 덕포리 669-2,강원특별자치도 영월군 영월읍 중앙로 217,128.478015057399,37.1729414464977
MA0101202406A0163035,레인보우모터스,,S2,수리·개인,S203,자동차 수리·세차,S20301,자동차 정비소,영월군,51750250,영월읍,영월읍,강원특별자치도 영월군 영월읍 팔괴리 743,강원특별자치도 영월군 영월읍 팔괴로 232,128.469696697788,37.1614223392548
MA0101202406A0174365,플랜비엔터테인먼트,,P1,교육,P105,일반 교육,P10501,입시·교과학원,영월군,51750250,영월읍,영월읍,강원특별자치도 영월군 영월읍 팔괴리 1126,강원특별자치도 영월군 영월읍 팔괴로 32-3,128.455753920529,37.1699014808108
MA0101202406A0178457,김약국,,G2,소매,G215,의약·화장품 소매,G21501,약국,영월군,51750250,영월읍,영월읍,강원특별자치도 영월군 영월읍 하송리 1-5,강원특별자치도 영월군 영월읍 중앙1로 32,128.465943825944,37.1839301559626
MA0101202406A0190534,만족오향족발영월점,,I2,음식,I201,한식,I20103,족발/보쌈,영월군,51750250,영월읍,영월읍,강원특별자치도 영월군 영월읍 하송리 187-14,강원특별자치도 영월군 영월읍 중앙1로 16,128.465883760877,37.1825704281267
MA0101202406A0199416,까사벨라,,I2,음식,I204,서양식,I20401,경양식,영월군,51750250,영월읍,영월읍,강원특별자치도 영월군 영월읍 하송리 543,강원특별자치도 영월군 영월읍 하송로 146-25,128.456126181963,37.1769785831564
MA0101202406A0208482,홍기와,,I2,음식,I201,한식,I20101,백반/한정식,영월군,51750250,영월읍,영월읍,강원특별자치도 영월군 영월읍 영흥리 843-6,강원특별자치도 영월군 영월읍 영모전길 4,128.471456726362,37.1836816107294
MA0101202406A0214963,영문산업,,N1,시설관리·임대,N101,시설관리,N10101,사업시설 유지·관리 서비스업,영월군,51750250,영월읍,영월읍,강원특별자치도 영월군 영월읍 덕포리 669-2,강원특별자치도 영월군 영월읍 중앙로 217,128.478015057399,37.1729414464977
MA0101202406A0227765,더벤티강원영월점,,I2,음식,I212,비알코올 ,I21201,카페,영월군,51750250,영월읍,영월읍,강원특별자치도 영월군 영월읍 영흥리 947-38,강원특별자치도 영월군 영월읍 중앙로 28-3,128.466902602314,37.1834317612078
MA0101202406A0235967,서울정플란트치과의원,,Q1,보건의료,Q102,의원,Q10210,치과의원,영월군,51750250,영월읍,영월읍,강원특별자치도 영월군 영월읍 하송리 175-5,강원특별자치도 영월군 영월읍 하송로 91,128.461837071347,37.1800166164354
MA0101202406A0245552,영월물품보관소유품정리중고가전,,G2,소매,G222,중고 상품 소매,G22201,중고 상품 소매업,영월군,51750250,영월읍,영월읍,강원특별자치도 영월군 영월읍 덕포리 231,강원특별자치도 영월군 영월읍 중리1길 238,128.48864509837,37.1844939650089
MA0101202406A0251796,강가네,,I2,음식,I201,한식,I20101,백반/한정식,영월군,51750250,영월읍,영월읍,강원특별자치도 영월군 영월읍 하송리 5-25,강원특별자치도 영월군 영월읍 서부시장길 12-11,128.466573271646,37.1827060497607
MA0101202406A0252147,연길뀀점,,I2,음식,I201,한식,I20101,백반/한정식,영월군,51750250,영월읍,영월읍,강원특별자치도 영월군 영월읍 영흥리 990-1,강원특별자치도 영월군 영월읍 관풍헌길 62-9,128.470774982944,37.1845279825163
MA0101202406A0257127,밥한술,,I2,음식,I201,한식,I20101,백반/한정식,영월군,51750250,영월읍,영월읍,강원특별자치도 영월군 영월읍 하송리 11-1,강원특별자치도 영월군 영월읍 하송안길 89,128.467258079405,37.1825984625758
MA0101202406A0262063,엘리팝,,I2,음식,I211,주점,I21103,생맥주 전문,영월군,51750250,영월읍,영월읍,강원특별자치도 영월군 영월읍 하송리 363-3,강원특별자치도 영월군 영월읍 하송로 144,128.456878485216,37.1774558610963
MA0101202406A0281381,궁전,,I2,음식,I211,주점,I21101,일반 유흥 주점,영월군,51750250,영월읍,영월읍,강원특별자치도 영월군 영월읍 영흥리 845-8,강원특별자치도 영월군 영월읍 중앙로 73,128.471950325766,37.1835853810822
MA0101202406A0285621,아름풍경펜션,,I1,숙박,I101,일반 숙박,I10103,펜션,영월군,51750250,영월읍,영월읍,강원특별자치도 영월군 영월읍 삼옥리 1135-1,강원특별자치도 영월군 영월읍 송이길 349,128.482806514845,37.2314085651941
MA0101202406A0306395,몽마르지,,I2,음식,I201,한식,I20101,백반/한정식,영월군,51750250,영월읍,영월읍,강원특별자치도 영월군 영월읍 하송리 16-8,강원특별자치도 영월군 영월읍 하송안길 70,128.466859983764,37.1818105353179
MA0101202406A0322190,이디야강원영월점,,I2,음식,I212,비알코올 ,I21201,카페,영월군,51750250,영월읍,영월읍,강원특별자치도 영월군 영월읍 영흥리 945-5,강원특별자치도 영월군 영월읍 중앙로 40-5,128.468336461196,37.1830445976468
MA0101202406A0337246,옛날통닭,,I2,음식,I210,기타 간이,I21006,치킨,영월군,51750250,영월읍,영월읍,강원특별자치도 영월군 영월읍 영흥리 904-1,강원특별자치도 영월군 영월읍 중앙로 84,128.473047824639,37.183274417571
MA0101202406A0339363,술고래,,I2,음식,I201,한식,I20101,백반/한정식,영월군,51750250,영월읍,영월읍,강원특별자치도 영월군 영월읍 하송리 16-8,강원특별자치도 영월군 영월읍 하송안길 70,128.466859983764,37.1818105353179
MA0101202406A0339887,중앙로텔레콤,,G2,소매,G208,가전·통신 소매,G20802,핸드폰 소매업,영월군,51750250,영월읍,영월읍,강원특별자치도 영월군 영월읍 하송리 253-9,강원특별자치도 영월군 영월읍 중앙로 15,128.465432691597,37.1837022268546
MA0101202406A0352569,스트라이더아트자이즈,,M1,과학·기술,M112,전문 디자인,M11203,시각 디자인업,영월군,51750250,영월읍,영월읍,강원특별자치도 영월군 영월읍 하송리 384,강원특별자치도 영월군 영월읍 하송로 112,128.459359911255,37.179434495024
MA0101202406A0362157,영월상회,,I2,음식,I201,한식,I20101,백반/한정식,영월군,51750250,영월읍,영월읍,강원특별자치도 영월군 영월읍 하송리 43-15,강원특별자치도 영월군 영월읍 은행나무길 19,128.465543017662,37.1800879543053
MA0101202406A0371394,제비카스테라,,I2,음식,I210,기타 간이,I21001,빵/도넛,영월군,51750250,영월읍,영월읍,강원특별자치도 영월군 영월읍 하송리 5-10,강원특별자치도 영월군 영월읍 서부시장길 8-2,128.466138571453,37.1829366742021
MA0101202406A0371673,카츠다원송,,I2,음식,I201,한식,I20101,백반/한정식,영월군,51750250,영월읍,영월읍,강원특별자치도 영월군 영월읍 하송리 363,강원특별자치도 영월군 영월읍 하송로 146-10,128.455883522602,37.1778284831093
MA0101202406A0399953,엄마메밀전병,,I2,음식,I201,한식,I20104,전/부침개,영월군,51750250,영월읍,영월읍,강원특별자치도 영월군 영월읍 영흥리 931,강원특별자치도 영월군 영월읍 제방안길 16-1,128.471305728606,37.1828636002287
MA0101202406A0401614,미소분식,,I2,음식,I210,기타 간이,I21007,김밥/만두/분식,영월군,51750250,영월읍,영월읍,강원특별자치도 영월군 영월읍 영흥리 945-23,강원특별자치도 영월군 영월읍 단종로 3,128.468091655497,37.1837774207208
MA0101202406A0402285,씨유영월레스트힐점,,G2,소매,G204,종합 소매,G20405,편의점,영월군,51750250,영월읍,영월읍,강원특별자치도 영월군 영월읍 하송리 53,강원특별자치도 영월군 영월읍 제방안길 64,128.46782836942,37.1794830360819
MA0101202406A0410246,홀리스틱요가코뮨,,P1,교육,P106,기타 교육,P10603,요가/필라테스 학원,영월군,51750250,영월읍,영월읍,강원특별자치도 영월군 영월읍 하송리 184-9,강원특별자치도 영월군 영월읍 은행나무길 6,128.465553809014,37.180646425119
MA0101202406A0426701,서부할인마트,,G2,소매,G204,종합 소매,G20404,슈퍼마켓,영월군,51750250,영월읍,영월읍,강원특별자치도 영월군 영월읍 하송리 4-1,강원특별자치도 영월군 영월읍 서부시장길 15,128.466782183539,37.1830278139259
MA0101202406A0438616,현대,골프연습장,R1,예술·스포츠,R103,스포츠 서비스,R10311,골프 연습장,영월군,51750250,영월읍,영월읍,강원특별자치도 영월군 영월읍 덕포리 694-1,강원특별자치도 영월군 영월읍 덕포하리6길 59-13,128.481166116513,37.1699829365364
MA0101202406A0458180,영월고기조개,,I2,음식,I201,한식,I20107,돼지고기 구이/찜,영월군,51750250,영월읍,영월읍,강원특별자치도 영월군 영월읍 하송리 183-3,강원특별자치도 영월군 영월읍 은행나무길 28,128.465144832457,37.1798766456992
MA0101202406A0463650,동강카누갬핑장,,I1,숙박,I101,일반 숙박,I10104,캠핑/글램핑,영월군,51750250,영월읍,영월읍,강원특별자치도 영월군 영월읍 팔괴리 268,강원특별자치도 영월군 영월읍 태화산로 183-27,128.493362789381,37.1501435337462
MA0101202406A0477248,동성개발,,N1,시설관리·임대,N102,청소·방제,N10201,건축물 일반 청소업,영월군,51750250,영월읍,영월읍,강원특별자치도 영월군 영월읍 덕포리 669-2,강원특별자치도 영월군 영월읍 중앙로 217,128.478015057399,37.1729414464977
MA0101202406A0507907,카페블린,,I2,음식,I212,비알코올 ,I21201,카페,영월군,51750250,영월읍,영월읍,강원특별자치도 영월군 영월읍 영흥리 1084-15,강원특별자치도 영월군 영월읍 단종로 187-13,128.455231718704,37.1943243342937
MA0101202406A0510093,청령포맛집,,I2,음식,I201,한식,I20101,백반/한정식,영월군,51750250,영월읍,영월읍,강원특별자치도 영월군 영월읍 하송리 253-24,강원특별자치도 영월군 영월읍 서부시장길 15-7,128.466502827933,37.1831393894784
MA0101202406A0515436,연하휴게소,,G2,소매,G205,식료품 소매,G20506,채소/과일 소매업,영월군,51750250,영월읍,영월읍,강원특별자치도 영월군 영월읍 연하리 산 10-13,강원특별자치도 영월군 영월읍 강원남로 2782,128.573765217009,37.1932141645295
MA0101202406A0517241,삼촌네뼈해장국,,I2,음식,I201,한식,I20102,국/탕/찌개류,영월군,51750250,영월읍,영월읍,강원특별자치도 영월군 영월읍 하송리 405-9,강원특별자치도 영월군 영월읍 하송로 138,128.457254986476,37.1777125134466
MA0101202406A0526320,지에스25영월주공점,,G2,소매,G204,종합 소매,G20405,편의점,영월군,51750250,영월읍,영월읍,강원특별자치도 영월군 영월읍 하송리 386-3,강원특별자치도 영월군 영월읍 하송로 113,128.459724989123,37.1790966361796
MA0101202406A0530356,공감영월별총총사회적협동조합,,I2,음식,I212,비알코올 ,I21201,카페,영월군,51750250,영월읍,영월읍,강원특별자치도 영월군 영월읍 영흥리 783-10,강원특별자치도 영월군 영월읍 내성길31번길 13-12,128.474331119737,37.1884660766282
MA0101202406A0540795,홀컴바인,,M1,과학·기술,M107,본사·경영 컨설팅,M10703,경영 컨설팅업,영월군,51750250,영월읍,영월읍,강원특별자치도 영월군 영월읍 하송리 11-1,강원특별자치도 영월군 영월읍 하송안길 89,128.467258079405,37.1825984625758
MA0101202406A0542099,다독임법인,,R1,예술·스포츠,R104,유원지·오락,R10499,기타 오락관련 서비스업,영월군,51750250,영월읍,영월읍,강원특별자치도 영월군 영월읍 거운리 673,강원특별자치도 영월군 영월읍 동강로 1025,128.508159625128,37.2461524291646
MA0101202406A0557151,24시즌,,G2,소매,G218,장식품 소매,G21801,예술품 소매업,영월군,51750250,영월읍,영월읍,강원특별자치도 영월군 영월읍 거운리 658-2,강원특별자치도 영월군 영월읍 동강로 1047-6,128.506285446982,37.2476808942167
MA0101202408A0014081,내성용역,,N1,시설관리·임대,N104,고용 알선,N10401,고용 알선업,영월군,51750250,영월읍,영월읍,강원특별자치도 영월군 영월읍 영흥리 826-3,강원특별자치도 영월군 영월읍 봉래산로 28,128.472195285811,37.1857626925643
MA0101202408A0024375,켈리영어,,P1,교육,P105,일반 교육,P10501,입시·교과학원,영월군,51750250,영월읍,영월읍,강원특별자치도 영월군 영월읍 영흥리 944-10,강원특별자치도 영월군 영월읍 하송안길 109,128.468506898386,37.1831235725955
MA0101202408A0024696,청소하는산타,,N1,시설관리·임대,N102,청소·방제,N10201,건축물 일반 청소업,영월군,51750250,영월읍,영월읍,강원특별자치도 영월군 영월읍 덕포리 574-245,강원특별자치도 영월군 영월읍 중앙로 149,128.477438566499,37.1791833773281
MA0101202408A0027916,윤석신수학교습소,,P1,교육,P105,일반 교육,P10501,입시·교과학원,영월군,51750250,영월읍,영월읍,강원특별자치도 영월군 영월읍 하송리 543,강원특별자치도 영월군 영월읍 하송로 146-25,128.456126181963,37.1769785831564
MA0101202408A0035894,아소비서진학원,,P1,교육,P105,일반 교육,P10501,입시·교과학원,영월군,51750250,영월읍,영월읍,강원특별자치도 영월군 영월읍 영흥리 941-4,강원특별자치도 영월군 영월읍 요리골목길 23,128.46962037657,37.1830557056286
MA0101202408A0041905,온새미로,,G2,소매,G205,식료품 소매,G20506,채소/과일 소매업,영월군,51750250,영월읍,영월읍,강원특별자치도 영월군 영월읍 영흥리 940-8,강원특별자치도 영월군 영월읍 중앙로 50,128.469356471689,37.1833833299238
MA0101202408A0047264,미소흑염소,,G2,소매,G205,식료품 소매,G20503,정육점,영월군,51750250,영월읍,영월읍,강원특별자치도 영월군 영월읍 덕포리 672-3,강원특별자치도 영월군 영월읍 중앙로 240,128.477731627493,37.1711069940405
MA0101202409A0009597,별총총마을관리사회적협동조합,,S2,수리·개인,S209,세탁,S20901,세탁소,영월군,51750250,영월읍,영월읍,강원특별자치도 영월군 영월읍 영흥리 729-6,강원특별자치도 영월군 영월읍 봉래산로 96-11,128.474392951919,37.1916457394324
MA0101202409A0030735,엔도르브라운,,I2,음식,I212,비알코올 ,I21201,카페,영월군,51750250,영월읍,영월읍,강원특별자치도 영월군 영월읍 삼옥리 1646-6,강원특별자치도 영월군 영월읍 동강로 100,128.501983511852,37.1916054269144
MA0101202409A0046798,수경청과,,G2,소매,G205,식료품 소매,G20506,채소/과일 소매업,영월군,51750250,영월읍,영월읍,강원특별자치도 영월군 영월읍 하송리 5-10,강원특별자치도 영월군 영월읍 서부시장길 8-1,128.466307264607,37.1829255765023
MA0101202409A0058959,농장다락,,G2,소매,G205,식료품 소매,G20509,반찬/식료품 소매업,영월군,51750250,영월읍,영월읍,강원특별자치도 영월군 영월읍 덕포리 951,강원특별자치도 영월군 영월읍 덕포우회길 329,128.476229613449,37.1691345644437
MA0101202409A0059010,세인엔터테인먼트,,N1,시설관리·임대,N108,기타 사업 서비스,N10802,전시/컨벤션/행사 대행 서비스업,영월군,51750250,영월읍,영월읍,강원특별자치도 영월군 영월읍 영흥리 984-16,강원특별자치도 영월군 영월읍 중앙로 59,128.470341320145,37.1836504118545
MA0101202409A0087417,보스베이비,,I1,숙박,I101,일반 숙박,I10103,펜션,영월군,51750250,영월읍,영월읍,강원특별자치도 영월군 영월읍 삼옥리 603-2,강원특별자치도 영월군 영월읍 삼옥재길 611-5,128.505560973492,37.2072909031061
MA0101202409A0089187,0월커피,,I2,음식,I212,비알코올 ,I21201,카페,영월군,51750250,영월읍,영월읍,강원특별자치도 영월군 영월읍 하송리 187-1,강원특별자치도 영월군 영월읍 중앙1로 23,128.465272415117,37.1829834300255
MA0101202409A0095235,에이비씨재활운동센터,,S2,수리·개인,S208,욕탕·신체관리,S20803,체형/비만 관리,영월군,51750250,영월읍,영월읍,강원특별자치도 영월군 영월읍 영흥리 947-26,강원특별자치도 영월군 영월읍 중앙로 35-1,128.467785424752,37.1836640888655
MA0101202409A0114571,상희식당,,I2,음식,I201,한식,I20101,백반/한정식,영월군,51750250,영월읍,영월읍,강원특별자치도 영월군 영월읍 덕포리 574-245,강원특별자치도 영월군 영월읍 중앙로 149,128.477438566499,37.1791833773281
MA0101202409A0136769,술친구,,I2,음식,I201,한식,I20101,백반/한정식,영월군,51750250,영월읍,영월읍,강원특별자치도 영월군 영월읍 하송리 189-5,강원특별자치도 영월군 영월읍 중앙1로 17-9,128.465130186291,37.1826157896958
MA0101202409A0138158,봉래타운식당,,I2,음식,I201,한식,I20101,백반/한정식,영월군,51750250,영월읍,영월읍,강원특별자치도 영월군 영월읍 삼옥리 930-7,강원특별자치도 영월군 영월읍 동강로 778,128.506000344526,37.2316564110034
MA0101202409A0138389,래프팅센터,,N1,시설관리·임대,N110,가정용품 대여,N11001,스포츠/레크리에이션 용품 대여업,영월군,51750250,영월읍,영월읍,강원특별자치도 영월군 영월읍 삼옥리 226,강원특별자치도 영월군 영월읍 섭새길 78-4,128.513339871703,37.2318691580279
MA0101202409A0152483,한우곱창구이,,I2,음식,I201,한식,I20101,백반/한정식,영월군,51750250,영월읍,영월읍,강원특별자치도 영월군 영월읍 하송리 5-1,강원특별자치도 영월군 영월읍 서부시장길 11-1,128.466444622728,37.1830410028595
MA0101202409A0164234,크린토피아강원영월점,,S2,수리·개인,S209,세탁,S20901,세탁소,영월군,51750250,영월읍,영월읍,강원특별자치도 영월군 영월읍 영흥리 945-10,강원특별자치도 영월군 영월읍 중앙로 46,128.468669566935,37.1833828383989
MA0101202409A0208536,하나로정육마트,,G2,소매,G205,식료품 소매,G20503,정육점,영월군,51750250,영월읍,영월읍,강원특별자치도 영월군 영월읍 영흥리 924-7,강원특별자치도 영월군 영월읍 제방안길 26,128.470775467497,37.1822304935611
MA0101202409A0222245,별빛스테이,,I1,숙박,I101,일반 숙박,I10104,캠핑/글램핑,영월군,51750250,영월읍,영월읍,강원특별자치도 영월군 영월읍 삼옥리 1618,강원특별자치도 영월군 영월읍 둥글바위길 5,128.506842886227,37.2009498133055
MA0101202409A0223618,이옥순만두,,I2,음식,I210,기타 간이,I21007,김밥/만두/분식,영월군,51750250,영월읍,영월읍,강원특별자치도 영월군 영월읍 영흥리 858-1,강원특별자치도 영월군 영월읍 봉래산로 4,128.472789532015,37.1838902910866
MA0101202409A0224337,뷰티앤영,,G2,소매,G215,의약·화장품 소매,G21503,화장품 소매업,영월군,51750250,영월읍,영월읍,강원특별자치도 영월군 영월읍 영흥리 964-8,강원특별자치도 영월군 영월읍 단종로 18,128.468411047809,37.185151951943
MA0101202409A0228582,영월상사,,G2,소매,G221,기타 상품 소매,G22199,그 외 기타 상품 전문 소매업,영월군,51750250,영월읍,영월읍,강원특별자치도 영월군 영월읍 영흥리 826-3,강원특별자치도 영월군 영월읍 봉래산로 28,128.472195285811,37.1857626925643
MA0101202409A0231559,하와유,,I2,음식,I204,서양식,I20401,경양식,영월군,51750250,영월읍,영월읍,강원특별자치도 영월군 영월읍 방절리 522,강원특별자치도 영월군 영월읍 선돌길 9,128.442307386158,37.1779945465518
MA0101202409A0235034,새참,,I2,음식,I201,한식,I20101,백반/한정식,영월군,51750250,영월읍,영월읍,강원특별자치도 영월군 영월읍 하송리 182-1,강원특별자치도 영월군 영월읍 은행나무길 22,128.464758652488,37.1802868599319
MA0101202409A0235315,요하마라21,,I2,음식,I202,중식,I20202,마라탕/훠궈,영월군,51750250,영월읍,영월읍,강원특별자치도 영월군 영월읍 영흥리 831-6,강원특별자치도 영월군 영월읍 영모전길 32,128.471346448275,37.1849623628782
MA0101202409A0237845,제일기획,,M1,과학·기술,M114,인쇄·제품제작,M11401,명함/간판/광고물 제작,영월군,51750250,영월읍,영월읍,강원특별자치도 영월군 영월읍 하송리 208-5,강원특별자치도 영월군 영월읍 하송로 73,128.46269739289,37.181420527758
MA0101202409A0242514,국가유산정비기스락감리단,,M1,과학·기술,M109,기술 서비스,M10901,건축 설계 및 관련 서비스업,영월군,51750250,영월읍,영월읍,강원특별자치도 영월군 영월읍 덕포리 574-129,강원특별자치도 영월군 영월읍 덕포시장길 22,128.477439859986,37.1815619309625
MA0101202409A0257949,연하리농장,,G2,소매,G205,식료품 소매,G20506,채소/과일 소매업,영월군,51750250,영월읍,영월읍,강원특별자치도 영월군 영월읍 연하리 855-2,강원특별자치도 영월군 영월읍 영월로 2360-8,128.505466464804,37.1804162182737
MA0101202409A0274061,영월동강농산물,,G2,소매,G205,식료품 소매,G20501,곡물/곡분 소매업,영월군,51750250,영월읍,영월읍,강원특별자치도 영월군 영월읍 삼옥리 236,강원특별자치도 영월군 영월읍 동강로 836,128.511546912803,37.2329281671403
MA0101202410A0023641,경희한의원,,Q1,보건의료,Q102,의원,Q10211,한의원,영월군,51750250,영월읍,영월읍,강원특별자치도 영월군 영월읍 하송리 253-8,강원특별자치도 영월군 영월읍 중앙로 14,128.465225349709,37.1834615285748
MA0101202410A0103821,영월군시설관리공단공단회,,N1,시설관리·임대,N101,시설관리,N10101,사업시설 유지·관리 서비스업,영월군,51750250,영월읍,영월읍,강원특별자치도 영월군 영월읍 하송리 56,강원특별자치도 영월군 영월읍 제방안길 100,128.459147356591,37.1742384822921
MA0101202410A0138826,홍문법교습소,,P1,교육,P105,일반 교육,P10501,입시·교과학원,영월군,51750250,영월읍,영월읍,강원특별자치도 영월군 영월읍 영흥리 983-3,강원특별자치도 영월군 영월읍 관풍헌길 59,128.470071396929,37.1842484045055
MA0101202410A0156726,지오펠릭스학원,,P1,교육,P105,일반 교육,P10501,입시·교과학원,영월군,51750250,영월읍,영월읍,강원특별자치도 영월군 영월읍 하송리 169-9,강원특별자치도 영월군 영월읍 하송로 109,128.460031536629,37.179228004852
MA0101202410A0221504,아름쌤공부방,,P1,교육,P105,일반 교육,P10501,입시·교과학원,영월군,51750250,영월읍,영월읍,강원특별자치도 영월군 영월읍 영흥리 947-47,강원특별자치도 영월군 영월읍 서부시장길 21-15,128.466930451933,37.1831250851346
MA0101202410A0258239,해법영어교실,,P1,교육,P105,일반 교육,P10501,입시·교과학원,영월군,51750250,영월읍,영월읍,강원특별자치도 영월군 영월읍 영흥리 944-10,강원특별자치도 영월군 영월읍 하송안길 109,128.468506898386,37.1831235725955
MA0101202410A0287414,영월치과의원,,Q1,보건의료,Q102,의원,Q10210,치과의원,영월군,51750250,영월읍,영월읍,강원특별자치도 영월군 영월읍 하송리 187-1,강원특별자치도 영월군 영월읍 중앙1로 23,128.465272415117,37.1829834300255
MA0101202410A0343651,영월장의운송사,,S2,수리·개인,S210,장례식장 ,S21001,장례식장,영월군,51750250,영월읍,영월읍,강원특별자치도 영월군 영월읍 영흥리 1068-5,강원특별자치도 영월군 영월읍 중앙1로 49,128.465694758764,37.1856090496615
MA0101202410A0343652,일신상회,,G2,소매,G205,식료품 소매,G20501,곡물/곡분 소매업,영월군,51750250,영월읍,영월읍,강원특별자치도 영월군 영월읍 덕포리 502-24,강원특별자치도 영월군 영월읍 덕포시장길 81,128.480320722547,37.1832017757369
MA0101202410A0343653,석천서예,,P1,교육,P106,기타 교육,P10609,음악학원,영월군,51750250,영월읍,영월읍,강원특별자치도 영월군 영월읍 영흥리 913-6,강원특별자치도 영월군 영월읍 중앙로 70,128.471405577795,37.1833669052982
MA0101202410A0343659,영월복령상회,,G2,소매,G205,식료품 소매,G20509,반찬/식료품 소매업,영월군,51750250,영월읍,영월읍,강원특별자치도 영월군 영월읍 덕포리 35-2,강원특별자치도 영월군 영월읍 대내길 372-2,128.499923291409,37.176837600128
MA0101202410A0343661,배움수학교습소,,P1,교육,P105,일반 교육,P10501,입시·교과학원,영월군,51750250,영월읍,영월읍,강원특별자치도 영월군 영월읍 영흥리 927-9,강원특별자치도 영월군 영월읍 요리골목길 16,128.469310132743,37.1827352034785
MA0101202410A0343663,영월정형외과의원,,Q1,보건의료,Q102,의원,Q10202,외과 의원,영월군,51750250,영월읍,영월읍,강원특별자치도 영월군 영월읍 하송리 253-12,강원특별자치도 영월군 영월읍 단종로9번길 51,128.465216582712,37.1841734066686
MA0101202410A0343665,동아서점,,G2,소매,G213,오락용품 소매,G21301,서점,영월군,51750250,영월읍,영월읍,강원특별자치도 영월군 영월읍 영흥리 979-2,강원특별자치도 영월군 영월읍 중앙로 55,128.469867789664,37.1836202494727
MA0101202410A0343669,그린정육점,,G2,소매,G205,식료품 소매,G20503,정육점,영월군,51750250,영월읍,영월읍,강원특별자치도 영월군 영월읍 하송리 373-7,강원특별자치도 영월군 영월읍 하송로 128,128.458058566122,37.1785135042326
MA0101202410A0343675,성윤업내과의원,,Q1,보건의료,Q102,의원,Q10201,내과/소아과 의원,영월군,51750250,영월읍,영월읍,강원특별자치도 영월군 영월읍 하송리 1-5,강원특별자치도 영월군 영월읍 중앙1로 32,128.465943825944,37.1839301559626
MA0101202410A0343680,꽃구름,,G2,소매,G219,식물 소매,G21901,꽃집,영월군,51750250,영월읍,영월읍,강원특별자치도 영월군 영월읍 방절리 544,강원특별자치도 영월군 영월읍 선돌길 19,128.44128978707,37.1777726769411
MA0101202410A0343702,부흥식육점,,G2,소매,G205,식료품 소매,G20503,정육점,영월군,51750250,영월읍,영월읍,강원특별자치도 영월군 영월읍 하송리 5-1,강원특별자치도 영월군 영월읍 서부시장길 11-1,128.466444622728,37.1830410028595
MA0101202410A0343707,영월제일의원,,Q1,보건의료,Q102,의원,Q10201,내과/소아과 의원,영월군,51750250,영월읍,영월읍,강원특별자치도 영월군 영월읍 영흥리 991-5,강원특별자치도 영월군 영월읍 영모전길 21,128.470999968886,37.184516179168
MA0101202410A0343719,영월블랙벨트센터태권도도장,,P1,교육,P106,기타 교육,P10601,태권도/무술학원,영월군,51750250,영월읍,영월읍,강원특별자치도 영월군 영월읍 하송리 11-1,강원특별자치도 영월군 영월읍 하송안길 89,128.467258079405,37.1825984625758
MA0101202410A0343726,영월약초,,G2,소매,G205,식료품 소매,G20506,채소/과일 소매업,영월군,51750250,영월읍,영월읍,강원특별자치도 영월군 영월읍 덕포리 486-224,강원특별자치도 영월군 영월읍 영월로 2091-1,128.479325845198,37.1818447251069
MA0101202410A0343729,꽃뜨락,,G2,소매,G219,식물 소매,G21901,꽃집,영월군,51750250,영월읍,영월읍,강원특별자치도 영월군 영월읍 영흥리 940-19,강원특별자치도 영월군 영월읍 중앙로 56,128.469885416978,37.1833677580904
MA0101202410A0343730,세안의원,,Q1,보건의료,Q102,의원,Q10202,외과 의원,영월군,51750250,영월읍,영월읍,강원특별자치도 영월군 영월읍 하송리 254-6,강원특별자치도 영월군 영월읍 중앙1로 31,128.465640557077,37.1839699474973
MA0101202410A0343732,선진정육마트,,G2,소매,G205,식료품 소매,G20503,정육점,영월군,51750250,영월읍,영월읍,강원특별자치도 영월군 영월읍 덕포리 574-132,강원특별자치도 영월군 영월읍 중앙로 133,128.477073508173,37.1806745358709
MA0101202410A0343737,윈스터디학원,,P1,교육,P105,일반 교육,P10501,입시·교과학원,영월군,51750250,영월읍,영월읍,강원특별자치도 영월군 영월읍 하송리 408,강원특별자치도 영월군 영월읍 하송로 151,128.457154903088,37.176605543945
MA0101202410A0343761,예원피아노학원,,P1,교육,P106,기타 교육,P10609,음악학원,영월군,51750250,영월읍,영월읍,강원특별자치도 영월군 영월읍 하송리 256-6,강원특별자치도 영월군 영월읍 단종로15번길 51-1,128.465283663719,37.1847311809047
MA0101202410A0343777,별자리농원,,G2,소매,G219,식물 소매,G21901,꽃집,영월군,51750250,영월읍,영월읍,강원특별자치도 영월군 영월읍 삼옥리 1615-3,강원특별자치도 영월군 영월읍 둥글바위길 18-6,128.505231064546,37.2014568311241
MA0101202410A0343802,합기도기공무관,,P1,교육,P106,기타 교육,P10601,태권도/무술학원,영월군,51750250,영월읍,영월읍,강원특별자치도 영월군 영월읍 영흥리 991-19,강원특별자치도 영월군 영월읍 단종로16번길 40,128.470410279448,37.1848838897564
MA0101202410A0343808,입시·교과학원,,P1,교육,P105,일반 교육,P10501,입시·교과학원,영월군,51750250,영월읍,영월읍,강원특별자치도 영월군 영월읍 방절리 155-2,강원특별자치도 영월군 영월읍 청령포로 42,128.453458653522,37.1846696360399
MA0101202410A0343814,송치과의원,,Q1,보건의료,Q102,의원,Q10210,치과의원,영월군,51750250,영월읍,영월읍,강원특별자치도 영월군 영월읍 하송리 253-38,강원특별자치도 영월군 영월읍 중앙1로 22,128.465928503378,37.1831374882731
MA0101202410A0343821,하동장의사,,S2,수리·개인,S210,장례식장 ,S21001,장례식장,영월군,51750250,영월읍,영월읍,강원특별자치도 영월군 영월읍 영흥리 894-13,강원특별자치도 영월군 영월읍 내성길50번길 67-2,128.474582646231,37.1846067820352
MA0101202410A0343830,풍천장어,,G2,소매,G205,식료품 소매,G20505,수산물 소매업,영월군,51750250,영월읍,영월읍,강원특별자치도 영월군 영월읍 방절리 587-2,강원특별자치도 영월군 영월읍 선돌길 83-9,128.43475632688,37.1788160301287
MA0101202410A0343836,수클리닉,,P1,교육,P105,일반 교육,P10501,입시·교과학원,영월군,51750250,영월읍,영월읍,강원특별자치도 영월군 영월읍 하송리 16-10,강원특별자치도 영월군 영월읍 영월로 1975,128.46712581111,37.1815819998283
MA0101202410A0343839,김명정미술교습소,,P1,교육,P106,기타 교육,P10611,미술학원,영월군,51750250,영월읍,영월읍,강원특별자치도 영월군 영월읍 하송리 363,강원특별자치도 영월군 영월읍 하송로 146-10,128.455883522602,37.1778284831093
MA0101202410A0343840,영월청과,,G2,소매,G205,식료품 소매,G20506,채소/과일 소매업,영월군,51750250,영월읍,영월읍,강원특별자치도 영월군 영월읍 영흥리 977-1,강원특별자치도 영월군 영월읍 단종로 4,128.468361671539,37.1837650643293
MA0101202410A0343843,일본어도함께배우는피아노학원,,P1,교육,P106,기타 교육,P10609,음악학원,영월군,51750250,영월읍,영월읍,강원특별자치도 영월군 영월읍 영흥리 940-15,강원특별자치도 영월군 영월읍 하송안길 124-1,128.469243543946,37.1833667111219
MA0101202410A0343872,태화산상산농원,,G2,소매,G205,식료품 소매,G20506,채소/과일 소매업,영월군,51750250,영월읍,영월읍,강원특별자치도 영월군 영월읍 팔괴리 178,강원특별자치도 영월군 영월읍 태화산로 134-20,128.491882896781,37.1544508195144
MA0101202410A0343881,동강참다슬기,,G2,소매,G205,식료품 소매,G20504,건어물/젓갈 소매업,영월군,51750250,영월읍,영월읍,강원특별자치도 영월군 영월읍 덕포리 497-5,강원특별자치도 영월군 영월읍 영월로 2105,128.480333743483,37.1827150877593
MA0101202410A0343883,페다고지음악학원,,P1,교육,P106,기타 교육,P10609,음악학원,영월군,51750250,영월읍,영월읍,강원특별자치도 영월군 영월읍 영흥리 946-6,강원특별자치도 영월군 영월읍 서부시장길 29,128.467445001114,37.1829475271449
MA0101202410A0343890,미래수학학원,,P1,교육,P105,일반 교육,P10501,입시·교과학원,영월군,51750250,영월읍,영월읍,강원특별자치도 영월군 영월읍 영흥리 945-43,강원특별자치도 영월군 영월읍 중앙로 44,128.468489266504,37.1833760638807
MA0101202410A0343891,한진유통,,G2,소매,G205,식료품 소매,G20506,채소/과일 소매업,영월군,51750250,영월읍,영월읍,강원특별자치도 영월군 영월읍 덕포리 628-2,강원특별자치도 영월군 영월읍 덕포하리3길 34-2,128.479610247576,37.1744892296907
MA0101202410A0343901,포도마루농원,,G2,소매,G205,식료품 소매,G20506,채소/과일 소매업,영월군,51750250,영월읍,영월읍,강원특별자치도 영월군 영월읍 영흥리 820,강원특별자치도 영월군 영월읍 봉래산로 42,128.472655872881,37.1868651643654
MA0101202410A0343921,뮤즈피아노,,P1,교육,P106,기타 교육,P10609,음악학원,영월군,51750250,영월읍,영월읍,강원특별자치도 영월군 영월읍 영흥리 944-3,강원특별자치도 영월군 영월읍 요리골목길 7,128.468748116111,37.1827872217053
MA0101202410A0343928,영진상회,,G2,소매,G205,식료품 소매,G20501,곡물/곡분 소매업,영월군,51750250,영월읍,영월읍,강원특별자치도 영월군 영월읍 하송리 253-4,강원특별자치도 영월군 영월읍 중앙로 17,128.465601386587,37.1836911301226
MA0101202410A0343929,밝은김안과,,Q1,보건의료,Q102,의원,Q10205,안과 의원,영월군,51750250,영월읍,영월읍,강원특별자치도 영월군 영월읍 하송리 187-1,강원특별자치도 영월군 영월읍 중앙1로 23,128.465272415117,37.1829834300255
MA0101202410A0343930,에이플러스수학학원,,P1,교육,P105,일반 교육,P10501,입시·교과학원,영월군,51750250,영월읍,영월읍,강원특별자치도 영월군 영월읍 하송리 543,강원특별자치도 영월군 영월읍 하송로 146-25,128.456126181963,37.1769785831564
MA0101202410A0343956,석영학원,,P1,교육,P105,일반 교육,P10501,입시·교과학원,영월군,51750250,영월읍,영월읍,강원특별자치도 영월군 영월읍 하송리 184-1,강원특별자치도 영월군 영월읍 하송안길 37,128.464917403132,37.1815102225303
MA0101202410A0343959,119화환,,G2,소매,G219,식물 소매,G21901,꽃집,영월군,51750250,영월읍,영월읍,강원특별자치도 영월군 영월읍 영흥리 1068-5,강원특별자치도 영월군 영월읍 중앙1로 49,128.465694758764,37.1856090496615
MA0101202410A0343962,별표연탄,,G2,소매,G214,연료 소매,G21403,가정용 연료 소매업,영월군,51750250,영월읍,영월읍,강원특별자치도 영월군 영월읍 영흥리 1015-1,강원특별자치도 영월군 영월읍 단종로34번길 29-4,128.468144050052,37.187065325379
MA0101202410A0343970,덕포연탄,,G2,소매,G214,연료 소매,G21403,가정용 연료 소매업,영월군,51750250,영월읍,영월읍,강원특별자치도 영월군 영월읍 덕포리 995,강원특별자치도 영월군 영월읍 덕포하리2길 32-16,128.475719089803,37.1758802153112
MA0101202410A0343971,꼬망미술교습소,,P1,교육,P106,기타 교육,P10611,미술학원,영월군,51750250,영월읍,영월읍,강원특별자치도 영월군 영월읍 영흥리 942-6,강원특별자치도 영월군 영월읍 요리골목길 21,128.46949549329,37.1830031964258
MA0101202410A0343977,영월장례식장,,S2,수리·개인,S210,장례식장 ,S21001,장례식장,영월군,51750250,영월읍,영월읍,강원특별자치도 영월군 영월읍 연하리 855-1,강원특별자치도 영월군 영월읍 영월로 2360-6,128.505934619007,37.1801760156107
MA0101202410A0343978,몬스터짐,,P1,교육,P106,기타 교육,P10601,태권도/무술학원,영월군,51750250,영월읍,영월읍,강원특별자치도 영월군 영월읍 영흥리 940-18,강원특별자치도 영월군 영월읍 하송안길 117,128.468894724419,37.1833800466901
MA0101202410A0343988,명동화원,,G2,소매,G219,식물 소매,G21901,꽃집,영월군,51750250,영월읍,영월읍,강원특별자치도 영월군 영월읍 영흥리 972-3,강원특별자치도 영월군 영월읍 중앙로 49-7,128.469152344231,37.1838904070492
MA0101202410A0344450,중앙체육관,,P1,교육,P106,기타 교육,P10601,태권도/무술학원,영월군,51750250,영월읍,영월읍,강원특별자치도 영월군 영월읍 하송리 11-1,강원특별자치도 영월군 영월읍 하송안길 89,128.467258079405,37.1825984625758
MA0101202410A0344453,최쌤수학교습소,,P1,교육,P105,일반 교육,P10501,입시·교과학원,영월군,51750250,영월읍,영월읍,강원특별자치도 영월군 영월읍 하송리 16-5,강원특별자치도 영월군 영월읍 하송안길 76,128.467122046217,37.1819694654175
MA0101202410A0344455,영월외국어학원,,P1,교육,P106,기타 교육,P10615,외국어학원,영월군,51750250,영월읍,영월읍,강원특별자치도 영월군 영월읍 하송리 16-5,강원특별자치도 영월군 영월읍 하송안길 76,128.467122046217,37.1819694654175
MA0101202410A0344524,현대치과,,Q1,보건의료,Q102,의원,Q10210,치과의원,영월군,51750250,영월읍,영월읍,강원특별자치도 영월군 영월읍 하송리 253-8,강원특별자치도 영월군 영월읍 중앙로 14,128.465225349709,37.1834615285748
MA0101202410A0344667,강릉상회,,G2,소매,G205,식료품 소매,G20501,곡물/곡분 소매업,영월군,51750250,영월읍,영월읍,강원특별자치도 영월군 영월읍 영흥리 947-51,강원특별자치도 영월군 영월읍 서부시장길 21-10,128.467157525717,37.1832213801601
MA0101202410A0344668,원창상회,,G2,소매,G205,식료품 소매,G20501,곡물/곡분 소매업,영월군,51750250,영월읍,영월읍,강원특별자치도 영월군 영월읍 덕포리 502-11,강원특별자치도 영월군 영월읍 덕포시장길 81,128.480320722547,37.1832017757369
MA0101202410A0344767,서부상회,,G2,소매,G205,식료품 소매,G20501,곡물/곡분 소매업,영월군,51750250,영월읍,영월읍,강원특별자치도 영월군 영월읍 하송리 5-20,강원특별자치도 영월군 영월읍 서부시장길 8-17,128.466321942989,37.1825199563855
MA0101202410A0344768,서부식육점,,G2,소매,G205,식료품 소매,G20503,정육점,영월군,51750250,영월읍,영월읍,강원특별자치도 영월군 영월읍 영흥리 944-101,강원특별자치도 영월군 영월읍 서부시장길 15-14,128.466661483045,37.1831914837303
MA0101202410A0344771,내성식육점,,G2,소매,G205,식료품 소매,G20503,정육점,영월군,51750250,영월읍,영월읍,강원특별자치도 영월군 영월읍 영흥리 947-18,강원특별자치도 영월군 영월읍 단종로9번길 27,128.466611530097,37.1841020860475
MA0101202410A0344773,생약상회,,G2,소매,G205,식료품 소매,G20508,건강보조식품 소매업,영월군,51750250,영월읍,영월읍,강원특별자치도 영월군 영월읍 덕포리 574-94,강원특별자치도 영월군 영월읍 영월로 2069,128.477387487964,37.1806075524264
MA0101202410A0344782,삼춘식육점,,G2,소매,G205,식료품 소매,G20503,정육점,영월군,51750250,영월읍,영월읍,강원특별자치도 영월군 영월읍 영흥리 832-2,강원특별자치도 영월군 영월읍 단종로16번길 61-3,128.471520039106,37.1852034694324
MA0101202410A0344793,정원식육점,,G2,소매,G205,식료품 소매,G20503,정육점,영월군,51750250,영월읍,영월읍,강원특별자치도 영월군 영월읍 영흥리 848-1,강원특별자치도 영월군 영월읍 중앙로 83,128.473088421919,37.1836252923804
MA0101202410A0360608,고란포도원,,G2,소매,G205,식료품 소매,G20506,채소/과일 소매업,영월군,51750250,영월읍,영월읍,강원특별자치도 영월군 영월읍 연하리 370-2,강원특별자치도 영월군 영월읍 복덕원길 69-13,128.557004600878,37.1958142145952
MA0101202410A0405678,꽃피는산골2,,G2,소매,G219,식물 소매,G21901,꽃집,영월군,51750250,영월읍,영월읍,강원특별자치도 영월군 영월읍 방절리 512-17,강원특별자치도 영월군 영월읍 청령포로 179,128.442288905777,37.1793912866181
MA0101202410A0409617,박명옥내과의원,,Q1,보건의료,Q102,의원,Q10201,내과/소아과 의원,영월군,51750250,영월읍,영월읍,강원특별자치도 영월군 영월읍 영흥리 975-3,강원특별자치도 영월군 영월읍 단종로 10,128.468395349947,37.1843412701415
MA0101202410A0415154,그레이스잉글리쉬,,P1,교육,P105,일반 교육,P10501,입시·교과학원,영월군,51750250,영월읍,영월읍,강원특별자치도 영월군 영월읍 영흥리 945-24,강원특별자치도 영월군 영월읍 단종로 1,128.468032924629,37.183652012212
MA0101202410A0415163,으뜸축산,,G2,소매,G205,식료품 소매,G20503,정육점,영월군,51750250,영월읍,영월읍,강원특별자치도 영월군 영월읍 하송리 171-3,강원특별자치도 영월군 영월읍 하송로 93,128.461471974307,37.1797688480591
MA0101202410A0439350,e감자,,G2,소매,G205,식료품 소매,G20506,채소/과일 소매업,영월군,51750250,영월읍,영월읍,강원특별자치도 영월군 영월읍 덕포리 574-152,강원특별자치도 영월군 영월읍 영월로 2061-11,128.47642832756,37.1805023839265
MA0101202410A0444742,성신청과,,G2,소매,G205,식료품 소매,G20506,채소/과일 소매업,영월군,51750250,영월읍,영월읍,강원특별자치도 영월군 영월읍 하송리 11-1,강원특별자치도 영월군 영월읍 서부시장길 16-4,128.467258079405,37.1825984625758
MA0101202410A0487532,콩영어더글로리,,P1,교육,P105,일반 교육,P10501,입시·교과학원,영월군,51750250,영월읍,영월읍,강원특별자치도 영월군 영월읍 하송리 16-10,강원특별자치도 영월군 영월읍 영월로 1975,128.46712581111,37.1815819998283
MA0101202410A0516691,태평화원,,G2,소매,G219,식물 소매,G21901,꽃집,영월군,51750250,영월읍,영월읍,강원특별자치도 영월군 영월읍 덕포리 415-6,강원특별자치도 영월군 영월읍 영월로 2131,128.482816807913,37.1841616270611
MA0101202410A0535373,영월플라워,,G2,소매,G219,식물 소매,G21901,꽃집,영월군,51750250,영월읍,영월읍,강원특별자치도 영월군 영월읍 영흥리 1101-14,강원특별자치도 영월군 영월읍 단종로 176,128.456767857874,37.1951433571296
MA0101202410A0543174,보다미술교습소,,P1,교육,P106,기타 교육,P10611,미술학원,영월군,51750250,영월읍,영월읍,강원특별자치도 영월군 영월읍 영흥리 945-9,강원특별자치도 영월군 영월읍 중앙로 40-1,128.468365604283,37.1833866065273
MA0101202410A0579264,잉글리쉬조이어학원,,P1,교육,P105,일반 교육,P10501,입시·교과학원,영월군,51750250,영월읍,영월읍,강원특별자치도 영월군 영월읍 영흥리 928-12,강원특별자치도 영월군 영월읍 관풍헌길 21,128.469903303027,37.1825476499447
MA0101202410A0588492,도화유통,,G2,소매,G205,식료품 소매,G20506,채소/과일 소매업,영월군,51750250,영월읍,영월읍,강원특별자치도 영월군 영월읍 덕포리 486-33,강원특별자치도 영월군 영월읍 덕포시장길 23,128.477381263471,37.1820221580852
MA0101202410A0599365,보건안마원,,Q1,보건의료,Q104,기타 보건,Q10402,유사 의료업,영월군,51750250,영월읍,영월읍,강원특별자치도 영월군 영월읍 영흥리 940-18,강원특별자치도 영월군 영월읍 하송안길 117,128.468894724419,37.1833800466901
MA0101202410A0601119,미니멀파머,,G2,소매,G205,식료품 소매,G20501,곡물/곡분 소매업,영월군,51750250,영월읍,영월읍,강원특별자치도 영월군 영월읍 연하리 942-2,강원특별자치도 영월군 영월읍 신촌길 24,128.53941393422,37.1836648875793
MA0101202410A0629719,케이,,P1,교육,P105,일반 교육,P10501,입시·교과학원,영월군,51750250,영월읍,영월읍,강원특별자치도 영월군 영월읍 영흥리 927-9,강원특별자치도 영월군 영월읍 요리골목길 16,128.469310132743,37.1827352034785
MA0101202410A0649361,태화포도원,,G2,소매,G205,식료품 소매,G20506,채소/과일 소매업,영월군,51750250,영월읍,영월읍,강원특별자치도 영월군 영월읍 영흥리 780-6,강원특별자치도 영월군 영월읍 내성길 15,128.47359936527,37.1878985595368
MA0101202410A0654098,영월꽃도소매,,G2,소매,G219,식물 소매,G21901,꽃집,영월군,51750250,영월읍,영월읍,강원특별자치도 영월군 영월읍 하송리 20-2,강원특별자치도 영월군 영월읍 영월로 1983,128.468206541839,37.1815686103575
MA0101202410A0659719,빌게이츠컴퓨터학원,,P1,교육,P106,기타 교육,P10627,컴퓨터 학원,영월군,51750250,영월읍,영월읍,강원특별자치도 영월군 영월읍 하송리 184-1,강원특별자치도 영월군 영월읍 하송안길 37,128.464917403132,37.1815102225303
MA0101202410A0689390,털보네,,G2,소매,G205,식료품 소매,G20506,채소/과일 소매업,영월군,51750250,영월읍,영월읍,강원특별자치도 영월군 영월읍 삼옥리 185-5,강원특별자치도 영월군 영월읍 섭새길 128-5,128.519735689318,37.2305349026264
MA0101202410A0710802,이모네,,G2,소매,G205,식료품 소매,G20506,채소/과일 소매업,영월군,51750250,영월읍,영월읍,강원특별자치도 영월군 영월읍 하송리 5-1,강원특별자치도 영월군 영월읍 서부시장길 13,128.466512169739,37.1830401666667
MA0101202410A0748371,장수한의원,,Q1,보건의료,Q102,의원,Q10211,한의원,영월군,51750250,영월읍,영월읍,강원특별자치도 영월군 영월읍 하송리 187-1,강원특별자치도 영월군 영월읍 중앙1로 23,128.465272415117,37.1829834300255
MA0101202410A0858475,재원축산물직판장,,G2,소매,G205,식료품 소매,G20503,정육점,영월군,51750250,영월읍,영월읍,강원특별자치도 영월군 영월읍 하송리 43-8,강원특별자치도 영월군 영월읍 은행나무길 17,128.465612998914,37.1802132249967
MA0101202410A0862650,렘넌트공부방,,P1,교육,P105,일반 교육,P10501,입시·교과학원,영월군,51750250,영월읍,영월읍,강원특별자치도 영월군 영월읍 영흥리 933-8,강원특별자치도 영월군 영월읍 중앙로 66-12,128.470891286978,37.1829768637881
MA0101202410A0907261,변재호수학학원,,P1,교육,P105,일반 교육,P10501,입시·교과학원,영월군,51750250,영월읍,영월읍,강원특별자치도 영월군 영월읍 하송리 168-1,강원특별자치도 영월군 영월읍 하송로 103-7,128.461165053205,37.1790338343078
MA0101202410A0918322,백호댄스스포츠학원,,P1,교육,P106,기타 교육,P10613,기타 예술/스포츠 교육기관,영월군,51750250,영월읍,영월읍,강원특별자치도 영월군 영월읍 영흥리 931,강원특별자치도 영월군 영월읍 제방안길 16-1,128.471305728606,37.1828636002287
MA0101202410A0921537,농수산물,,G2,소매,G205,식료품 소매,G20504,건어물/젓갈 소매업,영월군,51750250,영월읍,영월읍,강원특별자치도 영월군 영월읍 하송리 39-5,강원특별자치도 영월군 영월읍 은행나무2길 17,128.466773100927,37.1808115294896
MA0101202410A0952577,영월전국꽃배달,,G2,소매,G219,식물 소매,G21901,꽃집,영월군,51750250,영월읍,영월읍,강원특별자치도 영월군 영월읍 하송리 19-1,강원특별자치도 영월군 영월읍 영월로 1981,128.467564160851,37.1815405312089
MA0101202410A0969472,영월군테니스협회,,R1,예술·스포츠,R103,스포츠 서비스,R10312,테니스장,영월군,51750250,영월읍,영월읍,강원특별자치도 영월군 영월읍 영흥리 1061-41,강원특별자치도 영월군 영월읍 단종로 64,128.46483243473,37.1881874916244
MA0101202410A0981154,장어명가수익농수산,,G2,소매,G205,식료품 소매,G20505,수산물 소매업,영월군,51750250,영월읍,영월읍,강원특별자치도 영월군 영월읍 팔괴리 1169-2,강원특별자치도 영월군 영월읍 팔괴로 32-20,128.453968749184,37.1695720210555
MA0101202410A1011553,말하는원리수학교습소,,P1,교육,P105,일반 교육,P10501,입시·교과학원,영월군,51750250,영월읍,영월읍,강원특별자치도 영월군 영월읍 영흥리 944-3,강원특별자치도 영월군 영월읍 하송안길 108,128.468524530179,37.1828710812998
MA0101202410A1032630,캘리쌤통문장영어학원,,P1,교육,P105,일반 교육,P10501,입시·교과학원,영월군,51750250,영월읍,영월읍,강원특별자치도 영월군 영월읍 하송리 168-1,강원특별자치도 영월군 영월읍 하송로 103-7,128.461165053205,37.1790338343078
MA0101202410A1035113,장재치과,,Q1,보건의료,Q102,의원,Q10210,치과의원,영월군,51750250,영월읍,영월읍,강원특별자치도 영월군 영월읍 영흥리 947-90,강원특별자치도 영월군 영월읍 단종로33번길 50,128.466751437856,37.1837669934093
MA0101202411A0006531,카페엔,,I2,음식,I201,한식,I20101,백반/한정식,영월군,51750250,영월읍,영월읍,강원특별자치도 영월군 영월읍 하송리 543,강원특별자치도 영월군 영월읍 하송로 146-25,128.456126181963,37.1769785831564
MA0101202411A0009129,소소한민박,,I1,숙박,I101,일반 숙박,I10103,펜션,영월군,51750250,영월읍,영월읍,강원특별자치도 영월군 영월읍 영흥리 1033-82,강원특별자치도 영월군 영월읍 영모전길86번길 5,128.47125853795,37.1873960825331
MA0101202411A0057170,바로동물병원,,M1,과학·기술,M111,수의,M11101,동물병원,영월군,51750250,영월읍,영월읍,강원특별자치도 영월군 영월읍 영흥리 938-4,강원특별자치도 영월군 영월읍 중앙로 62,128.470673467448,37.1833579771553
MA0101202411A0063314,동강힐링캠프래프팅,,R1,예술·스포츠,R104,유원지·오락,R10409,수상/해양 레저업,영월군,51750250,영월읍,영월읍,강원특별자치도 영월군 영월읍 삼옥리 237-1,강원특별자치도 영월군 영월읍 섭새길 51,128.510765971088,37.2321903355138
MA0101202411A0069947,소문,,I2,음식,I201,한식,I20101,백반/한정식,영월군,51750250,영월읍,영월읍,강원특별자치도 영월군 영월읍 영흥리 966-2,강원특별자치도 영월군 영월읍 단종로16번길 15,128.469131743046,37.1851520257524
MA0101202411A0084315,구움빵,,I2,음식,I210,기타 간이,I21001,빵/도넛,영월군,51750250,영월읍,영월읍,강원특별자치도 영월군 영월읍 영흥리 931,강원특별자치도 영월군 영월읍 제방안길 16-1,128.471305728606,37.1828636002287
MA0101202411A0092801,예쁠연,,S2,수리·개인,S207,이용·미용,S20701,미용실,영월군,51750250,영월읍,영월읍,강원특별자치도 영월군 영월읍 영흥리 796-10,강원특별자치도 영월군 영월읍 봉래산로 85-1,128.473775208935,37.1905722603249
MA0101202411A0105814,성우조경,,G2,소매,G219,식물 소매,G21901,꽃집,영월군,51750250,영월읍,영월읍,강원특별자치도 영월군 영월읍 팔괴리 1131-1,강원특별자치도 영월군 영월읍 팔괴로 32-10,128.455102976132,37.1700085848694
MA0101202411A0122600,에비앙스크린골프,,R1,예술·스포츠,R103,스포츠 서비스,R10307,헬스장,영월군,51750250,영월읍,영월읍,강원특별자치도 영월군 영월읍 하송리 421-24,강원특별자치도 영월군 영월읍 은행나무길 187,128.457750827703,37.1765621735796
MA0101202411A0127715,뽀빠이헬스클럽,,R1,예술·스포츠,R103,스포츠 서비스,R10307,헬스장,영월군,51750250,영월읍,영월읍,강원특별자치도 영월군 영월읍 하송리 251-27,강원특별자치도 영월군 영월읍 중앙로 5,128.464364578549,37.1837875132572
MA0101202411A0135124,피코크린,,N1,시설관리·임대,N102,청소·방제,N10201,건축물 일반 청소업,영월군,51750250,영월읍,영월읍,강원특별자치도 영월군 영월읍 덕포리 531-6,강원특별자치도 영월군 영월읍 중앙로 127-1,128.47673014009,37.1809671281887
MA0101202412A0022028,신우인력,,N1,시설관리·임대,N104,고용 알선,N10401,고용 알선업,영월군,51750250,영월읍,영월읍,강원특별자치도 영월군 영월읍 덕포리 672-3,강원특별자치도 영월군 영월읍 중앙로 240,128.477731627493,37.1711069940405
MA0101202412A0022370,수주전부리,,I2,음식,I210,기타 간이,I21007,김밥/만두/분식,영월군,51750250,영월읍,영월읍,강원특별자치도 영월군 영월읍 영흥리 947-12,강원특별자치도 영월군 영월읍 중앙로 27-1,128.46685032011,37.1836396326545
MA0101202412A0035502,자금성,,I2,음식,I202,중식,I20201,중국집,영월군,51750250,영월읍,영월읍,강원특별자치도 영월군 영월읍 하송리 125,강원특별자치도 영월군 영월읍 은행나무길 72,128.463518128042,37.1784371735926
MA0101202412A0041574,나누미장식,,G2,소매,G210,철물·건설자재 소매,G21002,벽지/장판/마루 소매업,영월군,51750250,영월읍,영월읍,강원특별자치도 영월군 영월읍 덕포리 531-8,강원특별자치도 영월군 영월읍 중앙로 131,128.476962161745,37.1807389922924
MA0101202412A0043365,시장순대국,,I2,음식,I201,한식,I20102,국/탕/찌개류,영월군,51750250,영월읍,영월읍,강원특별자치도 영월군 영월읍 하송리 5-11,강원특별자치도 영월군 영월읍 서부시장길 8-4,128.466137874892,37.1829006438521
MA0101202412A0054578,도깨비호떡,,I2,음식,I210,기타 간이,I21001,빵/도넛,영월군,51750250,영월읍,영월읍,강원특별자치도 영월군 영월읍 하송리 2-2,강원특별자치도 영월군 영월읍 중앙로 21-1,128.46624274051,37.1836651740139
MA0101202412A0065356,달빛맥주영월점,,I2,음식,I211,주점,I21103,생맥주 전문,영월군,51750250,영월읍,영월읍,강원특별자치도 영월군 영월읍 영흥리 720-15,강원특별자치도 영월군 영월읍 봉래산로 107,128.473379054436,37.1922079484129
MA0101202412A0076447,영비사,,N1,시설관리·임대,N110,가정용품 대여,N11003,만화방,영월군,51750250,영월읍,영월읍,강원특별자치도 영월군 영월읍 영흥리 984-16,강원특별자치도 영월군 영월읍 중앙로 59,128.470341320145,37.1836504118545
MA0101202501A0029935,커피블럭,,I2,음식,I212,비알코올 ,I21201,카페,영월군,51750250,영월읍,영월읍,강원특별자치도 영월군 영월읍 영흥리 961-15,강원특별자치도 영월군 영월읍 단종로34번길 30-10,128.46823351572,37.1864515545312
MA0101202501A0048805,그림그리다,,I1,숙박,I101,일반 숙박,I10103,펜션,영월군,51750250,영월읍,영월읍,강원특별자치도 영월군 영월읍 덕포리 643-18,강원특별자치도 영월군 영월읍 덕포하리3길 49,128.480207537036,37.1750944307047
MA0101202501A0050127,우리컴퍼니,,N1,시설관리·임대,N110,가정용품 대여,N11099,기타 개인/가정용품 대여업,영월군,51750250,영월읍,영월읍,강원특별자치도 영월군 영월읍 팔괴리 834,강원특별자치도 영월군 영월읍 팔괴로 146-16,128.46594750506,37.163144602584
MA0101202501A0065703,냉천육회막국수영월점,,I2,음식,I201,한식,I20105,국수/칼국수,영월군,51750250,영월읍,영월읍,강원특별자치도 영월군 영월읍 덕포리 574-128,강원특별자치도 영월군 영월읍 덕포시장길 16,128.477200994973,37.1814387735452
MA0101202501A0067980,이달엔영월스테이,,I1,숙박,I101,일반 숙박,I10103,펜션,영월군,51750250,영월읍,영월읍,강원특별자치도 영월군 영월읍 덕포리 489-2,강원특별자치도 영월군 영월읍 덕포시장길 53,128.478822398425,37.1825898088119
MA0101202501A0068266,뚱이네전집,,I2,음식,I210,기타 간이,I21099,그 외 기타 간이 음식점,영월군,51750250,영월읍,영월읍,강원특별자치도 영월군 영월읍 영흥리 947-47,강원특별자치도 영월군 영월읍 서부시장길 21-15,128.466930451933,37.1831250851346
MA0101202501A0071178,지에스25영월,스타점,G2,소매,G204,종합 소매,G20405,편의점,영월군,51750250,영월읍,영월읍,강원특별자치도 영월군 영월읍 하송리 382-12,강원특별자치도 영월군 영월읍 하송로 120,128.458723263784,37.1791179848748
MA0101202502A0006903,씨유영월별마로점,,G2,소매,G204,종합 소매,G20405,편의점,영월군,51750250,영월읍,영월읍,강원특별자치도 영월군 영월읍 영흥리 778-8,강원특별자치도 영월군 영월읍 봉래산로 60,128.472978512188,37.1884018164386
MA0101202502A0008342,키키야아트스테이,,I1,숙박,I101,일반 숙박,I10103,펜션,영월군,51750250,영월읍,영월읍,강원특별자치도 영월군 영월읍 삼옥리 546-1,강원특별자치도 영월군 영월읍 삼옥길 4,128.509108838413,37.2078403854199
MA0101202502A0026131,영월농산물산너머,,G2,소매,G205,식료품 소매,G20506,채소/과일 소매업,영월군,51750250,영월읍,영월읍,강원특별자치도 영월군 영월읍 삼옥리 1468-5,강원특별자치도 영월군 영월읍 삼옥재길 536,128.50180177905,37.2108524018149
MA0101202502A0040134,현대세차장,,S2,수리·개인,S203,자동차 수리·세차,S20302,자동차 세차장,영월군,51750250,영월읍,영월읍,강원특별자치도 영월군 영월읍 덕포리 669-2,강원특별자치도 영월군 영월읍 중앙로 217,128.478015057399,37.1729414464977
MA0101202502A0041660,파크하우스,,I1,숙박,I101,일반 숙박,I10103,펜션,영월군,51750250,영월읍,영월읍,강원특별자치도 영월군 영월읍 하송리 110-39,강원특별자치도 영월군 영월읍 은행나무6길 21,128.465221439444,37.1785963138575
MA0101202502A0045781,마리아쥬에프앤비,,P1,교육,P105,일반 교육,P10501,입시·교과학원,영월군,51750250,영월읍,영월읍,강원특별자치도 영월군 영월읍 영흥리 947-3,강원특별자치도 영월군 영월읍 단종로9번길 13,128.46733361004,37.1841742316694
MA0101202502A0047985,곰야식,,I2,음식,I201,한식,I20199,기타 한식 음식점,영월군,51750250,영월읍,영월읍,강원특별자치도 영월군 영월읍 영흥리 831-6,강원특별자치도 영월군 영월읍 영모전길 32,128.471335364949,37.1849715102752
MA0101202502A0059153,카페꼼,,I2,음식,I212,비알코올 ,I21201,카페,영월군,51750250,영월읍,영월읍,강원특별자치도 영월군 영월읍 영흥리 944-6,강원특별자치도 영월군 영월읍 하송안길 107,128.468460820533,37.1830700853537
MA0101202502A0086183,통큰집,,I2,음식,I201,한식,I20101,백반/한정식,영월군,51750250,영월읍,영월읍,강원특별자치도 영월군 영월읍 영흥리 944-1,강원특별자치도 영월군 영월읍 하송안길 111,128.468541718459,37.1831771993799
MA0101202502A0098872,오면돼지,,I2,음식,I201,한식,I20107,돼지고기 구이/찜,영월군,51750250,영월읍,영월읍,강원특별자치도 영월군 영월읍 영흥리 983-4,강원특별자치도 영월군 영월읍 관풍헌길 55,128.470067206175,37.1840322228313
MA0101202502A0106673,장릉손두부,,I2,음식,I201,한식,I20101,백반/한정식,영월군,51750250,영월읍,영월읍,강원특별자치도 영월군 영월읍 덕포리 632-48,강원특별자치도 영월군 영월읍 덕포하리1길 10,128.478031104685,37.1760766363923
MA0101202502A0107625,열공독서실,,R1,예술·스포츠,R102,도서관·사적지,R10202,독서실/스터디 카페,영월군,51750250,영월읍,영월읍,강원특별자치도 영월군 영월읍 하송리 247-3,강원특별자치도 영월군 영월읍 하송로 35,128.464121123314,37.1845923896571
MA0101202503A0008614,라비다샵영월,,G2,소매,G215,의약·화장품 소매,G21503,화장품 소매업,영월군,51750250,영월읍,영월읍,강원특별자치도 영월군 영월읍 하송리 206-1,강원특별자치도 영월군 영월읍 하송로 68,128.462506741183,37.1820445542778
MA0101202503A0011830,패키지연구소,,M1,과학·기술,M112,전문 디자인,M11202,제품 디자인업,영월군,51750250,영월읍,영월읍,강원특별자치도 영월군 영월읍 팔괴리 1270,강원특별자치도 영월군 영월읍 팔괴로 130-24,128.462164669558,37.1637139124648
MA0101202503A0012611,예미분식,,I2,음식,I210,기타 간이,I21099,그 외 기타 간이 음식점,영월군,51750250,영월읍,영월읍,강원특별자치도 영월군 영월읍 영흥리 947-57,강원특별자치도 영월군 영월읍 중앙로 30-1,128.46675398491,37.1833164748125
MA0101202503A0013094,손길에반하다,,S2,수리·개인,S207,이용·미용,S20702,피부 관리실,영월군,51750250,영월읍,영월읍,강원특별자치도 영월군 영월읍 영흥리 995-8,강원특별자치도 영월군 영월읍 단종로16번길 45,128.470831371155,37.185112915162
MA0101202503A0013980,샤크스피닝,,R1,예술·스포츠,R103,스포츠 서비스,R10316,스쿼시/라켓볼장,영월군,51750250,영월읍,영월읍,강원특별자치도 영월군 영월읍 하송리 178-2,강원특별자치도 영월군 영월읍 분수대길 28,128.463206168345,37.1803601040486
MA0101202503A0020003,씨유영월,동명점,G2,소매,G204,종합 소매,G20405,편의점,영월군,51750250,영월읍,영월읍,강원특별자치도 영월군 영월읍 덕포리 501-4,강원특별자치도 영월군 영월읍 영월로 2099,128.479752042375,37.1823349371781
MA0101202503A0029533,카페119,,I2,음식,I211,주점,I21103,생맥주 전문,영월군,51750250,영월읍,영월읍,강원특별자치도 영월군 영월읍 영흥리 1069-9,강원특별자치도 영월군 영월읍 중앙1로 45,128.465702012571,37.1854017358996
MA0101202503A0032027,홍자싸롱,,I2,음식,I201,한식,I20101,백반/한정식,영월군,51750250,영월읍,영월읍,강원특별자치도 영월군 영월읍 영흥리 940-15,강원특별자치도 영월군 영월읍 하송안길 124-1,128.469243543946,37.1833667111219
MA0101202503A0044938,이나산업,,N1,시설관리·임대,N103,조경·유지,N10301,조경 유지·관리 서비스업,영월군,51750250,영월읍,영월읍,강원특별자치도 영월군 영월읍 거운리 530,강원특별자치도 영월군 영월읍 동강로 879-12,128.512304693723,37.237017866759
MA0101202503A0046941,영월힐링하우스,,I1,숙박,I101,일반 숙박,I10103,펜션,영월군,51750250,영월읍,영월읍,강원특별자치도 영월군 영월읍 팔괴리 288-17,강원특별자치도 영월군 영월읍 태화산로 178-29,128.48910338811,37.1498998138775
MA0101202503A0048239,마엘헤어,,S2,수리·개인,S207,이용·미용,S20701,미용실,영월군,51750250,영월읍,영월읍,강원특별자치도 영월군 영월읍 영흥리 947-17,강원특별자치도 영월군 영월읍 단종로33번길 46,128.466846205599,37.1840090829712
MA0101202503A0053049,신중화반점,,I2,음식,I202,중식,I20201,중국집,영월군,51750250,영월읍,영월읍,강원특별자치도 영월군 영월읍 덕포리 574-168,강원특별자치도 영월군 영월읍 중앙로 125,128.476597680929,37.1811039253266
MA0101202503A0072695,카페금당,,I2,음식,I201,한식,I20101,백반/한정식,영월군,51750250,영월읍,영월읍,강원특별자치도 영월군 영월읍 덕포리 579-17,강원특별자치도 영월군 영월읍 중리1길 34,128.479112888249,37.179585941636
MA0101202504A0014572,최고기축산물,,G2,소매,G205,식료품 소매,G20503,정육점,영월군,51750250,영월읍,영월읍,강원특별자치도 영월군 영월읍 영흥리 947-26,강원특별자치도 영월군 영월읍 중앙로 35-1,128.467785424752,37.1836640888655
MA0101202504A0015918,영월한옥카페팔괴리,,I2,음식,I212,비알코올 ,I21201,카페,영월군,51750250,영월읍,영월읍,강원특별자치도 영월군 영월읍 팔괴리 19-1,강원특별자치도 영월군 영월읍 태화산로 66-13,128.495867788444,37.1578873532051
MA0101202504A0026226,신짜오,,I2,음식,I201,한식,I20101,백반/한정식,영월군,51750250,영월읍,영월읍,강원특별자치도 영월군 영월읍 영흥리 944-101,강원특별자치도 영월군 영월읍 서부시장길 15-10,128.46666078623,37.1831554533903
MA0101202504A0034971,한강이앤씨,,M1,과학·기술,M109,기술 서비스,M10901,건축 설계 및 관련 서비스업,영월군,51750250,영월읍,영월읍,강원특별자치도 영월군 영월읍 영흥리 927-9,강원특별자치도 영월군 영월읍 요리골목길 16,128.469310132743,37.1827352034785
MA0101202504A0046808,해두리치킨영월점,,I2,음식,I210,기타 간이,I21006,치킨,영월군,51750250,영월읍,영월읍,강원특별자치도 영월군 영월읍 덕포리 601-5,강원특별자치도 영월군 영월읍 덕포하리4길 4,128.477430373723,37.1741380255211
MA0101202504A0049058,에어컨닥터,,S2,수리·개인,S205,가전제품 수리,S20501,가전제품 수리업,영월군,51750250,영월읍,영월읍,강원특별자치도 영월군 영월읍 하송리 158-10,강원특별자치도 영월군 영월읍 은행나무8길 14,128.461939200218,37.1788891370997
MA0101202504A0060100,서우칼국수,,I2,음식,I201,한식,I20105,국수/칼국수,영월군,51750250,영월읍,영월읍,강원특별자치도 영월군 영월읍 영흥리 994-2,강원특별자치도 영월군 영월읍 단종로16번길 47,128.470989159569,37.1851199656223
MA0101202504A0079693,한상차림밥상,,I2,음식,I201,한식,I20101,백반/한정식,영월군,51750250,영월읍,영월읍,강원특별자치도 영월군 영월읍 영흥리 838-2,강원특별자치도 영월군 영월읍 봉래산로 15,128.471608426867,37.1845356511094
MA0101202504A0080942,영월관광택시,,N1,시설관리·임대,N105,여행사·보조,N10599,기타 여행 보조/예약 서비스업,영월군,51750250,영월읍,영월읍,강원특별자치도 영월군 영월읍 덕포리 502-22,강원특별자치도 영월군 영월읍 영월로 2113,128.480872705898,37.1832128961297
MA0101202504A0081802,올리브,,I2,음식,I204,서양식,I20401,경양식,영월군,51750250,영월읍,영월읍,강원특별자치도 영월군 영월읍 영흥리 947-70,강원특별자치도 영월군 영월읍 중앙로 33-2,128.467594040081,37.1836664600688
MA0101202504A0094360,동강래프팅할인예약센터,,R1,예술·스포츠,R104,유원지·오락,R10409,수상/해양 레저업,영월군,51750250,영월읍,영월읍,강원특별자치도 영월군 영월읍 삼옥리 296-1,강원특별자치도 영월군 영월읍 동강로 620-5,128.511215692034,37.2225442927726
MA0101202504A0095640,서강인테리어,,M1,과학·기술,M112,전문 디자인,M11201,인테리어 디자인업,영월군,51750250,영월읍,영월읍,강원특별자치도 영월군 영월읍 팔괴리 1118-28,강원특별자치도 영월군 영월읍 팔괴로 110-4,128.461590577411,37.1660545270788
MA0101202504A0096272,영월에서,,I1,숙박,I101,일반 숙박,I10103,펜션,영월군,51750250,영월읍,영월읍,강원특별자치도 영월군 영월읍 삼옥리 597-1,강원특별자치도 영월군 영월읍 삼옥재길 617,128.505983350532,37.2070062333115
MA0101202504A0098078,동강인테리어,,M1,과학·기술,M112,전문 디자인,M11201,인테리어 디자인업,영월군,51750250,영월읍,영월읍,강원특별자치도 영월군 영월읍 팔괴리 1118-27,강원특별자치도 영월군 영월읍 팔괴로 88-25,128.46130088737,37.1662112664975
MA0101202504A0098921,스테이라디오스타,,I1,숙박,I101,일반 숙박,I10103,펜션,영월군,51750250,영월읍,영월읍,강원특별자치도 영월군 영월읍 영흥리 894-8,강원특별자치도 영월군 영월읍 내성길50번길 67-5,128.474733555045,37.184839156418
MA0101202504A0114666,영월드마을관리협동조합,,N1,시설관리·임대,N101,시설관리,N10101,사업시설 유지·관리 서비스업,영월군,51750250,영월읍,영월읍,강원특별자치도 영월군 영월읍 덕포리 486-36,강원특별자치도 영월군 영월읍 덕포시장길 46,128.478993211535,37.1821101606636
MA0101202505A0000139,영월물닭갈비&부대찌개,,I2,음식,I201,한식,I20110,닭/오리고기 구이/찜,영월군,51750250,영월읍,영월읍,강원특별자치도 영월군 영월읍 덕포리 486-64,강원특별자치도 영월군 영월읍 영월로 2085,128.478599915115,37.1815744864809
MA0101202505A0002093,장모님밥상,,I2,음식,I201,한식,I20101,백반/한정식,영월군,51750250,영월읍,영월읍,강원특별자치도 영월군 영월읍 영흥리 823-1,강원특별자치도 영월군 영월읍 봉래산로 36,128.472330319377,37.1863376371029
MA0101202505A0005261,민트초코,터미널점,G2,소매,G204,종합 소매,G20404,슈퍼마켓,영월군,51750250,영월읍,영월읍,강원특별자치도 영월군 영월읍 하송리 253-18,강원특별자치도 영월군 영월읍 중앙로 13-1,128.465241480666,37.1837136018496
MA0101202505A0005597,커맥,,I2,음식,I201,한식,I20101,백반/한정식,영월군,51750250,영월읍,영월읍,강원특별자치도 영월군 영월읍 영흥리 810-4,강원특별자치도 영월군 영월읍 봉래산로 47-1,128.472552910195,37.1873619794939
MA0101202505A0008068,본우리집밥동강시,스타점,I2,음식,I201,한식,I20101,백반/한정식,영월군,51750250,영월읍,영월읍,강원특별자치도 영월군 영월읍 삼옥리 108,강원특별자치도 영월군 영월읍 사지막길 160,128.5187358527,37.2177630725064
MA0101202505A0023646,도나스&커피,,I2,음식,I212,비알코올 ,I21201,카페,영월군,51750250,영월읍,영월읍,강원특별자치도 영월군 영월읍 하송리 123-1,강원특별자치도 영월군 영월읍 은행나무길 80-2,128.463245175721,37.1782963892571
MA0101202505A0037232,킹카,,G2,소매,G202,자동차 부품 소매,G20202,자동차 부품 소매업,영월군,51750250,영월읍,영월읍,강원특별자치도 영월군 영월읍 덕포리 523-46,강원특별자치도 영월군 영월읍 중리1길 37,128.479110062683,37.1800184440959
MA0101202505A0050376,동강매점,,G2,소매,G204,종합 소매,G20404,슈퍼마켓,영월군,51750250,영월읍,영월읍,강원특별자치도 영월군 영월읍 삼옥리 930-9,강원특별자치도 영월군 영월읍 동강로 776,128.505918265296,37.2314952816209
MA0101202505A0053106,영월본가찬,,G2,소매,G205,식료품 소매,G20509,반찬/식료품 소매업,영월군,51750250,영월읍,영월읍,강원특별자치도 영월군 영월읍 하송리 161-11,강원특별자치도 영월군 영월읍 은행나무5길 25,128.462984769411,37.1793897853848
MA0101202505A0059655,동강맛집,,I2,음식,I201,한식,I20101,백반/한정식,영월군,51750250,영월읍,영월읍,강원특별자치도 영월군 영월읍 거운리 576-5,강원특별자치도 영월군 영월읍 동강로 915,128.515360943797,37.2393933649597
MA0101202505A0068936,인견나라,,G2,소매,G215,의약·화장품 소매,G21503,화장품 소매업,영월군,51750250,영월읍,영월읍,강원특별자치도 영월군 영월읍 영흥리 927-17,강원특별자치도 영월군 영월읍 요리골목길 22,128.469594020804,37.1828578183381
MA0101202505A0076652,동강시스타클럽하우스,,I2,음식,I201,한식,I20101,백반/한정식,영월군,51750250,영월읍,영월읍,강원특별자치도 영월군 영월읍 삼옥리 108,강원특별자치도 영월군 영월읍 사지막길 160,128.5187358527,37.2177630725064
MA0101202505A0085657,별빛헤드스파,,S2,수리·개인,S207,이용·미용,S20701,미용실,영월군,51750250,영월읍,영월읍,강원특별자치도 영월군 영월읍 덕포리 574-129,강원특별자치도 영월군 영월읍 덕포시장길 22,128.477439859986,37.1815619309625
MA0101202505A0087683,민트초코영월점,,G2,소매,G204,종합 소매,G20404,슈퍼마켓,영월군,51750250,영월읍,영월읍,강원특별자치도 영월군 영월읍 영흥리 945-33,강원특별자치도 영월군 영월읍 중앙로 40-3,128.468350335082,37.1831795717785
MA0106202201A0707041,영월시네마,,G2,소매,G221,기타 상품 소매,G22199,그 외 기타 상품 전문 소매업,영월군,51750250,영월읍,영월읍,강원특별자치도 영월군 영월읍 영흥리 990-2,강원특별자치도 영월군 영월읍 관풍헌길 66,128.470515524124,37.1845041744356
MA0106202201A0824693,씨앤코컴퍼니세경대점,,I2,음식,I201,한식,I20101,백반/한정식,영월군,51750250,영월읍,영월읍,강원특별자치도 영월군 영월읍 하송리 산 55,강원특별자치도 영월군 영월읍 하송로 197,128.454278189372,37.1727937216742
MA0106202201A1624347,에스엠동강시스타,,I1,숙박,I101,일반 숙박,I10103,펜션,영월군,51750250,영월읍,영월읍,강원특별자치도 영월군 영월읍 삼옥리 108,강원특별자치도 영월군 영월읍 사지막길 160,128.5187358527,37.2177630725064
MA0106202201A1624348,에스엠동강시스타,,R1,예술·스포츠,R103,스포츠 서비스,R10311,골프 연습장,영월군,51750250,영월읍,영월읍,강원특별자치도 영월군 영월읍 삼옥리 108,강원특별자치도 영월군 영월읍 사지막길 160,128.5187358527,37.2177630725064
MA0106202201A1624349,CU영월동강시,스타점,G2,소매,G204,종합 소매,G20405,편의점,영월군,51750250,영월읍,영월읍,강원특별자치도 영월군 영월읍 삼옥리 108,강원특별자치도 영월군 영월읍 사지막길 160,128.5187358527,37.2177630725064
MA0106202201A1902744,파크랜드강원영월점,,G2,소매,G213,오락용품 소매,G21304,운동용품 소매업,영월군,51750250,영월읍,영월읍,강원특별자치도 영월군 영월읍 영흥리 972-4,강원특별자치도 영월군 영월읍 중앙로 49-3,128.469147981649,37.1836652176985
MA0106202202A2359977,영월씨네마,,G2,소매,G221,기타 상품 소매,G22199,그 외 기타 상품 전문 소매업,영월군,51750250,영월읍,영월읍,강원특별자치도 영월군 영월읍 영흥리 999-12,강원특별자치도 영월군 영월읍 관풍헌길 100,128.470242119358,37.1860842716845
MA0106202209A0699900,지에스25영월샛말점,,G2,소매,G204,종합 소매,G20404,슈퍼마켓,영월군,51750250,영월읍,영월읍,강원특별자치도 영월군 영월읍 하송리 43-7,강원특별자치도 영월군 영월읍 은행나무길 13,128.465659943325,37.1803117514195
MA0106202301A0693455,우리빵,,I2,음식,I201,한식,I20101,백반/한정식,영월군,51750250,영월읍,영월읍,강원특별자치도 영월군 영월읍 하송리 53,강원특별자치도 영월군 영월읍 제방안길 64,128.46782836942,37.1794830360819
MA0106202308A0690920,우리빵,,I2,음식,I210,기타 간이,I21001,빵/도넛,영월군,51750250,영월읍,영월읍,강원특별자치도 영월군 영월읍 하송리 53,강원특별자치도 영월군 영월읍 제방안길 64,128.46782836942,37.1794830360819
MA0106202403A1935645,GS25영월덕포점,,G2,소매,G204,종합 소매,G20405,편의점,영월군,51750250,영월읍,영월읍,강원특별자치도 영월군 영월읍 덕포리 574-371,강원특별자치도 영월군 영월읍 중앙로 122,128.47602407441,37.1811381029439
MA0106202406A2461189,GS25영월주공점,,G2,소매,G204,종합 소매,G20405,편의점,영월군,51750250,영월읍,영월읍,강원특별자치도 영월군 영월읍 하송리 386-3,강원특별자치도 영월군 영월읍 하송로 113,128.459724989123,37.1790966361796
MA0106202503A0676904,꽃구름,,G2,소매,G219,식물 소매,G21901,꽃집,영월군,51750250,영월읍,영월읍,강원특별자치도 영월군 영월읍 하송리 253-43,강원특별자치도 영월군 영월읍 중앙1로 28,128.46589565995,37.183768576657
MA0106202504A1357165,영월청년들,,I2,음식,I201,한식,I20101,백반/한정식,영월군,51750250,영월읍,영월읍,강원특별자치도 영월군 영월읍 영흥리 964-5,강원특별자치도 영월군 영월읍 단종로 20,128.468448136375,37.185322677189
MA0106202504A1357166,이달엔영월덕포점,,I2,음식,I201,한식,I20101,백반/한정식,영월군,51750250,영월읍,영월읍,강원특별자치도 영월군 영월읍 덕포리 486-159,강원특별자치도 영월군 영월읍 덕포시장길 50,128.478805695824,37.1823107157051
MA0106202505A1358753,"꽃차죽,영월옹심이",,I2,음식,I201,한식,I20101,백반/한정식,영월군,51750250,영월읍,영월읍,강원특별자치도 영월군 영월읍 영흥리 964-5,강원특별자치도 영월군 영월읍 단종로 20,128.468448136375,37.185322677189
MA0106202506A0483528,최고기축산물,,G2,소매,G205,식료품 소매,G20503,정육점,영월군,51750250,영월읍,영월읍,강원특별자치도 영월군 영월읍 영흥리 947-26,강원특별자치도 영월군 영월읍 중앙로 35-1,128.467785424752,37.1836640888655
MA0106202506A0521170,영월한옥카페팔괴리,,I2,음식,I212,비알코올 ,I21201,카페,영월군,51750250,영월읍,영월읍,강원특별자치도 영월군 영월읍 팔괴리 19-1,강원특별자치도 영월군 영월읍 태화산로 66-13,128.495867788444,37.1578873532051
MA0106202506A0665985,신영전자,,G2,소매,G222,중고 상품 소매,G22201,중고 상품 소매업,영월군,51750250,영월읍,영월읍,강원특별자치도 영월군 영월읍 영흥리 778-5,강원특별자치도 영월군 영월읍 봉래산로 66,128.473399456206,37.1886218244397
MA0106202506A0764144,신짜오,,I2,음식,I201,한식,I20101,백반/한정식,영월군,51750250,영월읍,영월읍,강원특별자치도 영월군 영월읍 영흥리 944-101,강원특별자치도 영월군 영월읍 서부시장길 15-10,128.46666078623,37.1831554533903
MA0106202506A1183483,해두리치킨 영월점,,I2,음식,I210,기타 간이,I21006,치킨,영월군,51750250,영월읍,영월읍,강원특별자치도 영월군 영월읍 덕포리 601-5,강원특별자치도 영월군 영월읍 덕포하리4길 4,128.477430373723,37.1741380255211
MA0106202506A1429120,서우칼국수,,I2,음식,I201,한식,I20105,국수/칼국수,영월군,51750250,영월읍,영월읍,강원특별자치도 영월군 영월읍 영흥리 994-2,강원특별자치도 영월군 영월읍 단종로16번길 47,128.470989159569,37.1851199656223
MA0106202506A1963760,올리브,,I2,음식,I201,한식,I20101,백반/한정식,영월군,51750250,영월읍,영월읍,강원특별자치도 영월군 영월읍 영흥리 947-70,강원특별자치도 영월군 영월읍 중앙로 33-2,128.467594040081,37.1836664600688
MA0106202506A2008705,뉴메니아,,I2,음식,I211,주점,I21101,일반 유흥 주점,영월군,51750250,영월읍,영월읍,강원특별자치도 영월군 영월읍 영흥리 944-1,강원특별자치도 영월군 영월읍 하송안길 111,128.468541718459,37.1831771993799
MA0106202506A2094499,산책,,I2,음식,I201,한식,I20101,백반/한정식,영월군,51750250,영월읍,영월읍,강원특별자치도 영월군 영월읍 하송리 산 55,강원특별자치도 영월군 영월읍 하송로 197,128.454278534709,37.1728117369754
MA0106202506A2161362,미탄집,,I2,음식,I201,한식,I20101,백반/한정식,영월군,51750250,영월읍,영월읍,강원특별자치도 영월군 영월읍 영흥리 947-57,강원특별자치도 영월군 영월읍 중앙로 30-1,128.46675398491,37.1833164748125
MA0106202506A2223930,달콤한쭈니네,,G2,소매,G221,기타 상품 소매,G22199,그 외 기타 상품 전문 소매업,영월군,51750250,영월읍,영월읍,강원특별자치도 영월군 영월읍 영흥리 945-8,강원특별자치도 영월군 영월읍 서부시장길 37,128.467780120549,37.1828082292394
MA0106202506A2280816,타이어골드,,G2,소매,G202,자동차 부품 소매,G20202,자동차 부품 소매업,영월군,51750250,영월읍,영월읍,강원특별자치도 영월군 영월읍 덕포리 574-19,강원특별자치도 영월군 영월읍 영월로 2062,128.476509443693,37.1800418764448
MA0106202507A0260833,옥수수마을,,G2,소매,G205,식료품 소매,G20502,가축 사료 소매업,영월군,51750250,영월읍,영월읍,강원특별자치도 영월군 영월읍 덕포리 531-7,강원특별자치도 영월군 영월읍 중앙로 130,128.476611076612,37.1806352521765
MA0106202507A0671837,4&SUN(포&썬),,I2,음식,I201,한식,I20101,백반/한정식,영월군,51750250,영월읍,영월읍,강원특별자치도 영월군 영월읍 삼옥리 340,강원특별자치도 영월군 영월읍 동강로 599,128.513989844352,37.2221124323726
MA0106202507A1077900,주원지점,,I2,음식,I201,한식,I20101,백반/한정식,영월군,51750250,영월읍,영월읍,강원특별자치도 영월군 영월읍 팔괴리 1241,강원특별자치도 영월군 영월읍 팔괴1농공단지길 21-28,128.467824589944,37.1536791183035
MA0106202507A1344788,아디다스 영월대리점,,G2,소매,G213,오락용품 소매,G21304,운동용품 소매업,영월군,51750250,영월읍,영월읍,강원특별자치도 영월군 영월읍 영흥리 979-8,강원특별자치도 영월군 영월읍 중앙로 51-1,128.469632071899,37.1836592130025
MA0106202507A1436298,금서 베이커리,,I2,음식,I201,한식,I20101,백반/한정식,영월군,51750250,영월읍,영월읍,강원특별자치도 영월군 영월읍 하송리 386,강원특별자치도 영월군 영월읍 하송로 117,128.459327171383,37.1789033227612
MA0106202507A2161258,씨유(CU) 영월하송점,,G2,소매,G204,종합 소매,G20405,편의점,영월군,51750250,영월읍,영월읍,강원특별자치도 영월군 영월읍 하송리 254-6,강원특별자치도 영월군 영월읍 중앙1로 31,128.465640557077,37.1839699474973
MA0106202507A2268161,루트66(ROUTE66),,I2,음식,I201,한식,I20101,백반/한정식,영월군,51750250,영월읍,영월읍,강원특별자치도 영월군 영월읍 하송리 253-20,강원특별자치도 영월군 영월읍 중앙로 11-1,128.464952428266,37.1839063814
MA0106202507A2289430,컨솔바리스타 아카데미학원,,P1,교육,P105,일반 교육,P10501,입시·교과학원,영월군,51750250,영월읍,영월읍,강원특별자치도 영월군 영월읍 영흥리 959-16,강원특별자치도 영월군 영월읍 단종로33번길 7,128.467148811323,37.1856811469629
MA0106202508A0297235,보문식당,,I2,음식,I201,한식,I20101,백반/한정식,영월군,51750250,영월읍,영월읍,강원특별자치도 영월군 영월읍 하송리 5-20,강원특별자치도 영월군 영월읍 서부시장길 8-11,128.466325600355,37.1827091157171
MA0106202508A1318301,언니즈,,I2,음식,I201,한식,I20101,백반/한정식,영월군,51750250,영월읍,영월읍,강원특별자치도 영월군 영월읍 영흥리 922-23,강원특별자치도 영월군 영월읍 제방안길 45,128.469960367796,37.1808441009367
MA0106202508A1950612,까치방앗간,,I2,음식,I210,기타 간이,I21002,떡/한과,영월군,51750250,영월읍,영월읍,강원특별자치도 영월군 영월읍 하송리 543,강원특별자치도 영월군 영월읍 하송로 146-25,128.456126181963,37.1769785831564
MA0106202508A2211957,영월메밀전병,,I2,음식,I201,한식,I20104,전/부침개,영월군,51750250,영월읍,영월읍,강원특별자치도 영월군 영월읍 영흥리 912-4,강원특별자치도 영월군 영월읍 중앙로 74-1,128.471989937319,37.1833055870712
MA0106202509A0404419,임호경베이커리,,I2,음식,I210,기타 간이,I21001,빵/도넛,영월군,51750250,영월읍,영월읍,강원특별자치도 영월군 영월읍 영흥리 972-4,강원특별자치도 영월군 영월읍 중앙로 49,128.469237346911,37.1836280703999
MA0106202509A0592036,스토리스토어,,G2,소매,G213,오락용품 소매,G21306,장난감 소매업,영월군,51750250,영월읍,영월읍,강원특별자치도 영월군 영월읍 영흥리 1053-1,강원특별자치도 영월군 영월읍 단종로 105,128.46248494456,37.191423964074
MA0106202509A0666609,7곡제면소,,I2,음식,I201,한식,I20101,백반/한정식,영월군,51750250,영월읍,영월읍,강원특별자치도 영월군 영월읍 하송리 11-1,강원특별자치도 영월군 영월읍 하송안길 89,128.467258079405,37.1825984625758
MA0106202509A0742600,GS25영월행복주택점,,G2,소매,G204,종합 소매,G20405,편의점,영월군,51750250,영월읍,영월읍,강원특별자치도 영월군 영월읍 덕포리 815,강원특별자치도 영월군 영월읍 덕포하리2길 9,128.476585717422,37.1752837836954
MA0106202509A1085010,클라운지강원영월,1호점,G2,소매,G215,의약·화장품 소매,G21503,화장품 소매업,영월군,51750250,영월읍,영월읍,강원특별자치도 영월군 영월읍 영흥리 991-20,강원특별자치도 영월군 영월읍 관풍헌길 68,128.470405563658,37.1846406854355
MA0106202509A1129323,포레스트,,I2,음식,I201,한식,I20101,백반/한정식,영월군,51750250,영월읍,영월읍,강원특별자치도 영월군 영월읍 방절리 321-2,강원특별자치도 영월군 영월읍 청령포로 372-26,128.446995182713,37.1899924429321
MA0106202509A1261934,페리카나치킨영월점,,I2,음식,I210,기타 간이,I21006,치킨,영월군,51750250,영월읍,영월읍,강원특별자치도 영월군 영월읍 하송리 373-1,강원특별자치도 영월군 영월읍 하송로 126,128.45819538428,37.1786019178031
MA0106202509A1332172,이화장여관,,I1,숙박,I101,일반 숙박,I10102,여관/모텔,영월군,51750250,영월읍,영월읍,강원특별자치도 영월군 영월읍 하송리 183,강원특별자치도 영월군 영월읍 은행나무길 16,128.465119760389,37.1803274431765
MA0106202509A1346538,명성감자탕,,I2,음식,I201,한식,I20102,국/탕/찌개류,영월군,51750250,영월읍,영월읍,강원특별자치도 영월군 영월읍 영흥리 901-47,강원특별자치도 영월군 영월읍 중앙로 86,128.473429540994,37.1832156119344
MA0106202509A1430694,씨유영월청령포레스트점,,G2,소매,G204,종합 소매,G20405,편의점,영월군,51750250,영월읍,영월읍,강원특별자치도 영월군 영월읍 영흥리 1049-88,강원특별자치도 영월군 영월읍 단종로 100,128.463427057374,37.1912231239405
MA0106202509A1506805,팔괴공작소,,G2,소매,G211,가구 소매,G21101,가구 소매업,영월군,51750250,영월읍,영월읍,강원특별자치도 영월군 영월읍 팔괴리 488,강원특별자치도 영월군 영월읍 태화산로 241-17,128.490562029972,37.1450792695571
MA0106202509A1681226,건아렌트카영월영업소,,N1,시설관리·임대,N109,운송장비 대여,N10901,자동차 대여업,영월군,51750250,영월읍,영월읍,강원특별자치도 영월군 영월읍 덕포리 668-5,강원특별자치도 영월군 영월읍 중앙로 225,128.478126767014,37.1723183804454
MA0106202509A1971967,오토박스,,G2,소매,G202,자동차 부품 소매,G20202,자동차 부품 소매업,영월군,51750250,영월읍,영월읍,강원특별자치도 영월군 영월읍 하송리 19-1,강원특별자치도 영월군 영월읍 영월로 1981,128.467564160851,37.1815405312089
MA0106202510A0664453,패션모델,,G2,소매,G209,섬유·의복·신발 소매,G20905,기타 의류 소매업,영월군,51750250,영월읍,영월읍,강원특별자치도 영월군 영월읍 영흥리 947-70,강원특별자치도 영월군 영월읍 중앙로 33-4,128.467618473455,37.1837652645033
MA0106202510A0668764,영월약초,,G2,소매,G205,식료품 소매,G20502,가축 사료 소매업,영월군,51750250,영월읍,영월읍,강원특별자치도 영월군 영월읍 덕포리 531-8,강원특별자치도 영월군 영월읍 중앙로 131,128.476962161745,37.1807389922924
MA0106202510A0739481,포토그레이영월점,,M1,과학·기술,M113,사진 촬영,M11301,사진촬영업,영월군,51750250,영월읍,영월읍,강원특별자치도 영월군 영월읍 영흥리 933-5,강원특별자치도 영월군 영월읍 중앙로 62-1,128.470571622687,37.1833322122907
MA0106202510A0859122,미자한식뷔페,,I2,음식,I207,구내식당·뷔페,I20702,뷔페,영월군,51750250,영월읍,영월읍,강원특별자치도 영월군 영월읍 영흥리 991-1,강원특별자치도 영월군 영월읍 단종로16번길 37,128.470531070063,37.185305847877
MA0106202510A1435119,다독임,,P1,교육,P106,기타 교육,P10607,청소년 수련시설,영월군,51750250,영월읍,영월읍,강원특별자치도 영월군 영월읍 거운리 673,강원특별자치도 영월군 영월읍 동강로 1025,128.508159625128,37.2461524291646
MA0106202510A1700405,예쁠연,,S2,수리·개인,S207,이용·미용,S20701,미용실,영월군,51750250,영월읍,영월읍,강원특별자치도 영월군 영월읍 덕포리 815,강원특별자치도 영월군 영월읍 덕포하리2길 9,128.476585717422,37.1752837836954
MA0106202510A1969741,영막창,,I2,음식,I201,한식,I20109,곱창 전골/구이,영월군,51750250,영월읍,영월읍,강원특별자치도 영월군 영월읍 하송리 16-12,강원특별자치도 영월군 영월읍 하송안길 70-3,128.466744271566,37.181649792679
MA0106202510A1988698,예쁜만두밥상,,I2,음식,I210,기타 간이,I21007,김밥/만두/분식,영월군,51750250,영월읍,영월읍,강원특별자치도 영월군 영월읍 영흥리 947-23,강원특별자치도 영월군 영월읍 단종로33번길 48,128.466843766371,37.183882976808
MA0106202510A2277409,프레드피자강원영월점,,I2,음식,I210,기타 간이,I21003,피자,영월군,51750250,영월읍,영월읍,강원특별자치도 영월군 영월읍 영흥리 977-1,강원특별자치도 영월군 영월읍 단종로 4,128.468361671539,37.1837650643293
MA0106202511A0449845,노브오븐,,I2,음식,I201,한식,I20101,백반/한정식,영월군,51750250,영월읍,영월읍,강원특별자치도 영월군 영월읍 덕포리 815,강원특별자치도 영월군 영월읍 덕포하리2길 9,128.476585717422,37.1752837836954
MA0106202511A0536377,육정가,,I2,음식,I201,한식,I20101,백반/한정식,영월군,51750250,영월읍,영월읍,강원특별자치도 영월군 영월읍 영흥리 722-3,강원특별자치도 영월군 영월읍 봉래산로 95-1,128.473667118443,37.1913844802035
MA0106202511A0992153,GS25영월관풍헌점,,G2,소매,G204,종합 소매,G20405,편의점,영월군,51750250,영월읍,영월읍,강원특별자치도 영월군 영월읍 영흥리 938-7,강원특별자치도 영월군 영월읍 중앙로 64-1,128.470875934231,37.1833464536431
MA0106202511A1133110,오렌지당구클럽,,R1,예술·스포츠,R103,스포츠 서비스,R10310,당구장,영월군,51750250,영월읍,영월읍,강원특별자치도 영월군 영월읍 하송리 251-27,강원특별자치도 영월군 영월읍 중앙로 5,128.464364578549,37.1837875132572
MA0106202511A1334606,에스제이파크골프샵영월지점,,G2,소매,G213,오락용품 소매,G21304,운동용품 소매업,영월군,51750250,영월읍,영월읍,강원특별자치도 영월군 영월읍 영흥리 947-90,강원특별자치도 영월군 영월읍 단종로33번길 50,128.466762521578,37.1837578464314
MA0106202511A1360827,소문,,I2,음식,I201,한식,I20101,백반/한정식,영월군,51750250,영월읍,영월읍,강원특별자치도 영월군 영월읍 하송리 543,강원특별자치도 영월군 영월읍 하송로 146-25,128.456126181963,37.1769785831564
MA0106202511A2045699,썸,,I2,음식,I201,한식,I20101,백반/한정식,영월군,51750250,영월읍,영월읍,강원특별자치도 영월군 영월읍 덕포리 574-371,강원특별자치도 영월군 영월읍 중앙로 122,128.47602407441,37.1811381029439
MA0106202511A2255787,앤니네집밥,,I2,음식,I201,한식,I20101,백반/한정식,영월군,51750250,영월읍,영월읍,강원특별자치도 영월군 영월읍 하송리 11-1,강원특별자치도 영월군 영월읍 하송안길 89,128.467258079405,37.1825984625758
MA0106202512A0581592,리프,,I2,음식,I201,한식,I20101,백반/한정식,영월군,51750250,영월읍,영월읍,강원특별자치도 영월군 영월읍 영흥리 944-3,강원특별자치도 영월군 영월읍 하송안길 108,128.468524530179,37.1828710812998
MA0106202512A0695900,설렁탕집,,I2,음식,I201,한식,I20102,국/탕/찌개류,영월군,51750250,영월읍,영월읍,강원특별자치도 영월군 영월읍 하송리 169-9,강원특별자치도 영월군 영월읍 하송로 107,128.460122808862,37.1792899482122
MA0106202512A0698551,큐,,I2,음식,I211,주점,I21101,일반 유흥 주점,영월군,51750250,영월읍,영월읍,강원특별자치도 영월군 영월읍 영흥리 845-3,강원특별자치도 영월군 영월읍 봉래산로 7-6,128.471899630856,37.18387432252
MA0106202512A1167906,이모네야식,,I2,음식,I201,한식,I20199,기타 한식 음식점,영월군,51750250,영월읍,영월읍,강원특별자치도 영월군 영월읍 영흥리 991-19,강원특별자치도 영월군 영월읍 단종로16번길 40,128.470410279448,37.1848838897564
MA0106202512A1596969,아름풍경,,G2,소매,G205,식료품 소매,G20502,가축 사료 소매업,영월군,51750250,영월읍,영월읍,강원특별자치도 영월군 영월읍 삼옥리 1135-1,강원특별자치도 영월군 영월읍 송이길 349,128.482806514845,37.2314085651941
MA0106202601A0090232,곰상사,,G2,소매,G221,기타 상품 소매,G22199,그 외 기타 상품 전문 소매업,영월군,51750250,영월읍,영월읍,강원특별자치도 영월군 영월읍 영흥리 952-5,강원특별자치도 영월군 영월읍 중앙1로 42-1,128.466041960952,37.1849290227187
MA0106202601A0755123,아지트,,I2,음식,I211,주점,I21101,일반 유흥 주점,영월군,51750250,영월읍,영월읍,강원특별자치도 영월군 영월읍 영흥리 972-13,강원특별자치도 영월군 영월읍 단종로16번길 18-6,128.469087323933,37.1846029826928
MA0106202601A1230231,정성정육식당,,G2,소매,G205,식료품 소매,G20503,정육점,영월군,51750250,영월읍,영월읍,강원특별자치도 영월군 영월읍 하송리 407-3,강원특별자치도 영월군 영월읍 하송로 146-5,128.45673717295,37.1771332474284
MA0106202601A1308800,카페GIRO,,I2,음식,I201,한식,I20101,백반/한정식,영월군,51750250,영월읍,영월읍,강원특별자치도 영월군 영월읍 덕포리 815,강원특별자치도 영월군 영월읍 덕포하리2길 9,128.476585717422,37.1752837836954
MA0106202601A1644012,영월광명닭발,,I2,음식,I201,한식,I20110,닭/오리고기 구이/찜,영월군,51750250,영월읍,영월읍,강원특별자치도 영월군 영월읍 하송리 11-1,강원특별자치도 영월군 영월읍 서부시장길 16-8,128.467258079405,37.1825984625758
MA0106202601A2216979,정성정육식당,,I2,음식,I201,한식,I20108,소고기 구이/찜,영월군,51750250,영월읍,영월읍,강원특별자치도 영월군 영월읍 하송리 407-3,강원특별자치도 영월군 영월읍 하송로 146-5,128.45673717295,37.1771332474284
MA0106202601A2340371,댕투유(댕toU),,G2,소매,G220,애완동물·용품 소매,G22001,애완동물/애완용품 소매업,영월군,51750250,영월읍,영월읍,강원특별자치도 영월군 영월읍 덕포리 815,강원특별자치도 영월군 영월읍 덕포하리2길 9,128.476585717422,37.1752837836954
MA0106202601A2345997,비전바디,,R1,예술·스포츠,R103,스포츠 서비스,R10307,헬스장,영월군,51750250,영월읍,영월읍,강원특별자치도 영월군 영월읍 하송리 254-6,강원특별자치도 영월군 영월읍 중앙1로 31,128.465640557077,37.1839699474973
MA0106202601A2414988,라뜰리에드연 (L'Atelier de Yeon),,S2,수리·개인,S207,이용·미용,S20701,미용실,영월군,51750250,영월읍,영월읍,강원특별자치도 영월군 영월읍 덕포리 815,강원특별자치도 영월군 영월읍 덕포하리2길 9,128.476585717422,37.1752837836954
MA0106202601A2438313,동트는제면소,,I2,음식,I201,한식,I20101,백반/한정식,영월군,51750250,영월읍,영월읍,강원특별자치도 영월군 영월읍 덕포리 815,강원특별자치도 영월군 영월읍 덕포하리2길 9,128.476585717422,37.1752837836954
MA0106202602A0677164,제이큐브 카페,,I2,음식,I201,한식,I20101,백반/한정식,영월군,51750250,영월읍,영월읍,강원특별자치도 영월군 영월읍 삼옥리 735-8,강원특별자치도 영월군 영월읍 사지막길 56,128.506969216834,37.2123994886034
MA0106202602A2091069,아이스크림 할인마트 영월2호점,,G2,소매,G221,기타 상품 소매,G22199,그 외 기타 상품 전문 소매업,영월군,51750250,영월읍,영월읍,강원특별자치도 영월군 영월읍 하송리 385-3,강원특별자치도 영월군 영월읍 하송로 111,128.459861463492,37.1791670325154
MA0106202602A2227606,팔천순대,,I2,음식,I201,한식,I20102,국/탕/찌개류,영월군,51750250,영월읍,영월읍,강원특별자치도 영월군 영월읍 영흥리 924-7,강원특별자치도 영월군 영월읍 제방안길 26,128.470775467497,37.1822304935611
MA010120220800223323,사람과자연,,I1,숙박,I101,일반 숙박,I10103,펜션,영월군,51750360,주천면,주천면,강원특별자치도 영월군 주천면 판운리 307-1,강원특별자치도 영월군 주천면 평창강로 67-1,128.333327250932,37.2940290822408
MA010120220800782104,형제철물,,G2,소매,G210,철물·건설자재 소매,G21001,철물/공구 소매업,영월군,51750360,주천면,주천면,강원특별자치도 영월군 주천면 주천리 400-4,강원특별자치도 영월군 주천면 주천로 76-1,128.267517643121,37.2701014381636
MA010120220802496204,한우소장수,,G2,소매,G205,식료품 소매,G20503,정육점,영월군,51750360,주천면,주천면,강원특별자치도 영월군 주천면 주천리 1238-6,강원특별자치도 영월군 주천면 주천시장길 16-6,128.267391141315,37.2706253621892
MA010120220802947900,주천미용실,,S2,수리·개인,S207,이용·미용,S20701,미용실,영월군,51750360,주천면,주천면,강원특별자치도 영월군 주천면 주천리 1239-5,강원특별자치도 영월군 주천면 주천로 87-1,128.268119487127,37.2710320129968
MA010120220802960345,아라리조개구이,,I2,음식,I201,한식,I20112,해산물 구이/찜,영월군,51750360,주천면,주천면,강원특별자치도 영월군 주천면 주천리 888-74,강원특별자치도 영월군 주천면 송학주천로 1423-1,128.269770926859,37.2700142193323
MA010120220803107953,주천강캠핑장,,I1,숙박,I101,일반 숙박,I10104,캠핑/글램핑,영월군,51750360,주천면,주천면,강원특별자치도 영월군 주천면 주천리 1467-1,강원특별자치도 영월군 주천면 무릉법흥로 15,128.272797487203,37.279027560788
MA010120220803201127,도향막국수,,I2,음식,I201,한식,I20105,국수/칼국수,영월군,51750360,주천면,주천면,강원특별자치도 영월군 주천면 주천리 888-3,강원특별자치도 영월군 주천면 송학주천로 1420,128.270135477225,37.2695688271154
MA010120220803252437,아키텍트B&C,,M1,과학·기술,M109,기술 서비스,M10904,환경 관련 엔지니어링 서비스업,영월군,51750360,주천면,주천면,강원특별자치도 영월군 주천면 주천리 899-1,강원특별자치도 영월군 주천면 도천길 33,128.264241840227,37.2717402189518
MA010120220803543470,다하누본가정육식당,,I2,음식,I201,한식,I20108,소고기 구이/찜,영월군,51750360,주천면,주천면,강원특별자치도 영월군 주천면 주천리 1235-11,강원특별자치도 영월군 주천면 주천시장길 21,128.266824985127,37.270478255864
MA010120220803584463,애플가요주점,,I2,음식,I211,주점,I21104,요리 주점,영월군,51750360,주천면,주천면,강원특별자치도 영월군 주천면 주천리 1256-1,강원특별자치도 영월군 주천면 주천로 88-1,128.268342203879,37.2708674500278
MA010120220803721173,이가네,,I2,음식,I210,기타 간이,I21007,김밥/만두/분식,영월군,51750360,주천면,주천면,강원특별자치도 영월군 주천면 주천리 1333-1,강원특별자치도 영월군 주천면 주천로84번길 19,128.268858977421,37.2700870672572
MA010120220803991627,광수목공예,,S2,수리·개인,S210,장례식장 ,S21002,화장터/묘지/납골당,영월군,51750360,주천면,주천면,강원특별자치도 영월군 주천면 판운리 산 350,강원특별자치도 영월군 주천면 송학주천로 1787,128.300792995371,37.2809666258608
MA010120220804438819,에스원,,M1,과학·기술,M107,본사·경영 컨설팅,M10703,경영 컨설팅업,영월군,51750360,주천면,주천면,강원특별자치도 영월군 주천면 신일리 281,강원특별자치도 영월군 주천면 솔치로 724,128.257740585399,37.2658720004588
MA010120220804673796,우리농원,,G2,소매,G204,종합 소매,G20404,슈퍼마켓,영월군,51750360,주천면,주천면,강원특별자치도 영월군 주천면 판운리 387,강원특별자치도 영월군 주천면 장충동길 174,128.335929332866,37.2842962614956
MA010120220804674503,원흥공업사,,S2,수리·개인,S203,자동차 수리·세차,S20301,자동차 정비소,영월군,51750360,주천면,주천면,강원특별자치도 영월군 주천면 주천리 1276-1,강원특별자치도 영월군 주천면 주천로58번길 28,128.268849301495,37.2695105426173
MA010120220804674564,양평공업사,,S2,수리·개인,S203,자동차 수리·세차,S20301,자동차 정비소,영월군,51750360,주천면,주천면,강원특별자치도 영월군 주천면 주천리 1376-17,강원특별자치도 영월군 주천면 송학주천로 1467,128.270569596901,37.2739339277336
MA010120220804674698,업소명없음,,G2,소매,G204,종합 소매,G20404,슈퍼마켓,영월군,51750360,주천면,주천면,강원특별자치도 영월군 주천면 금마리 878-2,강원특별자치도 영월군 주천면 송학주천로 901,128.240461413832,37.2357811635809
MA010120220804674730,업소명없음,,G2,소매,G204,종합 소매,G20404,슈퍼마켓,영월군,51750360,주천면,주천면,강원특별자치도 영월군 주천면 주천리 1254-3,강원특별자치도 영월군 주천면 주천로58번길 41,128.268983942122,37.2708155228079
MA010120220804674741,삼성슈퍼마켓,,G2,소매,G204,종합 소매,G20404,슈퍼마켓,영월군,51750360,주천면,주천면,강원특별자치도 영월군 주천면 주천리 1236-2,강원특별자치도 영월군 주천면 주천로 82,128.267792545198,37.2703597788687
MA010120220804674833,주천소머리국밥,,I2,음식,I201,한식,I20102,국/탕/찌개류,영월군,51750360,주천면,주천면,강원특별자치도 영월군 주천면 주천리 1235-8,강원특별자치도 영월군 주천면 주천시장길 19,128.267028028128,37.2704850924599
MA010120220804674869,주천떡메매운탕,,I2,음식,I201,한식,I20112,해산물 구이/찜,영월군,51750360,주천면,주천면,강원특별자치도 영월군 주천면 주천리 1175-3,강원특별자치도 영월군 주천면 고가옥길 23,128.264113429754,37.2701288324513
MA010120220804675001,속성사,,M1,과학·기술,M113,사진 촬영,M11301,사진촬영업,영월군,51750360,주천면,주천면,강원특별자치도 영월군 주천면 주천리 1264-1,강원특별자치도 영월군 주천면 주천로84번길 5,128.268155205806,37.2704730216434
MA010120220804675099,주천약국,,G2,소매,G215,의약·화장품 소매,G21501,약국,영월군,51750360,주천면,주천면,강원특별자치도 영월군 주천면 주천리 1239-6,강원특별자치도 영월군 주천면 주천로 85-1,128.267959112658,37.2708805641504
MA010120220804675430,페리카나치킨,,I2,음식,I210,기타 간이,I21006,치킨,영월군,51750360,주천면,주천면,강원특별자치도 영월군 주천면 주천리 1256-1,강원특별자치도 영월군 주천면 주천로 88-1,128.268342203879,37.2708674500278
MA010120220804675637,주천찐빵왕족발,,I2,음식,I210,기타 간이,I21007,김밥/만두/분식,영월군,51750360,주천면,주천면,강원특별자치도 영월군 주천면 주천리 1142-6,강원특별자치도 영월군 주천면 주천로 67-1,128.266744675701,37.2697222904881
MA010120220804675799,제천식당,,I2,음식,I201,한식,I20105,국수/칼국수,영월군,51750360,주천면,주천면,강원특별자치도 영월군 주천면 주천리 1144-1,강원특별자치도 영월군 주천면 주천로 73,128.26707683815,37.2700340790247
MA010120220804675803,정든강변,,G2,소매,G204,종합 소매,G20404,슈퍼마켓,영월군,51750360,주천면,주천면,강원특별자치도 영월군 주천면 주천리 152-12,강원특별자치도 영월군 주천면 금용강변로 3,128.296518537126,37.2493440852522
MA010120220804675804,원국철물건재,,G2,소매,G210,철물·건설자재 소매,G21001,철물/공구 소매업,영월군,51750360,주천면,주천면,강원특별자치도 영월군 주천면 주천리 887-34,강원특별자치도 영월군 주천면 송학주천로 1429,128.269904599606,37.2705894135663
MA010120220804675981,소망민속집,,I2,음식,I201,한식,I20101,백반/한정식,영월군,51750360,주천면,주천면,강원특별자치도 영월군 주천면 주천리 1380-1,강원특별자치도 영월군 주천면 주천로 111,128.269845746932,37.2724550765937
MA010120220804676089,또래오래치킨피자주천점,,I2,음식,I210,기타 간이,I21006,치킨,영월군,51750360,주천면,주천면,강원특별자치도 영월군 주천면 주천리 1265-2,강원특별자치도 영월군 주천면 주천로 84,128.268067751355,37.2706361352872
MA010120220804676427,홈마트,,G2,소매,G204,종합 소매,G20404,슈퍼마켓,영월군,51750360,주천면,주천면,강원특별자치도 영월군 주천면 주천리 1242-18,강원특별자치도 영월군 주천면 주천로 97,128.268918042648,37.2715910734565
MA010120220804676695,종합할인매장,,G2,소매,G209,섬유·의복·신발 소매,G20905,기타 의류 소매업,영월군,51750360,주천면,주천면,강원특별자치도 영월군 주천면 주천리 1241-11,강원특별자치도 영월군 주천면 주천로 89,128.268302859383,37.2712102446486
MA010120220804676859,중앙건강원,,G2,소매,G205,식료품 소매,G20508,건강보조식품 소매업,영월군,51750360,주천면,주천면,강원특별자치도 영월군 주천면 주천리 1254-1,강원특별자치도 영월군 주천면 주천로 92-1,128.268840583448,37.2710062657717
MA010120220804676921,주천건강원,,G2,소매,G205,식료품 소매,G20508,건강보조식품 소매업,영월군,51750360,주천면,주천면,강원특별자치도 영월군 주천면 주천리 667-13,강원특별자치도 영월군 주천면 주천로 65,128.266469930416,37.2694729554188
MA010120220804677370,다하누유정점,,I2,음식,I201,한식,I20107,돼지고기 구이/찜,영월군,51750360,주천면,주천면,강원특별자치도 영월군 주천면 주천리 1232-4,강원특별자치도 영월군 주천면 주천시장길 42,128.266894024485,37.2712343417055
MA010120220804677548,다하누석류점,,I2,음식,I201,한식,I20101,백반/한정식,영월군,51750360,주천면,주천면,강원특별자치도 영월군 주천면 주천리 1232-4,강원특별자치도 영월군 주천면 주천시장길 28,128.267127714447,37.2710516439193
MA010120220804677571,소망건축사사무소,,M1,과학·기술,M109,기술 서비스,M10901,건축 설계 및 관련 서비스업,영월군,51750360,주천면,주천면,강원특별자치도 영월군 주천면 주천리 1239-8,강원특별자치도 영월군 주천면 주천로 83-1,128.267743890361,37.2708198006993
MA010120220804677619,돈사랑순대국,,I2,음식,I201,한식,I20101,백반/한정식,영월군,51750360,주천면,주천면,강원특별자치도 영월군 주천면 주천리 1227-5,강원특별자치도 영월군 주천면 주천로89번길 3,128.267863860212,37.2712509869656
MA010120220804677828,풍년뜰,,I2,음식,I201,한식,I20101,백반/한정식,영월군,51750360,주천면,주천면,강원특별자치도 영월군 주천면 주천리 899-7,강원특별자치도 영월군 주천면 도천길 29,128.264542868621,37.2715387873444
MA010120220804678275,댕기머리,,S2,수리·개인,S207,이용·미용,S20701,미용실,영월군,51750360,주천면,주천면,강원특별자치도 영월군 주천면 주천리 1256-10,강원특별자치도 영월군 주천면 주천로 88,128.268261789843,37.2707782134864
MA010120220804678309,조견당,,I1,숙박,I101,일반 숙박,I10103,펜션,영월군,51750360,주천면,주천면,강원특별자치도 영월군 주천면 주천리 1196-1,강원특별자치도 영월군 주천면 고가옥길 27,128.264147421006,37.2708132158773
MA010120220804678354,형제슈퍼,,G2,소매,G204,종합 소매,G20404,슈퍼마켓,영월군,51750360,주천면,주천면,강원특별자치도 영월군 주천면 주천리 1241-11,강원특별자치도 영월군 주천면 주천로 89,128.268302859383,37.2712102446486
MA010120220804678450,한진전기,,G2,소매,G212,기타 생활용품 소매,G21201,전기용품/조명장치 소매업,영월군,51750360,주천면,주천면,강원특별자치도 영월군 주천면 주천리 1396-1,강원특별자치도 영월군 주천면 주천로89번길 34-1,128.265803789399,37.2734534107792
MA010120220804678505,영광기업,,N1,시설관리·임대,N102,청소·방제,N10202,"산업설비, 운송장비 및 공공장소 청소업",영월군,51750360,주천면,주천면,강원특별자치도 영월군 주천면 용석리 1550-21,강원특별자치도 영월군 주천면 용수골길 155,128.262999307166,37.2229831321154
MA010120220804678536,본토뼈다귀해장국,,I2,음식,I201,한식,I20101,백반/한정식,영월군,51750360,주천면,주천면,강원특별자치도 영월군 주천면 주천리 1267-2,강원특별자치도 영월군 주천면 주천로76번길 6-1,128.268031760611,37.2698346470215
MA010120220804678724,산장여관,,I1,숙박,I101,일반 숙박,I10102,여관/모텔,영월군,51750360,주천면,주천면,강원특별자치도 영월군 주천면 주천리 1227-9,강원특별자치도 영월군 주천면 주천로89번길 7,128.267720044698,37.2714147040298
MA010120220804678731,삼성카포스,,S2,수리·개인,S203,자동차 수리·세차,S20301,자동차 정비소,영월군,51750360,주천면,주천면,강원특별자치도 영월군 주천면 주천리 1267-18,강원특별자치도 영월군 주천면 주천로58번길 13,128.267460872973,37.2687325534178
MA010120220804678732,에덴문구,,G2,소매,G213,오락용품 소매,G21302,문구/회화용품 소매업,영월군,51750360,주천면,주천면,강원특별자치도 영월군 주천면 주천리 1256-9,강원특별자치도 영월군 주천면 주천로 86,128.268181224887,37.270679968687
MA010120220804678744,한일전기,,G2,소매,G212,기타 생활용품 소매,G21201,전기용품/조명장치 소매업,영월군,51750360,주천면,주천면,강원특별자치도 영월군 주천면 주천리 1256-10,강원특별자치도 영월군 주천면 주천로 88,128.268261789843,37.2707782134864
MA010120220804678745,목련양품,,G2,소매,G209,섬유·의복·신발 소매,G20902,여성 의류 소매업,영월군,51750360,주천면,주천면,강원특별자치도 영월군 주천면 주천리 1148-5,강원특별자치도 영월군 주천면 도천길 5-3,128.266753731899,37.270262782761
MA010120220804678746,한국전자,,G2,소매,G208,가전·통신 소매,G20803,가전제품 소매업,영월군,51750360,주천면,주천면,강원특별자치도 영월군 주천면 주천리 1144-4,강원특별자치도 영월군 주천면 주천로 67,128.266675083654,37.2696059075526
MA010120220804678748,창성미용실,,S2,수리·개인,S207,이용·미용,S20701,미용실,영월군,51750360,주천면,주천면,강원특별자치도 영월군 주천면 주천리 1142-2,강원특별자치도 영월군 주천면 주천로 72,128.267297893339,37.2697704277713
MA010120220804678763,주천낚시,백화점,G2,소매,G213,오락용품 소매,G21306,장난감 소매업,영월군,51750360,주천면,주천면,강원특별자치도 영월군 주천면 주천리 1265-5,강원특별자치도 영월군 주천면 주천로84번길 1,128.268010636912,37.2705916980475
MA010120220804678772,신일카포스,,S2,수리·개인,S203,자동차 수리·세차,S20301,자동차 정비소,영월군,51750360,주천면,주천면,강원특별자치도 영월군 주천면 신일리 106-3,강원특별자치도 영월군 주천면 주천로 23-1,128.264608760749,37.2660420910054
MA010120220804678785,화신미용실,,S2,수리·개인,S207,이용·미용,S20701,미용실,영월군,51750360,주천면,주천면,강원특별자치도 영월군 주천면 주천리 1228-4,강원특별자치도 영월군 주천면 주천시장길 36-2,128.267088213375,37.2713854300286
MA010120220804678788,딩동댕노래연습장,,R1,예술·스포츠,R104,유원지·오락,R10407,노래방,영월군,51750360,주천면,주천면,강원특별자치도 영월군 주천면 주천리 1239-4,강원특별자치도 영월군 주천면 주천로 87,128.267905019674,37.2710162908442
MA010120220804678794,태봉수퍼,,G2,소매,G204,종합 소매,G20404,슈퍼마켓,영월군,51750360,주천면,주천면,강원특별자치도 영월군 주천면 주천리 1352-1,강원특별자치도 영월군 주천면 송학주천로 1448,128.270470169601,37.272042934466
MA010120220804678802,주천지업사,,G2,소매,G210,철물·건설자재 소매,G21002,벽지/장판/마루 소매업,영월군,51750360,주천면,주천면,강원특별자치도 영월군 주천면 주천리 1239-5,강원특별자치도 영월군 주천면 주천로 87-1,128.268119487127,37.2710320129968
MA010120220804678804,혁신슈퍼마켓,,G2,소매,G204,종합 소매,G20404,슈퍼마켓,영월군,51750360,주천면,주천면,강원특별자치도 영월군 주천면 주천리 1258-1,강원특별자치도 영월군 주천면 주천로84번길 13,128.268546241316,37.2702616057758
MA010120220804678819,수희미용실,,S2,수리·개인,S207,이용·미용,S20701,미용실,영월군,51750360,주천면,주천면,강원특별자치도 영월군 주천면 주천리 1266-7,강원특별자치도 영월군 주천면 주천로84번길 8,128.268070712834,37.2701405635702
MA010120220804678821,판운식당,,I2,음식,I201,한식,I20101,백반/한정식,영월군,51750360,주천면,주천면,강원특별자치도 영월군 주천면 판운리 1364-2,강원특별자치도 영월군 주천면 송학주천로 2113,128.323326443376,37.2928619563395
MA010120220804678853,초원가든,,I2,음식,I201,한식,I20111,횟집,영월군,51750360,주천면,주천면,강원특별자치도 영월군 주천면 주천리 446,강원특별자치도 영월군 주천면 서강로 145-3,128.285008015019,37.265741314851
MA010120220804679125,산우리재래돼지영월점주천,,I2,음식,I201,한식,I20107,돼지고기 구이/찜,영월군,51750360,주천면,주천면,강원특별자치도 영월군 주천면 주천리 884-1,강원특별자치도 영월군 주천면 서강로 80,128.278124309546,37.2679872063648
MA010120220804679160,강원부동산공인중개사사무소,,L1,부동산,L102,부동산 서비스,L10203,부동산 중개/대리업,영월군,51750360,주천면,주천면,강원특별자치도 영월군 주천면 주천리 1264-1,강원특별자치도 영월군 주천면 주천로84번길 5,128.268155205806,37.2704730216434
MA010120220804679468,장애인의집녹지원,,G2,소매,G204,종합 소매,G20404,슈퍼마켓,영월군,51750360,주천면,주천면,강원특별자치도 영월군 주천면 신일리 1490,강원특별자치도 영월군 주천면 나래실길 211-92,128.225745397519,37.2483590653823
MA010120220804679522,처갓집양념치킨주천점,,I2,음식,I210,기타 간이,I21006,치킨,영월군,51750360,주천면,주천면,강원특별자치도 영월군 주천면 주천리 1265-6,강원특별자치도 영월군 주천면 주천로84번길 1,128.268010636912,37.2705916980475
MA010120220804679553,다하누주천,광장점,I2,음식,I201,한식,I20107,돼지고기 구이/찜,영월군,51750360,주천면,주천면,강원특별자치도 영월군 주천면 주천리 897-98,강원특별자치도 영월군 주천면 도천길 22,128.265487299309,37.271384536905
MA010120220804679751,커피갤러리,,I2,음식,I212,비알코올 ,I21201,카페,영월군,51750360,주천면,주천면,강원특별자치도 영월군 주천면 주천리 1144-1,강원특별자치도 영월군 주천면 주천로 73,128.26707683815,37.2700340790247
MA010120220804679796,삼성측량설계사무소,,M1,과학·기술,M109,기술 서비스,M10903,건물 및 토목 엔지니어링 서비스업,영월군,51750360,주천면,주천면,강원특별자치도 영월군 주천면 주천리 1264-1,강원특별자치도 영월군 주천면 주천로84번길 5,128.268155205806,37.2704730216434
MA010120220804679898,주천닭집,,G2,소매,G205,식료품 소매,G20503,정육점,영월군,51750360,주천면,주천면,강원특별자치도 영월군 주천면 주천리 1258-1,강원특별자치도 영월군 주천면 주천로84번길 13,128.268546241316,37.2702616057758
MA010120220804680541,주천종합가스,,G2,소매,G214,연료 소매,G21403,가정용 연료 소매업,영월군,51750360,주천면,주천면,강원특별자치도 영월군 주천면 주천리 888,강원특별자치도 영월군 주천면 주천로84번길 33,128.269393666995,37.2697029220798
MA010120220804693608,금마4리생태마을,,R1,예술·스포츠,R104,유원지·오락,R10499,기타 오락관련 서비스업,영월군,51750360,주천면,주천면,강원특별자치도 영월군 주천면 금마리 91,강원특별자치도 영월군 주천면 바둑골길 11-77,128.286670934627,37.2541546479655
MA010120220804693690,미래건설,,M1,과학·기술,M109,기술 서비스,M10901,건축 설계 및 관련 서비스업,영월군,51750360,주천면,주천면,강원특별자치도 영월군 주천면 주천리 1242-8,강원특별자치도 영월군 주천면 주천로 93-2,128.268735726287,37.271475900181
MA010120220804694743,코세스,코리아,I1,숙박,I102,기타 숙박,I10299,그 외 기타 숙박업,영월군,51750360,주천면,주천면,강원특별자치도 영월군 주천면 용석리 1281-1,강원특별자치도 영월군 주천면 황산벌길 186,128.277819914116,37.2192652366521
MA010120220804711765,하림각,,I2,음식,I202,중식,I20201,중국집,영월군,51750360,주천면,주천면,강원특별자치도 영월군 주천면 주천리 1142-12,강원특별자치도 영월군 주천면 주천로72번길 6,128.267125194729,37.2695560409349
MA010120220804791361,든해,,I2,음식,I212,비알코올 ,I21201,카페,영월군,51750360,주천면,주천면,강원특별자치도 영월군 주천면 판운리 92-11,강원특별자치도 영월군 주천면 평창강로 241,128.345764733273,37.3002851861342
MA010120220804801110,한우마을숯불구이,,I2,음식,I201,한식,I20107,돼지고기 구이/찜,영월군,51750360,주천면,주천면,강원특별자치도 영월군 주천면 주천리 1137-8,강원특별자치도 영월군 주천면 주천로 63-1,128.266446179972,37.2694011309623
MA010120220804922898,술샘맛집,,I2,음식,I201,한식,I20101,백반/한정식,영월군,51750360,주천면,주천면,강원특별자치도 영월군 주천면 주천리 601-2,강원특별자치도 영월군 주천면 무릉법흥로 2,128.276746074857,37.2798319536564
MA010120220804928919,다래장모텔,,I1,숙박,I101,일반 숙박,I10102,여관/모텔,영월군,51750360,주천면,주천면,강원특별자치도 영월군 주천면 주천리 1333-1,강원특별자치도 영월군 주천면 주천로84번길 19,128.268858977421,37.2700870672572
MA010120220804962202,물레방아맛집,,I2,음식,I201,한식,I20101,백반/한정식,영월군,51750360,주천면,주천면,강원특별자치도 영월군 주천면 주천리 1266-12,강원특별자치도 영월군 주천면 주천로84번길 10,128.268128129167,37.2702030171888
MA010120220804994084,행복이피어나는카페,,I2,음식,I212,비알코올 ,I21201,카페,영월군,51750360,주천면,주천면,강원특별자치도 영월군 주천면 주천리 1335,강원특별자치도 영월군 주천면 주천로84번길 22,128.268696638375,37.2698185128065
MA010120220805058895,아침치커피&빵,,I2,음식,I212,비알코올 ,I21201,카페,영월군,51750360,주천면,주천면,강원특별자치도 영월군 주천면 주천리 558,강원특별자치도 영월군 주천면 송학주천로 1768-3,128.299175135311,37.2793356072959
MA010120220805202117,번창,,L1,부동산,L102,부동산 서비스,L10203,부동산 중개/대리업,영월군,51750360,주천면,주천면,강원특별자치도 영월군 주천면 금마리 1026,강원특별자치도 영월군 주천면 사기막길 47,128.235630021126,37.2338855409781
MA010120220805202203,맛집하나로~,,I2,음식,I201,한식,I20107,돼지고기 구이/찜,영월군,51750360,주천면,주천면,강원특별자치도 영월군 주천면 주천리 888-7,강원특별자치도 영월군 주천면 서강로 11,128.271066565875,37.2699642743265
MA010120220805210708,박가네속초횟집,,I2,음식,I201,한식,I20111,횟집,영월군,51750360,주천면,주천면,강원특별자치도 영월군 주천면 주천리 886-2,강원특별자치도 영월군 주천면 송학주천로 1435-2,128.270144413111,37.2714427729382
MA010120220805217232,망산1번지공인중개사사무소,,L1,부동산,L102,부동산 서비스,L10203,부동산 중개/대리업,영월군,51750360,주천면,주천면,강원특별자치도 영월군 주천면 신일리 281,강원특별자치도 영월군 주천면 솔치로 724,128.257740585399,37.2658720004588
MA010120220805487749,코알라숲,,I1,숙박,I101,일반 숙박,I10103,펜션,영월군,51750360,주천면,주천면,강원특별자치도 영월군 주천면 도천리 309-2,강원특별자치도 영월군 주천면 밧도내길 11-45,128.235679531106,37.2921067313374
MA010120220805500733,한반도가스,,G2,소매,G214,연료 소매,G21402,가스 충전소,영월군,51750360,주천면,주천면,강원특별자치도 영월군 주천면 신일리 286-2,강원특별자치도 영월군 주천면 솔치로 698,128.256000495192,37.267665413815
MA010120220805720203,길성다방,,I2,음식,I212,비알코올 ,I21201,카페,영월군,51750360,주천면,주천면,강원특별자치도 영월군 주천면 주천리 1266-3,강원특별자치도 영월군 주천면 주천로84번길 8,128.268070712834,37.2701405635702
MA010120220805725168,춘하추동,,I2,음식,I201,한식,I20101,백반/한정식,영월군,51750360,주천면,주천면,강원특별자치도 영월군 주천면 주천리 1373-7,강원특별자치도 영월군 주천면 송학주천로 1485,128.271633166249,37.2754992226399
MA010120220805729095,병천복순대·감자탕,,I2,음식,I201,한식,I20101,백반/한정식,영월군,51750360,주천면,주천면,강원특별자치도 영월군 주천면 주천리 887-2,강원특별자치도 영월군 주천면 송학주천로 1433,128.27002488398,37.2710386138194
MA010120220805840495,주천반점,,I2,음식,I202,중식,I20201,중국집,영월군,51750360,주천면,주천면,강원특별자치도 영월군 주천면 주천리 1254-1,강원특별자치도 영월군 주천면 주천로 92-1,128.268840583448,37.2710062657717
MA010120220805842014,아이모드니,,G2,소매,G209,섬유·의복·신발 소매,G20902,여성 의류 소매업,영월군,51750360,주천면,주천면,강원특별자치도 영월군 주천면 도천리 561,강원특별자치도 영월군 주천면 비산길 112,128.228669415523,37.2875126288786
MA010120220806178917,금강부동산공인중개사사무소,,L1,부동산,L102,부동산 서비스,L10203,부동산 중개/대리업,영월군,51750360,주천면,주천면,강원특별자치도 영월군 주천면 주천리 1377-3,강원특별자치도 영월군 주천면 송학주천로 1459,128.27049091082,37.2732770561469
MA010120220806607694,지섭테크,,G2,소매,G209,섬유·의복·신발 소매,G20902,여성 의류 소매업,영월군,51750360,주천면,주천면,강원특별자치도 영월군 주천면 주천리 1144-1,강원특별자치도 영월군 주천면 주천로 73,128.26707683815,37.2700340790247
MA010120220806654047,글라스아하,,P1,교육,P106,기타 교육,P10625,기타 기술/직업 훈련학원,영월군,51750360,주천면,주천면,강원특별자치도 영월군 주천면 주천리 1256-9,강원특별자치도 영월군 주천면 주천로 86,128.268181224887,37.270679968687
MA010120220806703764,강유관,,P1,교육,P106,기타 교육,P10601,태권도/무술학원,영월군,51750360,주천면,주천면,강원특별자치도 영월군 주천면 주천리 1261-1,강원특별자치도 영월군 주천면 주천로58번길 29,128.268529074744,37.2699104068445
MA010120220806722210,그린농원,,G2,소매,G219,식물 소매,G21901,꽃집,영월군,51750360,주천면,주천면,강원특별자치도 영월군 주천면 주천리 1137-9,강원특별자치도 영월군 주천면 주천로 64,128.266646352566,37.2692368123511
MA010120220806735510,맨땅,,G2,소매,G204,종합 소매,G20499,그 외 기타 종합 소매업,영월군,51750360,주천면,주천면,강원특별자치도 영월군 주천면 신일리 412-1,강원특별자치도 영월군 주천면 솔치로 665,128.253005508207,37.2699315935737
MA010120220806857891,마루펜션캠핑장,,I1,숙박,I101,일반 숙박,I10104,캠핑/글램핑,영월군,51750360,주천면,주천면,강원특별자치도 영월군 주천면 판운리 90-7,강원특별자치도 영월군 주천면 평창강로 249-58,128.344228003522,37.2982214116571
MA010120220806932169,판운쉼터,,G2,소매,G204,종합 소매,G20404,슈퍼마켓,영월군,51750360,주천면,주천면,강원특별자치도 영월군 주천면 판운리 488-3,강원특별자치도 영월군 주천면 송학주천로 2141,128.325367666239,37.2947942244373
MA010120220807029023,더로드,,G2,소매,G204,종합 소매,G20404,슈퍼마켓,영월군,51750360,주천면,주천면,강원특별자치도 영월군 주천면 주천리 888-2,강원특별자치도 영월군 주천면 송학주천로 1423,128.269917761555,37.2700306637416
MA010120220807110334,주천주유소,,G2,소매,G214,연료 소매,G21401,주유소,영월군,51750360,주천면,주천면,강원특별자치도 영월군 주천면 주천리 1357,강원특별자치도 영월군 주천면 송학주천로 1462,128.270896406404,37.2732546833725
MA010120220807371663,술샘짬뽕타운,,I2,음식,I202,중식,I20201,중국집,영월군,51750360,주천면,주천면,강원특별자치도 영월군 주천면 주천리 1261-1,강원특별자치도 영월군 주천면 주천로58번길 29,128.268529074744,37.2699104068445
MA010120220808023107,바다양푼이동태탕찜주천점,,I2,음식,I201,한식,I20112,해산물 구이/찜,영월군,51750360,주천면,주천면,강원특별자치도 영월군 주천면 주천리 1268-1,강원특별자치도 영월군 주천면 주천로58번길 27,128.268345856332,37.2697411836556
MA010120220808038661,고기저장고정육식당,,I2,음식,I201,한식,I20107,돼지고기 구이/찜,영월군,51750360,주천면,주천면,강원특별자치도 영월군 주천면 주천리 1270-1,강원특별자치도 영월군 주천면 주천로58번길 28-1,128.26860449995,37.2697023726851
MA010120220808061296,예그리나숲,,I2,음식,I201,한식,I20101,백반/한정식,영월군,51750360,주천면,주천면,강원특별자치도 영월군 주천면 판운리 909,강원특별자치도 영월군 주천면 중선로 609-4,128.307611464183,37.3439505180425
MA010120220808064187,엄니밥상,,I2,음식,I201,한식,I20101,백반/한정식,영월군,51750360,주천면,주천면,강원특별자치도 영월군 주천면 주천리 897-39,강원특별자치도 영월군 주천면 도천길 18,128.265821233577,37.2711286913496
MA010120220808345118,파주식당,,I2,음식,I201,한식,I20101,백반/한정식,영월군,51750360,주천면,주천면,강원특별자치도 영월군 주천면 주천리 1241-11,강원특별자치도 영월군 주천면 주천로 89,128.268302859383,37.2712102446486
MA010120220808447153,솔치미군용품,,G2,소매,G222,중고 상품 소매,G22201,중고 상품 소매업,영월군,51750360,주천면,주천면,강원특별자치도 영월군 주천면 신일리 286-6,강원특별자치도 영월군 주천면 솔치로 702,128.256312951294,37.2674728915474
MA010120220808482933,지순농장,,G2,소매,G204,종합 소매,G20404,슈퍼마켓,영월군,51750360,주천면,주천면,강원특별자치도 영월군 주천면 도천리 161-4,강원특별자치도 영월군 주천면 도천길 315-12,128.24386827379,37.2832994451826
MA010120220808609025,당구클럽,,R1,예술·스포츠,R103,스포츠 서비스,R10310,당구장,영월군,51750360,주천면,주천면,강원특별자치도 영월군 주천면 주천리 1239-5,강원특별자치도 영월군 주천면 주천로 87-1,128.268119487127,37.2710320129968
MA010120220808620251,주천스크린골프,,R1,예술·스포츠,R103,스포츠 서비스,R10311,골프 연습장,영월군,51750360,주천면,주천면,강원특별자치도 영월군 주천면 주천리 887-2,강원특별자치도 영월군 주천면 송학주천로 1433,128.27002488398,37.2710386138194
MA010120220808732212,한반도농업협동조합주유소,,G2,소매,G214,연료 소매,G21401,주유소,영월군,51750360,주천면,주천면,강원특별자치도 영월군 주천면 신일리 96-1,강원특별자치도 영월군 주천면 송학주천로 1367,128.266985608867,37.265935586306
MA010120220808801101,석류다방,,I2,음식,I212,비알코올 ,I21201,카페,영월군,51750360,주천면,주천면,강원특별자치도 영월군 주천면 주천리 1137-5,강원특별자치도 영월군 주천면 주천로 66,128.266692344503,37.2692903791186
MA010120220809131848,깔끔푸드,,G2,소매,G205,식료품 소매,G20506,채소/과일 소매업,영월군,51750360,주천면,주천면,강원특별자치도 영월군 주천면 신일리 1656,강원특별자치도 영월군 주천면 송학주천로 1119,128.24794170431,37.2520554862968
MA010120220809193296,경부전기,,S2,수리·개인,S205,가전제품 수리,S20501,가전제품 수리업,영월군,51750360,주천면,주천면,강원특별자치도 영월군 주천면 신일리 429-1,강원특별자치도 영월군 주천면 솔치로 694,128.254691965034,37.267616222088
MA010120220809230849,드림종합인테리어,,M1,과학·기술,M112,전문 디자인,M11201,인테리어 디자인업,영월군,51750360,주천면,주천면,강원특별자치도 영월군 주천면 주천리 209-4,강원특별자치도 영월군 주천면 서강로 306,128.296338082678,37.2552565015331
MA010120220809488433,맥가이버수리센터,,S2,수리·개인,S205,가전제품 수리,S20501,가전제품 수리업,영월군,51750360,주천면,주천면,강원특별자치도 영월군 주천면 판운리 514-4,강원특별자치도 영월군 주천면 중선로 12,128.325721731125,37.2956912311586
MA010120220810007943,법인조견당,,R1,예술·스포츠,R104,유원지·오락,R10499,기타 오락관련 서비스업,영월군,51750360,주천면,주천면,강원특별자치도 영월군 주천면 주천리 1196-1,강원특별자치도 영월군 주천면 고가옥길 27,128.264147421006,37.2708132158773
MA010120220810143952,주천다방,,I2,음식,I212,비알코올 ,I21201,카페,영월군,51750360,주천면,주천면,강원특별자치도 영월군 주천면 주천리 1236-2,강원특별자치도 영월군 주천면 주천로 82,128.267792545198,37.2703597788687
MA010120220810210548,주천광고,,M1,과학·기술,M114,인쇄·제품제작,M11401,명함/간판/광고물 제작,영월군,51750360,주천면,주천면,강원특별자치도 영월군 주천면 주천리 1267-10,강원특별자치도 영월군 주천면 주천로58번길 17,128.267836609489,37.2689537750963
MA010120220810217047,한반도농업협동조합하나로마트사업소,,G2,소매,G204,종합 소매,G20404,슈퍼마켓,영월군,51750360,주천면,주천면,강원특별자치도 영월군 주천면 주천리 888-7,강원특별자치도 영월군 주천면 서강로 11,128.271066565875,37.2699642743265
MA010120220810257682,싱싱수산,,G2,소매,G205,식료품 소매,G20505,수산물 소매업,영월군,51750360,주천면,주천면,강원특별자치도 영월군 주천면 주천리 1267-18,강원특별자치도 영월군 주천면 주천로 68,128.267064307382,37.2692863980982
MA010120220810389863,산꼴건강원,,G2,소매,G205,식료품 소매,G20508,건강보조식품 소매업,영월군,51750360,주천면,주천면,강원특별자치도 영월군 주천면 판운리 488-2,강원특별자치도 영월군 주천면 송학주천로 2137,128.325054332501,37.2949328792051
MA010120220810536141,더로드1423,,I2,음식,I212,비알코올 ,I21201,카페,영월군,51750360,주천면,주천면,강원특별자치도 영월군 주천면 주천리 888-2,강원특별자치도 영월군 주천면 송학주천로 1419,128.269891132766,37.2697876843663
MA010120220810587812,엘솔,,I1,숙박,I101,일반 숙박,I10103,펜션,영월군,51750360,주천면,주천면,강원특별자치도 영월군 주천면 판운리 426-9,강원특별자치도 영월군 주천면 장충동길 242,128.330169530681,37.2831358129059
MA010120220811079137,치유농업경영연구원,,P1,교육,P107,교육 지원,P10799,기타 교육지원 서비스업,영월군,51750360,주천면,주천면,강원특별자치도 영월군 주천면 도천리 288,강원특별자치도 영월군 주천면 비산길 16,128.23751109245,37.2910154251424
MA010120220811194458,신이내린족발과보쌈영월점,,I2,음식,I201,한식,I20103,족발/보쌈,영월군,51750360,주천면,주천면,강원특별자치도 영월군 주천면 주천리 887-2,강원특별자치도 영월군 주천면 송학주천로 1433,128.27002488398,37.2710386138194
MA010120220811223044,행운낚시터가든,,I2,음식,I201,한식,I20101,백반/한정식,영월군,51750360,주천면,주천면,강원특별자치도 영월군 주천면 판운리 687-9,강원특별자치도 영월군 주천면 중선로 156,128.323737629476,37.3079576506536
MA010120220811327362,오케이능이마을,,I2,음식,I201,한식,I20101,백반/한정식,영월군,51750360,주천면,주천면,강원특별자치도 영월군 주천면 주천리 1461-5,강원특별자치도 영월군 주천면 송학주천로 1507,128.273103660912,37.2771231996215
MA010120220811388143,준이용원,,S2,수리·개인,S207,이용·미용,S20701,미용실,영월군,51750360,주천면,주천면,강원특별자치도 영월군 주천면 주천리 1396-2,강원특별자치도 영월군 주천면 주천로89번길 38,128.265533255907,37.2734563035767
MA010120220811514283,주천카,,S2,수리·개인,S203,자동차 수리·세차,S20301,자동차 정비소,영월군,51750360,주천면,주천면,강원특별자치도 영월군 주천면 주천리 38-1,강원특별자치도 영월군 주천면 서강로 475-4,128.301393581693,37.243803616648
MA010120220811736369,법인보보스캇관광농원,,I1,숙박,I101,일반 숙박,I10103,펜션,영월군,51750360,주천면,주천면,강원특별자치도 영월군 주천면 판운리 463-5,강원특별자치도 영월군 주천면 미다리길 50-24,128.326331543353,37.2912426016172
MA010120220812009215,주천묵집,,I2,음식,I201,한식,I20101,백반/한정식,영월군,51750360,주천면,주천면,강원특별자치도 영월군 주천면 신일리 162-2,강원특별자치도 영월군 주천면 송학주천로 1282-11,128.261133971954,37.2604750446877
MA010120220812115682,법인용석들꽃,,R1,예술·스포츠,R104,유원지·오락,R10499,기타 오락관련 서비스업,영월군,51750360,주천면,주천면,강원특별자치도 영월군 주천면 용석리 1085-2,강원특별자치도 영월군 주천면 금용길 393,128.278497095283,37.2313491782331
MA010120220812143990,다래지업사,,G2,소매,G210,철물·건설자재 소매,G21002,벽지/장판/마루 소매업,영월군,51750360,주천면,주천면,강원특별자치도 영월군 주천면 주천리 1333-1,강원특별자치도 영월군 주천면 주천로84번길 25,128.269084562879,37.2700936586838
MA010120220812157194,웰빙펜션,,I1,숙박,I101,일반 숙박,I10103,펜션,영월군,51750360,주천면,주천면,강원특별자치도 영월군 주천면 판운리 36-2,강원특별자치도 영월군 주천면 평창강모란길 11-30,128.350312927028,37.3042426863393
MA010120220812163726,선녀계곡농어촌민박,,I1,숙박,I101,일반 숙박,I10103,펜션,영월군,51750360,주천면,주천면,강원특별자치도 영월군 주천면 판운리 725,강원특별자치도 영월군 주천면 중선로 282,128.318736831641,37.3174106166719
MA010120220812250579,시장식당,,I2,음식,I201,한식,I20107,돼지고기 구이/찜,영월군,51750360,주천면,주천면,강원특별자치도 영월군 주천면 주천리 1232-11,강원특별자치도 영월군 주천면 주천시장길 30,128.266935488888,37.2710176622697
MA010120220812326930,브리즈,,I2,음식,I212,비알코올 ,I21201,카페,영월군,51750360,주천면,주천면,강원특별자치도 영월군 주천면 판운리 490,강원특별자치도 영월군 주천면 평창강로 7,128.326269677666,37.2947841186919
MA010120220812427410,든해,,I1,숙박,I101,일반 숙박,I10103,펜션,영월군,51750360,주천면,주천면,강원특별자치도 영월군 주천면 판운리 92-11,강원특별자치도 영월군 주천면 평창강로 241,128.345764733273,37.3002851861342
MA010120220812752214,휴심침향,,G2,소매,G215,의약·화장품 소매,G21503,화장품 소매업,영월군,51750360,주천면,주천면,강원특별자치도 영월군 주천면 용석리 890-1,강원특별자치도 영월군 주천면 황산벌길 157-6,128.28180394971,37.2210151474573
MA010120220812942788,지니뜰,,I1,숙박,I101,일반 숙박,I10103,펜션,영월군,51750360,주천면,주천면,강원특별자치도 영월군 주천면 판운리 941-4,강원특별자치도 영월군 주천면 중선로 695-4,128.306614697899,37.3508989787171
MA010120220813019207,손으로만드는세상,,P1,교육,P106,기타 교육,P10625,기타 기술/직업 훈련학원,영월군,51750360,주천면,주천면,강원특별자치도 영월군 주천면 판운리 757,강원특별자치도 영월군 주천면 중선로 448-16,128.316539038619,37.3304541013858
MA010120220813021700,서울식당,,I2,음식,I201,한식,I20101,백반/한정식,영월군,51750360,주천면,주천면,강원특별자치도 영월군 주천면 주천리 1271-2,강원특별자치도 영월군 주천면 주천로58번길 24,128.268373475069,37.269371485136
MA010120220813073799,다그린,,I1,숙박,I101,일반 숙박,I10104,캠핑/글램핑,영월군,51750360,주천면,주천면,강원특별자치도 영월군 주천면 판운리 474-1,강원특별자치도 영월군 주천면 미다리길 58,128.326562255646,37.2915373368232
MA010120220813133950,유목정903,,I2,음식,I212,비알코올 ,I21201,카페,영월군,51750360,주천면,주천면,강원특별자치도 영월군 주천면 주천리 1134-1,강원특별자치도 영월군 주천면 주천로 61-1,128.266264023521,37.2692949618767
MA010120220813170401,아리아리숲속의야영장,,I1,숙박,I101,일반 숙박,I10104,캠핑/글램핑,영월군,51750360,주천면,주천면,강원특별자치도 영월군 주천면 신일리 1605-5,강원특별자치도 영월군 주천면 솔치로 240-70,128.212646723109,37.2636846259312
MA010120220813175313,주천자동셀프세차장,,S2,수리·개인,S203,자동차 수리·세차,S20302,자동차 세차장,영월군,51750360,주천면,주천면,강원특별자치도 영월군 주천면 주천리 1267-2,강원특별자치도 영월군 주천면 주천로76번길 6-1,128.268031760611,37.2698346470215
MA010120220813316226,토파즈모텔,,I1,숙박,I101,일반 숙박,I10102,여관/모텔,영월군,51750360,주천면,주천면,강원특별자치도 영월군 주천면 주천리 1134-3,강원특별자치도 영월군 주천면 주천로 61,128.266149497123,37.2691880691149
MA010120220813362325,포차카페,,I2,음식,I201,한식,I20101,백반/한정식,영월군,51750360,주천면,주천면,강원특별자치도 영월군 주천면 주천리 1235-8,강원특별자치도 영월군 주천면 주천시장길 19,128.267028028128,37.2704850924599
MA010120220813658787,메밀과전,,I2,음식,I210,기타 간이,I21099,그 외 기타 간이 음식점,영월군,51750360,주천면,주천면,강원특별자치도 영월군 주천면 주천리 400-4,강원특별자치도 영월군 주천면 주천로84번길 4,128.267883172482,37.2703858376186
MA010120220813667667,평창강가든,,I2,음식,I201,한식,I20101,백반/한정식,영월군,51750360,주천면,주천면,강원특별자치도 영월군 주천면 판운리 92-16,강원특별자치도 영월군 주천면 평창강로 235,128.345562129426,37.2996748304897
MA010120220813678078,들꽃민박,,I1,숙박,I101,일반 숙박,I10103,펜션,영월군,51750360,주천면,주천면,강원특별자치도 영월군 주천면 주천리 1196-2,강원특별자치도 영월군 주천면 주천강변길 28,128.263700440852,37.2703765074293
MA010120220813788121,맘·핸즈셀프빨래방주천점,,S2,수리·개인,S209,세탁,S20902,셀프 빨래방,영월군,51750360,주천면,주천면,강원특별자치도 영월군 주천면 주천리 887-2,강원특별자치도 영월군 주천면 송학주천로 1433,128.27002488398,37.2710386138194
MA010120220813926571,씨유영월주천,사거리점,G2,소매,G204,종합 소매,G20405,편의점,영월군,51750360,주천면,주천면,강원특별자치도 영월군 주천면 주천리 888-3,강원특별자치도 영월군 주천면 송학주천로 1420,128.270135477225,37.2695688271154
MA010120220814185181,박달재송어횟집바다횟집,,I2,음식,I201,한식,I20111,횟집,영월군,51750360,주천면,주천면,강원특별자치도 영월군 주천면 주천리 1130-4,강원특별자치도 영월군 주천면 주천로58번길 9,128.267201326097,37.2687173126153
MA010120220814221105,청슬재농장,,R1,예술·스포츠,R104,유원지·오락,R10499,기타 오락관련 서비스업,영월군,51750360,주천면,주천면,강원특별자치도 영월군 주천면 용석리 442-1,강원특별자치도 영월군 주천면 송학산로 261-14,128.292694465189,37.2220950812116
MA010120220814238164,GS25영월주천,,G2,소매,G204,종합 소매,G20405,편의점,영월군,51750360,주천면,주천면,강원특별자치도 영월군 주천면 주천리 886-3,강원특별자치도 영월군 주천면 송학주천로 1436-1,128.270470390126,37.2713852156884
MA010120220814267600,거안농장,,G2,소매,G205,식료품 소매,G20506,채소/과일 소매업,영월군,51750360,주천면,주천면,강원특별자치도 영월군 주천면 주천리 84,강원특별자치도 영월군 주천면 서강로 418-27,128.293398765318,37.244197557955
MA010120220814329507,벨라민박,,I1,숙박,I101,일반 숙박,I10103,펜션,영월군,51750360,주천면,주천면,강원특별자치도 영월군 주천면 판운리 200-7,강원특별자치도 영월군 주천면 평창강로 147-7,128.341359425959,37.2935508937211
MA010120220814331723,고기저장고정육식당,,I2,음식,I201,한식,I20107,돼지고기 구이/찜,영월군,51750360,주천면,주천면,강원특별자치도 영월군 주천면 주천리 888-2,강원특별자치도 영월군 주천면 송학주천로 1423,128.269917761555,37.2700306637416
MA0101202209A0033982,우드앤힐링스토리,,P1,교육,P106,기타 교육,P10625,기타 기술/직업 훈련학원,영월군,51750360,주천면,주천면,강원특별자치도 영월군 주천면 주천리 1261-1,강원특별자치도 영월군 주천면 주천로58번길 29,128.268529074744,37.2699104068445
MA0101202209A0076807,황금부동산컨설팅,,L1,부동산,L102,부동산 서비스,L10203,부동산 중개/대리업,영월군,51750360,주천면,주천면,강원특별자치도 영월군 주천면 주천리 1352-1,강원특별자치도 영월군 주천면 송학주천로 1448,128.270470169601,37.272042934466
MA0101202210A0043857,위드힐링캠핑장,,I1,숙박,I101,일반 숙박,I10104,캠핑/글램핑,영월군,51750360,주천면,주천면,강원특별자치도 영월군 주천면 판운리 460-7,강원특별자치도 영월군 주천면 미다리길 74,128.32733980593,37.2902222072266
MA0101202212A0019690,도토리민박,,I1,숙박,I101,일반 숙박,I10103,펜션,영월군,51750360,주천면,주천면,강원특별자치도 영월군 주천면 도천리 197-3,강원특별자치도 영월군 주천면 도천길 375,128.241057342211,37.2879059428182
MA0101202212A0033032,꽃가람민박,,I1,숙박,I101,일반 숙박,I10103,펜션,영월군,51750360,주천면,주천면,강원특별자치도 영월군 주천면 금마리 207-1,강원특별자치도 영월군 주천면 금용강변로 122-5,128.284961549219,37.2450913031333
MA0101202212A0044639,강변펜션,,I1,숙박,I101,일반 숙박,I10103,펜션,영월군,51750360,주천면,주천면,강원특별자치도 영월군 주천면 판운리 486-1,강원특별자치도 영월군 주천면 송학주천로 2125-14,128.324327035858,37.2946166703565
MA0101202212A0059605,미래아키텍트,,M1,과학·기술,M107,본사·경영 컨설팅,M10703,경영 컨설팅업,영월군,51750360,주천면,주천면,강원특별자치도 영월군 주천면 주천리 899-1,강원특별자치도 영월군 주천면 도천길 33,128.264241840227,37.2717402189518
MA0101202212A0084970,소풍Ⅱ,,I1,숙박,I101,일반 숙박,I10103,펜션,영월군,51750360,주천면,주천면,강원특별자치도 영월군 주천면 판운리 208-1,강원특별자치도 영월군 주천면 평창강로 123,128.33894238534,37.2927043231714
MA0101202212A0095892,힐링인더포레스트,,S2,수리·개인,S207,이용·미용,S20701,미용실,영월군,51750360,주천면,주천면,강원특별자치도 영월군 주천면 신일리 898,강원특별자치도 영월군 주천면 신흥동길 216-8,128.225248308633,37.2719430466487
MA0101202302A0035457,영월꿈꾸는농부민박,,I1,숙박,I101,일반 숙박,I10103,펜션,영월군,51750360,주천면,주천면,강원특별자치도 영월군 주천면 도천리 263-6,강원특별자치도 영월군 주천면 비산길 8,128.238359815984,37.291195753354
MA0101202302A0080191,힐링인더포레스트,,I1,숙박,I101,일반 숙박,I10104,캠핑/글램핑,영월군,51750360,주천면,주천면,강원특별자치도 영월군 주천면 신일리 900-1,강원특별자치도 영월군 주천면 신흥동길 212,128.225674314452,37.2717944785352
MA0101202302A0082011,미래BF인증,,M1,과학·기술,M107,본사·경영 컨설팅,M10703,경영 컨설팅업,영월군,51750360,주천면,주천면,강원특별자치도 영월군 주천면 주천리 899-1,강원특별자치도 영월군 주천면 도천길 33,128.264241840227,37.2717402189518
MA0101202303A0025317,카페421,,I2,음식,I212,비알코올 ,I21201,카페,영월군,51750360,주천면,주천면,강원특별자치도 영월군 주천면 신일리 972-1,강원특별자치도 영월군 주천면 솔치로 421,128.228309379933,37.2667486737145
MA0101202303A0072699,하늘땅드론교육원,,P1,교육,P106,기타 교육,P10625,기타 기술/직업 훈련학원,영월군,51750360,주천면,주천면,강원특별자치도 영월군 주천면 신일리 1252-1,강원특별자치도 영월군 주천면 한남길 141,128.236291922893,37.2447445625809
MA0101202305A0003918,오붓,,I1,숙박,I101,일반 숙박,I10103,펜션,영월군,51750360,주천면,주천면,강원특별자치도 영월군 주천면 판운리 203-15,강원특별자치도 영월군 주천면 평창강로 135-9,128.339927994153,37.2935941392094
MA0101202305A0020581,영월수산,,G2,소매,G205,식료품 소매,G20505,수산물 소매업,영월군,51750360,주천면,주천면,강원특별자치도 영월군 주천면 금마리 804-4,강원특별자치도 영월군 주천면 송학주천로 906-4,128.241327287,37.2363577324369
MA0101202305A0043059,주천닭갈비,,I2,음식,I201,한식,I20110,닭/오리고기 구이/찜,영월군,51750360,주천면,주천면,강원특별자치도 영월군 주천면 주천리 1270-3,강원특별자치도 영월군 주천면 주천로58번길 26,128.26848694685,37.2694153182838
MA0101202305A0114792,장원철물건재,,G2,소매,G210,철물·건설자재 소매,G21001,철물/공구 소매업,영월군,51750360,주천면,주천면,강원특별자치도 영월군 주천면 주천리 887-34,강원특별자치도 영월군 주천면 송학주천로 1429,128.269904599606,37.2705894135663
MA0101202305A0132467,주천숯불갈비,,I2,음식,I201,한식,I20107,돼지고기 구이/찜,영월군,51750360,주천면,주천면,강원특별자치도 영월군 주천면 주천리 930,강원특별자치도 영월군 주천면 서강로 118,128.282201415518,37.2664294650391
MA0101202306A0014961,그전집,,I2,음식,I201,한식,I20104,전/부침개,영월군,51750360,주천면,주천면,강원특별자치도 영월군 주천면 주천리 1144-1,강원특별자치도 영월군 주천면 주천로 73,128.26707683815,37.2700340790247
MA0101202306A0067805,꼬꼬토피아카페,,I2,음식,I212,비알코올 ,I21201,카페,영월군,51750360,주천면,주천면,강원특별자치도 영월군 주천면 용석리 1281-1,강원특별자치도 영월군 주천면 황산벌길 186,128.277819914116,37.2192652366521
MA0101202306A0071844,섶다리,,I1,숙박,I101,일반 숙박,I10103,펜션,영월군,51750360,주천면,주천면,강원특별자치도 영월군 주천면 판운리 475,강원특별자치도 영월군 주천면 미다리길 39,128.327635054625,37.2922641042625
MA0101202307A0019623,본초불닭발주천점,,I2,음식,I201,한식,I20107,돼지고기 구이/찜,영월군,51750360,주천면,주천면,강원특별자치도 영월군 주천면 주천리 1135-1,강원특별자치도 영월군 주천면 주천로 64-2,128.266686911209,37.2689660837
MA0101202307A0056144,섶다리짬뽕,,I2,음식,I202,중식,I20201,중국집,영월군,51750360,주천면,주천면,강원특별자치도 영월군 주천면 판운리 514-4,강원특별자치도 영월군 주천면 중선로 12,128.325721731125,37.2956912311586
MA0101202307A0057114,백덕산캠핑장,,I1,숙박,I101,일반 숙박,I10104,캠핑/글램핑,영월군,51750360,주천면,주천면,강원특별자치도 영월군 주천면 판운리 1122,강원특별자치도 영월군 주천면 중선로 569-4,128.30843822953,37.3402203792791
MA0101202308A0083789,금용강식당,,I2,음식,I201,한식,I20101,백반/한정식,영월군,51750360,주천면,주천면,강원특별자치도 영월군 주천면 용석리 711-4,강원특별자치도 영월군 주천면 금용강변로 296,128.287601075861,37.2306558819164
MA0101202309A0024722,주천BHC,,I2,음식,I210,기타 간이,I21006,치킨,영월군,51750360,주천면,주천면,강원특별자치도 영월군 주천면 주천리 1236-2,강원특별자치도 영월군 주천면 주천로 82,128.267792545198,37.2703597788687
MA0101202309A0058717,대성정육식당,,I2,음식,I201,한식,I20108,소고기 구이/찜,영월군,51750360,주천면,주천면,강원특별자치도 영월군 주천면 주천리 1142-2,강원특별자치도 영월군 주천면 주천로 72,128.267297893339,37.2697704277713
MA0101202309A0073059,삼방,,N1,시설관리·임대,N104,고용 알선,N10401,고용 알선업,영월군,51750360,주천면,주천면,강원특별자치도 영월군 주천면 주천리 97-1,강원특별자치도 영월군 주천면 서강로 418-26,128.293688775159,37.2446809203562
MA0101202311A0004561,운산식당,,I2,음식,I201,한식,I20101,백반/한정식,영월군,51750360,주천면,주천면,강원특별자치도 영월군 주천면 주천리 1337-1,강원특별자치도 영월군 주천면 주천로58번길 36,128.268985839132,37.27025689382
MA0101202311A0019488,다올캠핑장,,I1,숙박,I101,일반 숙박,I10104,캠핑/글램핑,영월군,51750360,주천면,주천면,강원특별자치도 영월군 주천면 판운리 472-28,강원특별자치도 영월군 주천면 미다리길 61,128.327660013002,37.2917592793984
MA0101202311A0071077,씨유영월주천점,,G2,소매,G204,종합 소매,G20405,편의점,영월군,51750360,주천면,주천면,강원특별자치도 영월군 주천면 주천리 1232-4,강원특별자치도 영월군 주천면 주천시장길 22,128.267261315776,37.2709511056418
MA0101202311A0093579,용석식품,,G2,소매,G204,종합 소매,G20404,슈퍼마켓,영월군,51750360,주천면,주천면,강원특별자치도 영월군 주천면 용석리 711-5,강원특별자치도 영월군 주천면 금용길 476,128.287443967976,37.2306936296077
MA0101202406A0056226,배꼽시계분식,,I2,음식,I210,기타 간이,I21007,김밥/만두/분식,영월군,51750360,주천면,주천면,강원특별자치도 영월군 주천면 주천리 400-4,강원특별자치도 영월군 주천면 주천로 80-1,128.267734826903,37.2702793086846
MA0101202406A0067929,커피이야기,,I2,음식,I212,비알코올 ,I21201,카페,영월군,51750360,주천면,주천면,강원특별자치도 영월군 주천면 주천리 899-1,강원특별자치도 영월군 주천면 도천길 33,128.264241840227,37.2717402189518
MA0101202406A0123367,술샘사우나,,S2,수리·개인,S208,욕탕·신체관리,S20801,목욕탕/사우나,영월군,51750360,주천면,주천면,강원특별자치도 영월군 주천면 주천리 1154,강원특별자치도 영월군 주천면 도천길 17,128.265520323267,37.2706633982765
MA0101202406A0131370,마카오라이브,,I2,음식,I211,주점,I21104,요리 주점,영월군,51750360,주천면,주천면,강원특별자치도 영월군 주천면 주천리 1275-3,강원특별자치도 영월군 주천면 주천로84번길 36,128.269252206615,37.2693350364763
MA0101202406A0164076,은주네,,I2,음식,I210,기타 간이,I21007,김밥/만두/분식,영월군,51750360,주천면,주천면,강원특별자치도 영월군 주천면 주천리 1257-8,강원특별자치도 영월군 주천면 주천로84번길 11,128.268490940634,37.2703252671408
MA0101202406A0170922,소담스테이,,I1,숙박,I101,일반 숙박,I10103,펜션,영월군,51750360,주천면,주천면,강원특별자치도 영월군 주천면 판운리 475,강원특별자치도 영월군 주천면 미다리길 41,128.327826567156,37.2922529458659
MA0101202406A0286676,주천아구찜,,I2,음식,I201,한식,I20112,해산물 구이/찜,영월군,51750360,주천면,주천면,강원특별자치도 영월군 주천면 주천리 1270-4,강원특별자치도 영월군 주천면 주천로58번길 26-1,128.268500032172,37.2695232958836
MA0101202406A0310155,서이건강원,,G2,소매,G205,식료품 소매,G20508,건강보조식품 소매업,영월군,51750360,주천면,주천면,강원특별자치도 영월군 주천면 주천리 1134-1,강원특별자치도 영월군 주천면 주천로 63,128.266377343133,37.2693297888655
MA0101202406A0366082,중화요리진,,I2,음식,I202,중식,I20201,중국집,영월군,51750360,주천면,주천면,강원특별자치도 영월군 주천면 주천리 899-1,강원특별자치도 영월군 주천면 도천길 33,128.264241840227,37.2717402189518
MA0101202406A0372174,술샘막국수,,I2,음식,I201,한식,I20105,국수/칼국수,영월군,51750360,주천면,주천면,강원특별자치도 영월군 주천면 주천리 1258-3,강원특별자치도 영월군 주천면 주천로58번길 35,128.268841271976,37.2703755712111
MA0101202406A0375245,이마트24R영월주천점,,G2,소매,G204,종합 소매,G20405,편의점,영월군,51750360,주천면,주천면,강원특별자치도 영월군 주천면 주천리 888-2,강원특별자치도 영월군 주천면 송학주천로 1423,128.269917761555,37.2700306637416
MA0101202406A0388010,정드린헤어,,S2,수리·개인,S207,이용·미용,S20701,미용실,영월군,51750360,주천면,주천면,강원특별자치도 영월군 주천면 주천리 1254-1,강원특별자치도 영월군 주천면 주천로 92-1,128.268840583448,37.2710062657717
MA0101202406A0397674,커트,전문점,S2,수리·개인,S207,이용·미용,S20701,미용실,영월군,51750360,주천면,주천면,강원특별자치도 영월군 주천면 주천리 1236-2,강원특별자치도 영월군 주천면 주천로84번길 2,128.26783868971,37.2704223533532
MA0101202406A0398049,주천강변에서,,I2,음식,I201,한식,I20101,백반/한정식,영월군,51750360,주천면,주천면,강원특별자치도 영월군 주천면 용석리 711-5,강원특별자치도 영월군 주천면 금용길 476,128.287443967976,37.2306936296077
MA0101202406A0420980,황금한우숯불구이,,I2,음식,I201,한식,I20101,백반/한정식,영월군,51750360,주천면,주천면,강원특별자치도 영월군 주천면 주천리 1135-5,강원특별자치도 영월군 주천면 주천로 62,128.266472751649,37.268968375246
MA0101202406A0444133,이마트24R영월주천로점,,G2,소매,G204,종합 소매,G20405,편의점,영월군,51750360,주천면,주천면,강원특별자치도 영월군 주천면 주천리 1256-1,강원특별자치도 영월군 주천면 주천로 88-1,128.268342203879,37.2708674500278
MA0101202406A0458323,주천모텔,,I1,숙박,I101,일반 숙박,I10102,여관/모텔,영월군,51750360,주천면,주천면,강원특별자치도 영월군 주천면 주천리 1275-3,강원특별자치도 영월군 주천면 주천로84번길 36,128.269252206615,37.2693350364763
MA0101202406A0477707,한잔어때,,I2,음식,I201,한식,I20101,백반/한정식,영월군,51750360,주천면,주천면,강원특별자치도 영월군 주천면 주천리 1254-1,강원특별자치도 영월군 주천면 주천로 92-1,128.268840583448,37.2710062657717
MA0101202406A0506865,이삭건강원,,G2,소매,G205,식료품 소매,G20508,건강보조식품 소매업,영월군,51750360,주천면,주천면,강원특별자치도 영월군 주천면 주천리 1142-10,강원특별자치도 영월군 주천면 주천로 71-1,128.266858750909,37.2698021580207
MA0101202406A0527266,영월유앤아이펜션,,I1,숙박,I101,일반 숙박,I10103,펜션,영월군,51750360,주천면,주천면,강원특별자치도 영월군 주천면 용석리 307-3,강원특별자치도 영월군 주천면 금용강변로 474,128.302841939017,37.2271194920435
MA0101202408A0003761,황금시대식육점,,G2,소매,G205,식료품 소매,G20503,정육점,영월군,51750360,주천면,주천면,강원특별자치도 영월군 주천면 주천리 1135-5,강원특별자치도 영월군 주천면 주천로 62,128.266472751649,37.268968375246
MA0101202409A0027889,주식탐구생활발효과학연구소,,P1,교육,P106,기타 교육,P10607,청소년 수련시설,영월군,51750360,주천면,주천면,강원특별자치도 영월군 주천면 주천리 888,강원특별자치도 영월군 주천면 주천로84번길 33,128.269393666995,37.2697029220798
MA0101202409A0155116,다래화원,,G2,소매,G219,식물 소매,G21901,꽃집,영월군,51750360,주천면,주천면,강원특별자치도 영월군 주천면 주천리 1271-2,강원특별자치도 영월군 주천면 주천로58번길 24,128.268373475069,37.269371485136
MA0101202409A0183817,아리아리식당,,I2,음식,I201,한식,I20101,백반/한정식,영월군,51750360,주천면,주천면,강원특별자치도 영월군 주천면 신일리 1605-5,강원특별자치도 영월군 주천면 솔치로 240-70,128.212646723109,37.2636846259312
MA0101202409A0247631,으뇽이네펜션,,I1,숙박,I101,일반 숙박,I10103,펜션,영월군,51750360,주천면,주천면,강원특별자치도 영월군 주천면 용석리 1009-1,강원특별자치도 영월군 주천면 금용길 399-9,128.27952883865,37.2317254581316
MA0101202409A0254928,시장식육점,,G2,소매,G205,식료품 소매,G20503,정육점,영월군,51750360,주천면,주천면,강원특별자치도 영월군 주천면 주천리 1232-11,강원특별자치도 영월군 주천면 주천시장길 30,128.266935488888,37.2710176622697
MA0101202410A0022076,주천동리한의원,,Q1,보건의료,Q102,의원,Q10211,한의원,영월군,51750360,주천면,주천면,강원특별자치도 영월군 주천면 주천리 1242-6,강원특별자치도 영월군 주천면 주천로 93,128.268610979327,37.2714321881553
MA0101202410A0107248,늘봄농원,,G2,소매,G219,식물 소매,G21901,꽃집,영월군,51750360,주천면,주천면,강원특별자치도 영월군 주천면 신일리 1231-7,강원특별자치도 영월군 주천면 송학주천로 1028,128.245101464579,37.244526108972
MA0101202410A0107705,솔치농산물.야생화,,G2,소매,G205,식료품 소매,G20506,채소/과일 소매업,영월군,51750360,주천면,주천면,강원특별자치도 영월군 주천면 신일리 286-6,강원특별자치도 영월군 주천면 솔치로 702,128.256312951294,37.2674728915474
MA0101202410A0266439,솔치농원,,G2,소매,G205,식료품 소매,G20506,채소/과일 소매업,영월군,51750360,주천면,주천면,강원특별자치도 영월군 주천면 신일리 277-2,강원특별자치도 영월군 주천면 솔치로 733,128.259356707706,37.2661161029979
MA0101202410A0296133,비앤비팜,,G2,소매,G205,식료품 소매,G20501,곡물/곡분 소매업,영월군,51750360,주천면,주천면,강원특별자치도 영월군 주천면 도천리 249,강원특별자치도 영월군 주천면 도천길 437,128.237485558821,37.2928987434589
MA0101202410A0343715,청미식육점,,G2,소매,G205,식료품 소매,G20503,정육점,영월군,51750360,주천면,주천면,강원특별자치도 영월군 주천면 주천리 1241-16,강원특별자치도 영월군 주천면 주천로 91,128.268351120736,37.2713989336647
MA0101202410A0343751,주천농원,,G2,소매,G219,식물 소매,G21901,꽃집,영월군,51750360,주천면,주천면,강원특별자치도 영월군 주천면 신일리 123-1,강원특별자치도 영월군 주천면 주천로 3,128.263289704431,37.2646866813053
MA0101202410A0343766,꽃물결농원,,G2,소매,G205,식료품 소매,G20506,채소/과일 소매업,영월군,51750360,주천면,주천면,강원특별자치도 영월군 주천면 도천리 217-2,강원특별자치도 영월군 주천면 느지내길 3,128.239360568941,37.2896445988827
MA0101202410A0343820,처갓집민물,,G2,소매,G205,식료품 소매,G20505,수산물 소매업,영월군,51750360,주천면,주천면,강원특별자치도 영월군 주천면 주천리 1135-2,강원특별자치도 영월군 주천면 주천로 60,128.266381372098,37.268897274332
MA0101202410A0343842,주천제일의원,,Q1,보건의료,Q102,의원,Q10201,내과/소아과 의원,영월군,51750360,주천면,주천면,강원특별자치도 영월군 주천면 주천리 1238-3,강원특별자치도 영월군 주천면 주천로 79-1,128.267547134081,37.2705155740208
MA0101202410A0343854,다하누법흥점,,G2,소매,G205,식료품 소매,G20503,정육점,영월군,51750360,주천면,주천면,강원특별자치도 영월군 주천면 주천리 1142-2,강원특별자치도 영월군 주천면 주천로 72,128.267297893339,37.2697704277713
MA0101202410A0343873,다하누한우프라자,,G2,소매,G205,식료품 소매,G20503,정육점,영월군,51750360,주천면,주천면,강원특별자치도 영월군 주천면 주천리 897-98,강원특별자치도 영월군 주천면 도천길 22,128.265487299309,37.271384536905
MA0101202410A0343914,산우리재래돼지영월점,,G2,소매,G205,식료품 소매,G20503,정육점,영월군,51750360,주천면,주천면,강원특별자치도 영월군 주천면 주천리 884-1,강원특별자치도 영월군 주천면 서강로 80,128.278124309546,37.2679872063648
MA0101202410A0343943,풀무리농장,,G2,소매,G205,식료품 소매,G20506,채소/과일 소매업,영월군,51750360,주천면,주천면,강원특별자치도 영월군 주천면 주천리 1031,강원특별자치도 영월군 주천면 서강로 64-13,128.276781191878,37.2678935834848
MA0101202410A0343975,연세치과,,Q1,보건의료,Q102,의원,Q10210,치과의원,영월군,51750360,주천면,주천면,강원특별자치도 영월군 주천면 주천리 1239-5,강원특별자치도 영월군 주천면 주천로 87-1,128.268119487127,37.2710320129968
MA0101202410A0343991,미래농산물,,G2,소매,G205,식료품 소매,G20501,곡물/곡분 소매업,영월군,51750360,주천면,주천면,강원특별자치도 영월군 주천면 판운리 산 355,강원특별자치도 영월군 주천면 송학주천로 1814,128.303725577445,37.2810244564541
MA0101202410A0344794,신선농장,,G2,소매,G205,식료품 소매,G20506,채소/과일 소매업,영월군,51750360,주천면,주천면,강원특별자치도 영월군 주천면 금마리 350-3,강원특별자치도 영월군 주천면 금용길 203-13,128.261315878344,37.2342003613316
MA0101202410A0404979,88연탄,,G2,소매,G214,연료 소매,G21403,가정용 연료 소매업,영월군,51750360,주천면,주천면,강원특별자치도 영월군 주천면 판운리 1404,강원특별자치도 영월군 주천면 송학주천로 1938-3,128.311870743158,37.2890702630593
MA0101202410A0423344,고기저장고,,G2,소매,G205,식료품 소매,G20503,정육점,영월군,51750360,주천면,주천면,강원특별자치도 영월군 주천면 주천리 888-2,강원특별자치도 영월군 주천면 송학주천로 1423,128.269917761555,37.2700306637416
MA0101202410A0438413,다하누3호,본점,G2,소매,G205,식료품 소매,G20503,정육점,영월군,51750360,주천면,주천면,강원특별자치도 영월군 주천면 주천리 1142-11,강원특별자치도 영월군 주천면 주천로 70,128.267002263423,37.2696204255734
MA0101202410A0438553,주천의원,,Q1,보건의료,Q102,의원,Q10202,외과 의원,영월군,51750360,주천면,주천면,강원특별자치도 영월군 주천면 주천리 1255-4,강원특별자치도 영월군 주천면 주천로 92,128.268695561136,37.2710979184133
MA0101202410A0609493,주천피아노교습소,,P1,교육,P106,기타 교육,P10609,음악학원,영월군,51750360,주천면,주천면,강원특별자치도 영월군 주천면 주천리 1261-1,강원특별자치도 영월군 주천면 주천로58번길 29,128.268529074744,37.2699104068445
MA0101202410A0645001,브루더호프,,I2,음식,I211,주점,I21103,생맥주 전문,영월군,51750360,주천면,주천면,강원특별자치도 영월군 주천면 판운리 52-2,강원특별자치도 영월군 주천면 평창강모란길 38-14,128.356382060089,37.3061914406603
MA0101202410A0677757,부흥상회,,G2,소매,G205,식료품 소매,G20506,채소/과일 소매업,영월군,51750360,주천면,주천면,강원특별자치도 영월군 주천면 주천리 1351-1,강원특별자치도 영월군 주천면 송학주천로 1442,128.270442327051,37.2717278898304
MA0101202410A0808870,진성농장,,G2,소매,G205,식료품 소매,G20506,채소/과일 소매업,영월군,51750360,주천면,주천면,강원특별자치도 영월군 주천면 도천리 936,강원특별자치도 영월군 주천면 다래골길 118-10,128.24158162239,37.2793230920388
MA0101202410A0925977,주천상회,,G2,소매,G205,식료품 소매,G20501,곡물/곡분 소매업,영월군,51750360,주천면,주천면,강원특별자치도 영월군 주천면 주천리 1140-6,강원특별자치도 영월군 주천면 주천로72번길 17,128.267900671745,37.2694125897371
MA0101202410A0990346,자연약초나라,,G2,소매,G205,식료품 소매,G20508,건강보조식품 소매업,영월군,51750360,주천면,주천면,강원특별자치도 영월군 주천면 주천리 1252-9,강원특별자치도 영월군 주천면 주천로 94,128.268900722669,37.2712308664989
MA0101202411A0000517,벨라,,I1,숙박,I101,일반 숙박,I10103,펜션,영월군,51750360,주천면,주천면,강원특별자치도 영월군 주천면 용석리 316-5,강원특별자치도 영월군 주천면 금용강변로 446-19,128.299985126987,37.2247903076301
MA0101202411A0099280,뜨락칼국수,,I2,음식,I201,한식,I20105,국수/칼국수,영월군,51750360,주천면,주천면,강원특별자치도 영월군 주천면 주천리 1267-9,강원특별자치도 영월군 주천면 주천로72번길 19,128.267942585629,37.2692229345603
MA0101202411A0113696,아침치식당,,I2,음식,I201,한식,I20101,백반/한정식,영월군,51750360,주천면,주천면,강원특별자치도 영월군 주천면 주천리 571-1,강원특별자치도 영월군 주천면 송학주천로 1759,128.297272633106,37.2795096414642
MA0101202411A0189788,봄앤가을,,G2,소매,G205,식료품 소매,G20501,곡물/곡분 소매업,영월군,51750360,주천면,주천면,강원특별자치도 영월군 주천면 주천리 304,강원특별자치도 영월군 주천면 서강로 209,128.291087790142,37.2619901486365
MA0101202412A0045020,원다방,,I2,음식,I212,비알코올 ,I21201,카페,영월군,51750360,주천면,주천면,강원특별자치도 영월군 주천면 주천리 1265-2,강원특별자치도 영월군 주천면 주천로 84,128.268067751355,37.2706361352872
MA0101202412A0054720,채쌤아카데미,,P1,교육,P105,일반 교육,P10501,입시·교과학원,영월군,51750360,주천면,주천면,강원특별자치도 영월군 주천면 주천리 1252-9,강원특별자치도 영월군 주천면 주천로 94,128.268900722669,37.2712308664989
MA0101202412A0059047,한반도농업협동조합자재센터,,G2,소매,G221,기타 상품 소매,G22199,그 외 기타 상품 전문 소매업,영월군,51750360,주천면,주천면,강원특별자치도 영월군 주천면 주천리 888-67,강원특별자치도 영월군 주천면 서강로 15,128.271470831498,37.269869834396
MA0101202502A0002194,나그네밥상,,I2,음식,I201,한식,I20101,백반/한정식,영월군,51750360,주천면,주천면,강원특별자치도 영월군 주천면 금마리 893-4,강원특별자치도 영월군 주천면 송학주천로 886,128.241003040455,37.2344510337146
MA0101202502A0004153,주천세탁소,,S2,수리·개인,S209,세탁,S20901,세탁소,영월군,51750360,주천면,주천면,강원특별자치도 영월군 주천면 주천리 1271-2,강원특별자치도 영월군 주천면 주천로58번길 24,128.268373475069,37.269371485136
MA0101202502A0004572,강원인력,,N1,시설관리·임대,N104,고용 알선,N10401,고용 알선업,영월군,51750360,주천면,주천면,강원특별자치도 영월군 주천면 주천리 1148-5,강원특별자치도 영월군 주천면 도천길 5-3,128.266708946772,37.2702812816721
MA0101202502A0109956,만물상회,,G2,소매,G205,식료품 소매,G20506,채소/과일 소매업,영월군,51750360,주천면,주천면,강원특별자치도 영월군 주천면 주천리 1257-4,강원특별자치도 영월군 주천면 주천로84번길 9,128.268492905537,37.2704423737131
MA0101202504A0062066,다반사,,G2,소매,G205,식료품 소매,G20509,반찬/식료품 소매업,영월군,51750360,주천면,주천면,강원특별자치도 영월군 주천면 주천리 1235-8,강원특별자치도 영월군 주천면 주천시장길 19,128.267028028128,37.2704850924599
MA0101202504A0064255,서울약국,,G2,소매,G215,의약·화장품 소매,G21501,약국,영월군,51750360,주천면,주천면,강원특별자치도 영월군 주천면 주천리 1255-4,강원특별자치도 영월군 주천면 주천로 92,128.268695561136,37.2710979184133
MA0103202411C0043806,바우농장네,,G2,소매,G205,식료품 소매,G20506,채소/과일 소매업,영월군,51750360,주천면,주천면,강원특별자치도 영월군 주천면 도천리 309-2,강원특별자치도 영월군 주천면 밧도내길 11-45,128.235679531106,37.2921067313374
MA0106202506A0901145,주천돈가스,,I2,음식,I204,서양식,I20401,경양식,영월군,51750360,주천면,주천면,강원특별자치도 영월군 주천면 주천리 1232-11,강원특별자치도 영월군 주천면 주천시장길 32,128.266889646654,37.2709731038372
MA0106202506A1512887,다반사,,I2,음식,I201,한식,I20101,백반/한정식,영월군,51750360,주천면,주천면,강원특별자치도 영월군 주천면 주천리 1235-8,강원특별자치도 영월군 주천면 주천시장길 19,128.267028028128,37.2704850924599
MA0106202506A1571202,서울약국,,G2,소매,G215,의약·화장품 소매,G21502,의료기기 소매업,영월군,51750360,주천면,주천면,강원특별자치도 영월군 주천면 주천리 1255-4,강원특별자치도 영월군 주천면 주천로 92,128.268695561136,37.2710979184133
MA0106202508A0571240,몽상가의정원,,I1,숙박,I101,일반 숙박,I10102,여관/모텔,영월군,51750360,주천면,주천면,강원특별자치도 영월군 주천면 신일리 901,강원특별자치도 영월군 주천면 신흥동길 206,128.225810335549,37.2711443604029
MA0106202508A1961314,금마농장(야채),,G2,소매,G205,식료품 소매,G20502,가축 사료 소매업,영월군,51750360,주천면,주천면,강원특별자치도 영월군 주천면 금마리 781-1,강원특별자치도 영월군 주천면 송학주천로 1002,128.244884128601,37.2422759246346
MA0106202508A2345518,주천스크린골프,,R1,예술·스포츠,R103,스포츠 서비스,R10311,골프 연습장,영월군,51750360,주천면,주천면,강원특별자치도 영월군 주천면 주천리 887-2,강원특별자치도 영월군 주천면 송학주천로 1433,128.27002488398,37.2710386138194
MA0106202509A0904986,은희사과농원,,G2,소매,G205,식료품 소매,G20502,가축 사료 소매업,영월군,51750360,주천면,주천면,강원특별자치도 영월군 주천면 금마리 875-1,강원특별자치도 영월군 주천면 금용길 7,128.241522997497,37.2359232057071
MA0106202509A2191741,행운낚시터가든,,I2,음식,I201,한식,I20101,백반/한정식,영월군,51750360,주천면,주천면,강원특별자치도 영월군 주천면 판운리 687-9,강원특별자치도 영월군 주천면 중선로 156,128.323737629476,37.3079576506536
MA0106202509A2359967,온담,,I2,음식,I201,한식,I20101,백반/한정식,영월군,51750360,주천면,주천면,강원특별자치도 영월군 주천면 주천리 1266-7,강원특별자치도 영월군 주천면 주천로84번길 8,128.268070712834,37.2701405635702
MA0106202511A0690032,연우갈비참숯구이,,I2,음식,I201,한식,I20107,돼지고기 구이/찜,영월군,51750360,주천면,주천면,강원특별자치도 영월군 주천면 주천리 888-74,강원특별자치도 영월군 주천면 송학주천로 1423-1,128.269780988174,37.2699420328655
MA0106202601A0437541,영월수산,,G2,소매,G205,식료품 소매,G20502,가축 사료 소매업,영월군,51750360,주천면,주천면,강원특별자치도 영월군 주천면 금마리 804-4,강원특별자치도 영월군 주천면 송학주천로 906-4,128.241327287,37.2363577324369
MA0106202601A0565088,더미본,,G2,소매,G205,식료품 소매,G20508,건강보조식품 소매업,영월군,51750360,주천면,주천면,강원특별자치도 영월군 주천면 도천리 507-2,강원특별자치도 영월군 주천면 비산길 116-9,128.227796159172,37.2865125904295
MA0106202601A1416588,메밀과전병,,I2,음식,I201,한식,I20101,백반/한정식,영월군,51750360,주천면,주천면,강원특별자치도 영월군 주천면 주천리 400-4,강원특별자치도 영월군 주천면 주천로84번길 4,128.267883172482,37.2703858376186
MA0106202601A2055223,농부와제빵이,,I2,음식,I210,기타 간이,I21001,빵/도넛,영월군,51750360,주천면,주천면,강원특별자치도 영월군 주천면 주천리 1267-10,강원특별자치도 영월군 주천면 주천로58번길 17,128.26780339907,37.2689901700831
MA0106202601A2413345,주천한식뷔페,,I2,음식,I207,구내식당·뷔페,I20702,뷔페,영월군,51750360,주천면,주천면,강원특별자치도 영월군 주천면 주천리 886-3,강원특별자치도 영월군 주천면 송학주천로 1436-1,128.270470390126,37.2713852156884
MA010120220800525323,비밀상점,,G2,소매,G221,기타 상품 소매,G22199,그 외 기타 상품 전문 소매업,영월군,51750355,한반도면,한반도면,강원특별자치도 영월군 한반도면 쌍용리 568-3,강원특별자치도 영월군 한반도면 강원남로 273,128.322068081068,37.1731174886099
MA010120220803257825,매룬통나무집,,I1,숙박,I101,일반 숙박,I10103,펜션,영월군,51750355,한반도면,한반도면,강원특별자치도 영월군 한반도면 광전리 998-1,강원특별자치도 영월군 한반도면 광탄로 695-9,128.347202183371,37.2809700255586
MA010120220803709002,사계절순대,,I2,음식,I201,한식,I20102,국/탕/찌개류,영월군,51750355,한반도면,한반도면,강원특별자치도 영월군 한반도면 신천리 526-2,강원특별자치도 영월군 한반도면 서강로 807-14,128.334314119602,37.2381394239774
MA010120220803784634,한반도편의점,,G2,소매,G204,종합 소매,G20404,슈퍼마켓,영월군,51750355,한반도면,한반도면,강원특별자치도 영월군 한반도면 후탄리 562-3,강원특별자치도 영월군 한반도면 후탄로 759,128.351157499111,37.2101531661693
MA010120220803827222,쌍용미용실,,S2,수리·개인,S207,이용·미용,S20701,미용실,영월군,51750355,한반도면,한반도면,강원특별자치도 영월군 한반도면 쌍용리 491-6,강원특별자치도 영월군 한반도면 쌍용로 224,128.326870614602,37.1753973647902
MA010120220804048000,영월한반도캠핑장,,I1,숙박,I101,일반 숙박,I10104,캠핑/글램핑,영월군,51750355,한반도면,한반도면,강원특별자치도 영월군 한반도면 후탄리 555-10,강원특별자치도 영월군 한반도면 후탄로 826-1,128.355925550343,37.2153604062241
MA010120220804673725,쌍용카포스,,S2,수리·개인,S203,자동차 수리·세차,S20301,자동차 정비소,영월군,51750355,한반도면,한반도면,강원특별자치도 영월군 한반도면 쌍용리 121-2,강원특별자치도 영월군 한반도면 영월로 49,128.335182996085,37.167240120165
MA010120220804674734,동화슈퍼,,G2,소매,G204,종합 소매,G20404,슈퍼마켓,영월군,51750355,한반도면,한반도면,강원특별자치도 영월군 한반도면 쌍용리 454-3,강원특별자치도 영월군 한반도면 쌍용로 195,128.326342793872,37.1780521848448
MA010120220804674774,에쎄스사,,N1,시설관리·임대,N102,청소·방제,N10202,"산업설비, 운송장비 및 공공장소 청소업",영월군,51750355,한반도면,한반도면,강원특별자치도 영월군 한반도면 쌍용리 610-1,강원특별자치도 영월군 한반도면 쌍용로 86,128.320391260993,37.1828668816501
MA010120220804674832,팡파레노래연습장,,R1,예술·스포츠,R104,유원지·오락,R10407,노래방,영월군,51750355,한반도면,한반도면,강원특별자치도 영월군 한반도면 쌍용리 607-1,강원특별자치도 영월군 한반도면 쌍용로 74,128.320269548392,37.1816969517644
MA010120220804675057,디자인홀릭,,M1,과학·기술,M114,인쇄·제품제작,M11401,명함/간판/광고물 제작,영월군,51750355,한반도면,한반도면,강원특별자치도 영월군 한반도면 쌍용리 643-11,강원특별자치도 영월군 한반도면 쌍용로 122,128.323140749663,37.1836200652174
MA010120220804675629,들골가든,,I2,음식,I201,한식,I20101,백반/한정식,영월군,51750355,한반도면,한반도면,강원특별자치도 영월군 한반도면 후탄리 15,강원특별자치도 영월군 한반도면 문둔길 17-5,128.379377480563,37.1941688094475
MA010120220804675676,청계실업,,N1,시설관리·임대,N111,산업용품 대여,N11101,건설기계/장비 대여업,영월군,51750355,한반도면,한반도면,강원특별자치도 영월군 한반도면 쌍용리 425,강원특별자치도 영월군 한반도면 고촌길 34-7,128.330163428809,37.18082043504
MA010120220804676393,강승월가든,,I2,음식,I201,한식,I20101,백반/한정식,영월군,51750355,한반도면,한반도면,강원특별자치도 영월군 한반도면 쌍용리 1083-1,강원특별자치도 영월군 한반도면 강원남로 120,128.308476886088,37.1802240251348
MA010120220804676469,쌍용장원주유소,,G2,소매,G214,연료 소매,G21401,주유소,영월군,51750355,한반도면,한반도면,강원특별자치도 영월군 한반도면 쌍용리 1079-1,강원특별자치도 영월군 한반도면 강원남로 153,128.312034464736,37.1801846788267
MA010120220804676530,씨유영월,쌍용점,G2,소매,G204,종합 소매,G20405,편의점,영월군,51750355,한반도면,한반도면,강원특별자치도 영월군 한반도면 쌍용리 610-1,강원특별자치도 영월군 한반도면 쌍용로 86,128.320391260993,37.1828668816501
MA010120220804676547,모텔마야,,I1,숙박,I101,일반 숙박,I10102,여관/모텔,영월군,51750355,한반도면,한반도면,강원특별자치도 영월군 한반도면 쌍용리 1080-1,강원특별자치도 영월군 한반도면 강원남로 144,128.31095217327,37.1794578476616
MA010120220804676660,점동손칼국수,,I2,음식,I201,한식,I20105,국수/칼국수,영월군,51750355,한반도면,한반도면,강원특별자치도 영월군 한반도면 신천리 445-17,강원특별자치도 영월군 한반도면 서강로 724-6,128.325133868453,37.2364315508553
MA010120220804676915,신천주유소,,G2,소매,G214,연료 소매,G21401,주유소,영월군,51750355,한반도면,한반도면,강원특별자치도 영월군 한반도면 신천리 514-1,강원특별자치도 영월군 한반도면 서강로 781,128.33151241026,37.2364591011648
MA010120220804676983,당마루휴게소,,I2,음식,I201,한식,I20101,백반/한정식,영월군,51750355,한반도면,한반도면,강원특별자치도 영월군 한반도면 옹정리 396-13,강원특별자치도 영월군 한반도면 서강로 1028,128.351969846237,37.2398852528241
MA010120220804677402,황금슈퍼,,G2,소매,G204,종합 소매,G20404,슈퍼마켓,영월군,51750355,한반도면,한반도면,강원특별자치도 영월군 한반도면 쌍용리 산 123-9,강원특별자치도 영월군 한반도면 쌍용로 202-1,128.326509685647,37.1772934850442
MA010120220804677444,쌍용세차장,,S2,수리·개인,S203,자동차 수리·세차,S20302,자동차 세차장,영월군,51750355,한반도면,한반도면,강원특별자치도 영월군 한반도면 쌍용리 889-2,강원특별자치도 영월군 한반도면 쌍용로 12-10,128.315553123993,37.1785509048008
MA010120220804677503,두리상사,,G2,소매,G212,기타 생활용품 소매,G21201,전기용품/조명장치 소매업,영월군,51750355,한반도면,한반도면,강원특별자치도 영월군 한반도면 쌍용리 643-11,강원특별자치도 영월군 한반도면 쌍용로 122,128.323140749663,37.1836200652174
MA010120220804678017,광전슈퍼,,G2,소매,G204,종합 소매,G20404,슈퍼마켓,영월군,51750355,한반도면,한반도면,강원특별자치도 영월군 한반도면 광전리 249-1,강원특별자치도 영월군 한반도면 서강로 1064-28,128.355427442163,37.2429180545888
MA010120220804678130,방일해장국,,I2,음식,I201,한식,I20102,국/탕/찌개류,영월군,51750355,한반도면,한반도면,강원특별자치도 영월군 한반도면 쌍용리 1079-27,강원특별자치도 영월군 한반도면 강원남로 146,128.31132945104,37.1797870388302
MA010120220804678323,농산물시장,,G2,소매,G205,식료품 소매,G20506,채소/과일 소매업,영월군,51750355,한반도면,한반도면,강원특별자치도 영월군 한반도면 쌍용리 1095-1,강원특별자치도 영월군 한반도면 강원남로 141,128.310788857337,37.1804327248179
MA010120220804678718,아폴로세탁소,,S2,수리·개인,S209,세탁,S20901,세탁소,영월군,51750355,한반도면,한반도면,강원특별자치도 영월군 한반도면 쌍용리 607-9,강원특별자치도 영월군 한반도면 쌍용로 64,128.320188513578,37.1809230037054
MA010120220804678719,우리철물,,G2,소매,G210,철물·건설자재 소매,G21001,철물/공구 소매업,영월군,51750355,한반도면,한반도면,강원특별자치도 영월군 한반도면 쌍용리 607-4,강원특별자치도 영월군 한반도면 쌍용로 70,128.320254526645,37.1814808816611
MA010120220804678720,금복상화,,G2,소매,G204,종합 소매,G20404,슈퍼마켓,영월군,51750355,한반도면,한반도면,강원특별자치도 영월군 한반도면 쌍용리 610-5,강원특별자치도 영월군 한반도면 쌍용로 82-1,128.320353564785,37.1826420544305
MA010120220804678722,쌍용이용원,,S2,수리·개인,S207,이용·미용,S20701,미용실,영월군,51750355,한반도면,한반도면,강원특별자치도 영월군 한반도면 쌍용리 619-3,강원특별자치도 영월군 한반도면 쌍용로 148,128.324632812565,37.1820086403445
MA010120220804678737,경은상회,,G2,소매,G204,종합 소매,G20404,슈퍼마켓,영월군,51750355,한반도면,한반도면,강원특별자치도 영월군 한반도면 신천리 457-13,강원특별자치도 영월군 한반도면 서강로 737,128.32732498009,37.2360736456716
MA010120220804678741,영광식당,,I2,음식,I201,한식,I20107,돼지고기 구이/찜,영월군,51750355,한반도면,한반도면,강원특별자치도 영월군 한반도면 신천리 457-8,강원특별자치도 영월군 한반도면 서강로 741,128.327769314996,37.2357082714128
MA010120220804678778,현대설비,,G2,소매,G210,철물·건설자재 소매,G21001,철물/공구 소매업,영월군,51750355,한반도면,한반도면,강원특별자치도 영월군 한반도면 신천리 452,강원특별자치도 영월군 한반도면 서강로 736-6,128.326591143749,37.2353520749402
MA010120220804678783,강건너분식,,I2,음식,I210,기타 간이,I21007,김밥/만두/분식,영월군,51750355,한반도면,한반도면,강원특별자치도 영월군 한반도면 쌍용리 607-2,강원특별자치도 영월군 한반도면 쌍용로 65,128.319863435937,37.1810077149406
MA010120220804678784,처갓집양념치킨,쌍용점,I2,음식,I210,기타 간이,I21006,치킨,영월군,51750355,한반도면,한반도면,강원특별자치도 영월군 한반도면 쌍용리 610-4,강원특별자치도 영월군 한반도면 쌍용로 82-1,128.320353564785,37.1826420544305
MA010120220804678786,애니카랜드,쌍용점,S2,수리·개인,S203,자동차 수리·세차,S20301,자동차 정비소,영월군,51750355,한반도면,한반도면,강원특별자치도 영월군 한반도면 쌍용리 889-2,강원특별자치도 영월군 한반도면 쌍용로 12-10,128.315553123993,37.1785509048008
MA010120220804678790,지연미용실,,S2,수리·개인,S207,이용·미용,S20701,미용실,영월군,51750355,한반도면,한반도면,강원특별자치도 영월군 한반도면 쌍용리 609-2,강원특별자치도 영월군 한반도면 쌍용로 81,128.319911819003,37.1824938088133
MA010120220804678809,행운장여관,,I1,숙박,I101,일반 숙박,I10102,여관/모텔,영월군,51750355,한반도면,한반도면,강원특별자치도 영월군 한반도면 신천리 459,강원특별자치도 영월군 한반도면 서강로 729-1,128.326678476468,37.2364773229103
MA010120220804678957,부흥식당,,I2,음식,I201,한식,I20101,백반/한정식,영월군,51750355,한반도면,한반도면,강원특별자치도 영월군 한반도면 쌍용리 607-2,강원특별자치도 영월군 한반도면 쌍용로 57,128.319855598084,37.180557307365
MA010120220804679033,별바라기,,I1,숙박,I101,일반 숙박,I10102,여관/모텔,영월군,51750355,한반도면,한반도면,강원특별자치도 영월군 한반도면 후탄리 561-5,강원특별자치도 영월군 한반도면 후탄로 770,128.353257779353,37.2116968953301
MA010120220804679235,은솔펜션,,I1,숙박,I101,일반 숙박,I10103,펜션,영월군,51750355,한반도면,한반도면,강원특별자치도 영월군 한반도면 신천리 733-2,강원특별자치도 영월군 한반도면 금용강변로 486,128.303742841719,37.2270915569891
MA010120220804679240,영흥포장건설중기,,N1,시설관리·임대,N111,산업용품 대여,N11101,건설기계/장비 대여업,영월군,51750355,한반도면,한반도면,강원특별자치도 영월군 한반도면 쌍용리 567,강원특별자치도 영월군 한반도면 무동길 89-26,128.320403886548,37.1725954528626
MA010120220804679251,용정가든,,I2,음식,I201,한식,I20101,백반/한정식,영월군,51750355,한반도면,한반도면,강원특별자치도 영월군 한반도면 쌍용리 1135-1,강원특별자치도 영월군 한반도면 강원남로 119-16,128.306841025016,37.1813503006742
MA010120220804679807,다래다방,,I2,음식,I212,비알코올 ,I21201,카페,영월군,51750355,한반도면,한반도면,강원특별자치도 영월군 한반도면 신천리 457-7,강원특별자치도 영월군 한반도면 서강로 732-1,128.326420669847,37.2359125931249
MA010120220804679889,나진,,S2,수리·개인,S201,컴퓨터 수리,S20101,컴퓨터/노트북/프린터 수리업,영월군,51750355,한반도면,한반도면,강원특별자치도 영월군 한반도면 쌍용리 909-10,강원특별자치도 영월군 한반도면 쌍용삼거리길 10-5,128.316687511916,37.1777364211248
MA010120220804680109,참조은주유소,,G2,소매,G214,연료 소매,G21401,주유소,영월군,51750355,한반도면,한반도면,강원특별자치도 영월군 한반도면 쌍용리 1092-3,강원특별자치도 영월군 한반도면 강원남로 130,128.309246858048,37.1798190823998
MA010120220804680189,쌍용양회,,G2,소매,G207,담배 소매,G20701,담배/전자담배 소매업,영월군,51750355,한반도면,한반도면,강원특별자치도 영월군 한반도면 쌍용리 700,강원특별자치도 영월군 한반도면 쌍용로 89,128.331140826945,37.183899847144
MA010120220804680525,성실식품,,G2,소매,G207,담배 소매,G20701,담배/전자담배 소매업,영월군,51750355,한반도면,한반도면,강원특별자치도 영월군 한반도면 쌍용리 123-39,강원특별자치도 영월군 한반도면 영월로 44,128.334209584178,37.1669447487598
MA010120220804693417,거산기업,,N1,시설관리·임대,N104,고용 알선,N10403,상용 인력 공급 및 인사관리 서비스업,영월군,51750355,한반도면,한반도면,강원특별자치도 영월군 한반도면 쌍용리 656-5,강원특별자치도 영월군 한반도면 쌍용로 81-4,128.319938412106,37.1827277697955
MA010120220804693434,태성물류,,N1,시설관리·임대,N104,고용 알선,N10403,상용 인력 공급 및 인사관리 서비스업,영월군,51750355,한반도면,한반도면,강원특별자치도 영월군 한반도면 쌍용리 700,강원특별자치도 영월군 한반도면 쌍용로 89,128.331140826945,37.183899847144
MA010120220804693702,한반도뗏목마을,,R1,예술·스포츠,R104,유원지·오락,R10499,기타 오락관련 서비스업,영월군,51750355,한반도면,한반도면,강원특별자치도 영월군 한반도면 옹정리 602,강원특별자치도 영월군 한반도면 선암길 70,128.346745310899,37.2223937070166
MA010120220804693841,창용아이앤씨,,N1,시설관리·임대,N104,고용 알선,N10403,상용 인력 공급 및 인사관리 서비스업,영월군,51750355,한반도면,한반도면,강원특별자치도 영월군 한반도면 쌍용리 700,강원특별자치도 영월군 한반도면 쌍용로 89,128.331140826945,37.183899847144
MA010120220804693849,광영기술단주,,M1,과학·기술,M109,기술 서비스,M10999,기타 엔지니어링 서비스업,영월군,51750355,한반도면,한반도면,강원특별자치도 영월군 한반도면 쌍용리 611-18,강원특별자치도 영월군 한반도면 무동길 1-9,128.320610156876,37.1825040459156
MA010120220804693876,한반도면옹정리마을회,,G2,소매,G205,식료품 소매,G20506,채소/과일 소매업,영월군,51750355,한반도면,한반도면,강원특별자치도 영월군 한반도면 옹정리 202,강원특별자치도 영월군 한반도면 한반도로 555,128.357527443843,37.2198829975781
MA010120220805040370,광전식당,,I2,음식,I201,한식,I20101,백반/한정식,영월군,51750355,한반도면,한반도면,강원특별자치도 영월군 한반도면 쌍용리 655-3,강원특별자치도 영월군 한반도면 쌍용로 88,128.320572651967,37.1829369389303
MA010120220805060248,미디어연구소,,M1,과학·기술,M113,사진 촬영,M11301,사진촬영업,영월군,51750355,한반도면,한반도면,강원특별자치도 영월군 한반도면 옹정리 412,강원특별자치도 영월군 한반도면 괴골길 100-10,128.35089122326,37.2350142606503
MA010120220805124422,한반도당구장,,R1,예술·스포츠,R103,스포츠 서비스,R10310,당구장,영월군,51750355,한반도면,한반도면,강원특별자치도 영월군 한반도면 신천리 457-21,강원특별자치도 영월군 한반도면 서강로 734,128.326781825088,37.2359445860301
MA010120220805222620,상도기업,,N1,시설관리·임대,N101,시설관리,N10101,사업시설 유지·관리 서비스업,영월군,51750355,한반도면,한반도면,강원특별자치도 영월군 한반도면 신천리 641,강원특별자치도 영월군 한반도면 화랏길 57,128.321608953337,37.2320381166518
MA010120220805461572,강가애금빛펜션,,I1,숙박,I101,일반 숙박,I10103,펜션,영월군,51750355,한반도면,한반도면,강원특별자치도 영월군 한반도면 신천리 705-2,강원특별자치도 영월군 한반도면 화랏길 282-25,128.307561064549,37.2289685537205
MA010120220805469194,나라물산,,G2,소매,G216,안경·정밀기기 소매,G21603,사진기/기타 광학기기 소매업,영월군,51750355,한반도면,한반도면,강원특별자치도 영월군 한반도면 신천리 751-2,강원특별자치도 영월군 한반도면 화랏길 248,128.306683812292,37.2257977625868
MA010120220805661184,꽃게들의전쟁,,I2,음식,I201,한식,I20112,해산물 구이/찜,영월군,51750355,한반도면,한반도면,강원특별자치도 영월군 한반도면 쌍용리 1093-4,강원특별자치도 영월군 한반도면 강원남로 134,128.309573809731,37.1798424984368
MA010120220805708583,쌍용약국,,G2,소매,G215,의약·화장품 소매,G21501,약국,영월군,51750355,한반도면,한반도면,강원특별자치도 영월군 한반도면 쌍용리 610-6,강원특별자치도 영월군 한반도면 쌍용로 78,128.320303983101,37.1823813200718
MA010120220805711268,명화통나무집,,I2,음식,I201,한식,I20101,백반/한정식,영월군,51750355,한반도면,한반도면,강원특별자치도 영월군 한반도면 쌍용리 607-2,강원특별자치도 영월군 한반도면 쌍용로 65-1,128.319955383062,37.1811148092849
MA010120220805717410,삼경인테리어,,M1,과학·기술,M112,전문 디자인,M11201,인테리어 디자인업,영월군,51750355,한반도면,한반도면,강원특별자치도 영월군 한반도면 쌍용리 1164,강원특별자치도 영월군 한반도면 산막길 15-5,128.304258432449,37.1778468748228
MA010120220805723065,다온솔루션,,S2,수리·개인,S205,가전제품 수리,S20501,가전제품 수리업,영월군,51750355,한반도면,한반도면,강원특별자치도 영월군 한반도면 쌍용리 607-2,강원특별자치도 영월군 한반도면 쌍용로 57,128.319855598084,37.180557307365
MA010120220806558544,씨유영월한반도점,,G2,소매,G204,종합 소매,G20405,편의점,영월군,51750355,한반도면,한반도면,강원특별자치도 영월군 한반도면 신천리 456-4,강원특별자치도 영월군 한반도면 서강로 750,128.328289506202,37.2351708581525
MA010120220806605501,류인광동물병원,,M1,과학·기술,M111,수의,M11101,동물병원,영월군,51750355,한반도면,한반도면,강원특별자치도 영월군 한반도면 쌍용리 1093-1,강원특별자치도 영월군 한반도면 강원남로 134,128.309573809731,37.1798424984368
MA010120220806634272,한반도권역협동조합,,R1,예술·스포츠,R104,유원지·오락,R10499,기타 오락관련 서비스업,영월군,51750355,한반도면,한반도면,강원특별자치도 영월군 한반도면 신천리 593-1,강원특별자치도 영월군 한반도면 안새내길 63-33,128.337458288615,37.2317700585921
MA010120220806763752,시골맛집,,I2,음식,I201,한식,I20111,횟집,영월군,51750355,한반도면,한반도면,강원특별자치도 영월군 한반도면 신천리 459-1,강원특별자치도 영월군 한반도면 신천길 11-9,128.326512794903,37.2366683852173
MA010120220806800844,새내들라탄,,P1,교육,P106,기타 교육,P10613,기타 예술/스포츠 교육기관,영월군,51750355,한반도면,한반도면,강원특별자치도 영월군 한반도면 신천리 450-5,강원특별자치도 영월군 한반도면 서강로 736-19,128.329596739192,37.234534509397
MA010120220807005349,영월랜드휴게소식당,,I2,음식,I201,한식,I20101,백반/한정식,영월군,51750355,한반도면,한반도면,강원특별자치도 영월군 한반도면 쌍용리 568-3,강원특별자치도 영월군 한반도면 강원남로 273,128.322068081068,37.1731174886099
MA010120220807069487,경남밧데리,,S2,수리·개인,S203,자동차 수리·세차,S20301,자동차 정비소,영월군,51750355,한반도면,한반도면,강원특별자치도 영월군 한반도면 쌍용리 870-19,강원특별자치도 영월군 한반도면 쌍용로 3-1,128.31569211715,37.1794233220321
MA010120220807155822,한반도리버펜션,,I1,숙박,I101,일반 숙박,I10103,펜션,영월군,51750355,한반도면,한반도면,강원특별자치도 영월군 한반도면 옹정리 499,강원특별자치도 영월군 한반도면 선암길 51-24,128.350681569036,37.2207361203764
MA010120220808047143,새주천가스상사,,G2,소매,G214,연료 소매,G21403,가정용 연료 소매업,영월군,51750355,한반도면,한반도면,강원특별자치도 영월군 한반도면 신천리 329-2,강원특별자치도 영월군 한반도면 서강로 659-4,128.319451291156,37.2381888567962
MA010120220808053482,여울펜션,,I1,숙박,I101,일반 숙박,I10103,펜션,영월군,51750355,한반도면,한반도면,강원특별자치도 영월군 한반도면 옹정리 35-7,강원특별자치도 영월군 한반도면 한반도로 398,128.37432347226,37.2166799968558
MA010120220808415721,강승월매점식당,,I2,음식,I210,기타 간이,I21007,김밥/만두/분식,영월군,51750355,한반도면,한반도면,강원특별자치도 영월군 한반도면 쌍용리 1083-1,강원특별자치도 영월군 한반도면 강원남로 120,128.308476886088,37.1802240251348
MA010120220808484243,억만식당,,I2,음식,I201,한식,I20101,백반/한정식,영월군,51750355,한반도면,한반도면,강원특별자치도 영월군 한반도면 쌍용리 460-4,강원특별자치도 영월군 한반도면 쌍용로 211,128.326991627857,37.1765222466562
MA010120220808505094,한반도식당,,I2,음식,I201,한식,I20105,국수/칼국수,영월군,51750355,한반도면,한반도면,강원특별자치도 영월군 한반도면 신천리 284-4,강원특별자치도 영월군 한반도면 광탄로 6,128.326416447963,37.2369577785129
MA010120220809230728,원주집,,I2,음식,I201,한식,I20101,백반/한정식,영월군,51750355,한반도면,한반도면,강원특별자치도 영월군 한반도면 쌍용리 462-2,강원특별자치도 영월군 한반도면 쌍용로 205,128.326890082288,37.1771540767699
MA010120220809669635,큐브존,,I1,숙박,I101,일반 숙박,I10103,펜션,영월군,51750355,한반도면,한반도면,강원특별자치도 영월군 한반도면 옹정리 440-25,강원특별자치도 영월군 한반도면 한반도로 794-22,128.347137947279,37.2311647906752
MA010120220809852602,연래장,,I2,음식,I202,중식,I20201,중국집,영월군,51750355,한반도면,한반도면,강원특별자치도 영월군 한반도면 쌍용리 491-9,강원특별자치도 영월군 한반도면 쌍용로 232,128.327118818199,37.1747819116101
MA010120220809986091,금빛펜션한반도,,I1,숙박,I101,일반 숙박,I10103,펜션,영월군,51750355,한반도면,한반도면,강원특별자치도 영월군 한반도면 신천리 745,강원특별자치도 영월군 한반도면 화랏길 266,128.305393072847,37.22674001244
MA010120220810203084,한반도캠핑장민박,,I1,숙박,I101,일반 숙박,I10104,캠핑/글램핑,영월군,51750355,한반도면,한반도면,강원특별자치도 영월군 한반도면 후탄리 555-2,강원특별자치도 영월군 한반도면 후탄로 826,128.356250246962,37.2152485704624
MA010120220810580360,백경민박,,I1,숙박,I101,일반 숙박,I10103,펜션,영월군,51750355,한반도면,한반도면,강원특별자치도 영월군 한반도면 쌍용리 1198-1,강원특별자치도 영월군 한반도면 산막길 50,128.301708205614,37.175559372879
MA010120220811672163,한반도리버2,,I1,숙박,I101,일반 숙박,I10103,펜션,영월군,51750355,한반도면,한반도면,강원특별자치도 영월군 한반도면 옹정리 499-1,강원특별자치도 영월군 한반도면 선암길 51-22,128.350450667356,37.2204234103847
MA010120220811965766,민턴민박,,I1,숙박,I101,일반 숙박,I10103,펜션,영월군,51750355,한반도면,한반도면,강원특별자치도 영월군 한반도면 광전리 1070-3,강원특별자치도 영월군 한반도면 매운길 76-29,128.340895864748,37.280140667969
MA010120220811978743,번영사,,G2,소매,G204,종합 소매,G20404,슈퍼마켓,영월군,51750355,한반도면,한반도면,강원특별자치도 영월군 한반도면 쌍용리 609-9,강원특별자치도 영월군 한반도면 쌍용로 73,128.319945094649,37.1818176958726
MA010120220812099517,영월콩집,,I2,음식,I201,한식,I20101,백반/한정식,영월군,51750355,한반도면,한반도면,강원특별자치도 영월군 한반도면 신천리 457-13,강원특별자치도 영월군 한반도면 서강로 737,128.32732498009,37.2360736456716
MA010120220812246050,돌배농원,,I1,숙박,I101,일반 숙박,I10103,펜션,영월군,51750355,한반도면,한반도면,강원특별자치도 영월군 한반도면 광전리 818-33,강원특별자치도 영월군 한반도면 광탄로 451-4,128.352628685767,37.2635013268774
MA010120220812708394,어울림펜션.야영장,,I1,숙박,I101,일반 숙박,I10103,펜션,영월군,51750355,한반도면,한반도면,강원특별자치도 영월군 한반도면 후탄리 327,강원특별자치도 영월군 한반도면 문둔길 106,128.372541678767,37.1985459011287
MA010120220812812452,한반도농업협동조합하나로마트사업소,쌍용점,G2,소매,G204,종합 소매,G20404,슈퍼마켓,영월군,51750355,한반도면,한반도면,강원특별자치도 영월군 한반도면 쌍용리 606-2,강원특별자치도 영월군 한반도면 무동길 3,128.320643583148,37.1818369410479
MA010120220813097131,경남식당,,I2,음식,I201,한식,I20101,백반/한정식,영월군,51750355,한반도면,한반도면,강원특별자치도 영월군 한반도면 쌍용리 607-10,강원특별자치도 영월군 한반도면 쌍용로 62,128.320197576631,37.1807967641431
MA010120220813127283,서강민박,,I1,숙박,I101,일반 숙박,I10103,펜션,영월군,51750355,한반도면,한반도면,강원특별자치도 영월군 한반도면 옹정리 600-1,강원특별자치도 영월군 한반도면 선암길 79,128.345859916457,37.2226560476747
MA010120220813423574,서면슈퍼,,G2,소매,G204,종합 소매,G20404,슈퍼마켓,영월군,51750355,한반도면,한반도면,강원특별자치도 영월군 한반도면 신천리 457-5,강원특별자치도 영월군 한반도면 서강로 736,128.32689354133,37.2358892752823
MA010120220813620079,한반도솔숲쉼터,,I1,숙박,I101,일반 숙박,I10104,캠핑/글램핑,영월군,51750355,한반도면,한반도면,강원특별자치도 영월군 한반도면 광전리 598-1,강원특별자치도 영월군 한반도면 서강로 1159-93,128.368568775467,37.2510738737077
MA010120220813812119,서진,,N1,시설관리·임대,N102,청소·방제,N10201,건축물 일반 청소업,영월군,51750355,한반도면,한반도면,강원특별자치도 영월군 한반도면 쌍용리 700,강원특별자치도 영월군 한반도면 쌍용로 89,128.331140826945,37.183899847144
MA010120220814077654,대륙주유소,,G2,소매,G214,연료 소매,G21401,주유소,영월군,51750355,한반도면,한반도면,강원특별자치도 영월군 한반도면 쌍용리 1079-5,강원특별자치도 영월군 한반도면 강원남로 140,128.310720112895,37.1797126927771
MA010120220814117684,영월랜드농산물특판장,,G2,소매,G205,식료품 소매,G20506,채소/과일 소매업,영월군,51750355,한반도면,한반도면,강원특별자치도 영월군 한반도면 쌍용리 568-3,강원특별자치도 영월군 한반도면 강원남로 273,128.322068081068,37.1731174886099
MA010120220814239053,마음의약방,,I2,음식,I212,비알코올 ,I21201,카페,영월군,51750355,한반도면,한반도면,강원특별자치도 영월군 한반도면 신천리 461-2,강원특별자치도 영월군 한반도면 신천길 9,128.327452543747,37.236279441254
MA010120220814311375,별내천민박,,I1,숙박,I101,일반 숙박,I10103,펜션,영월군,51750355,한반도면,한반도면,강원특별자치도 영월군 한반도면 광전리 818-35,강원특별자치도 영월군 한반도면 광탄로 451-1,128.353040692259,37.2632173161225
MA010120220814362257,쌍용집,,I2,음식,I201,한식,I20107,돼지고기 구이/찜,영월군,51750355,한반도면,한반도면,강원특별자치도 영월군 한반도면 쌍용리 452-8,강원특별자치도 영월군 한반도면 쌍용로 176-2,128.325469404236,37.1796206714966
MA0101202209A0023466,서강로803,,I2,음식,I201,한식,I20101,백반/한정식,영월군,51750355,한반도면,한반도면,강원특별자치도 영월군 한반도면 신천리 521-4,강원특별자치도 영월군 한반도면 서강로 803,128.334242065837,37.2372482655906
MA0101202209A0057226,호성벨트,,N1,시설관리·임대,N101,시설관리,N10101,사업시설 유지·관리 서비스업,영월군,51750355,한반도면,한반도면,강원특별자치도 영월군 한반도면 쌍용리 689,강원특별자치도 영월군 한반도면 후탄로 65,128.319697720105,37.1889562858552
MA0101202212A0031254,한반도까르페다임,,I1,숙박,I101,일반 숙박,I10103,펜션,영월군,51750355,한반도면,한반도면,강원특별자치도 영월군 한반도면 옹정리 461,강원특별자치도 영월군 한반도면 한반도로 782-53,128.344411770315,37.2273936375265
MA0101202212A0059722,제일백반,,I2,음식,I201,한식,I20101,백반/한정식,영월군,51750355,한반도면,한반도면,강원특별자치도 영월군 한반도면 쌍용리 609-6,강원특별자치도 영월군 한반도면 쌍용로 75-1,128.320017505031,37.1820961958439
MA0101202302A0013279,한반도장수촌,,I2,음식,I201,한식,I20101,백반/한정식,영월군,51750355,한반도면,한반도면,강원특별자치도 영월군 한반도면 신천리 487-8,강원특별자치도 영월군 한반도면 서면장터로 335-1,128.333134940159,37.2345307651432
MA0101202303A0077071,중국집,,I2,음식,I202,중식,I20201,중국집,영월군,51750355,한반도면,한반도면,강원특별자치도 영월군 한반도면 신천리 457-14,강원특별자치도 영월군 한반도면 서강로 739,128.32750192467,37.2358824559625
MA0101202303A0104844,쌍용복권,,R1,예술·스포츠,R104,유원지·오락,R10410,복권 발행/판매업,영월군,51750355,한반도면,한반도면,강원특별자치도 영월군 한반도면 쌍용리 607-1,강원특별자치도 영월군 한반도면 쌍용로 74,128.320269548392,37.1816969517644
MA0101202308A0014159,당마루,,G2,소매,G204,종합 소매,G20404,슈퍼마켓,영월군,51750355,한반도면,한반도면,강원특별자치도 영월군 한반도면 옹정리 396-10,강원특별자치도 영월군 한반도면 서강로 1024,128.351514185982,37.2396111517465
MA0101202308A0088622,한반도약선침술원,,Q1,보건의료,Q104,기타 보건,Q10402,유사 의료업,영월군,51750355,한반도면,한반도면,강원특별자치도 영월군 한반도면 신천리 600-3,강원특별자치도 영월군 한반도면 안새내길 94,128.336554411978,37.2297170182353
MA0101202309A0071081,쌍용북카페,,I2,음식,I212,비알코올 ,I21201,카페,영월군,51750355,한반도면,한반도면,강원특별자치도 영월군 한반도면 쌍용리 463-2,강원특별자치도 영월군 한반도면 쌍용로 203-10,128.327282141247,37.1776812688982
MA0101202406A0277516,매직솜사탕,,G2,소매,G205,식료품 소매,G20509,반찬/식료품 소매업,영월군,51750355,한반도면,한반도면,강원특별자치도 영월군 한반도면 옹정리 417-1,강원특별자치도 영월군 한반도면 괴골길 94,128.352060482502,37.2354964531002
MA0101202406A0402517,쌍용반점,,I2,음식,I202,중식,I20201,중국집,영월군,51750355,한반도면,한반도면,강원특별자치도 영월군 한반도면 쌍용리 1092-4,강원특별자치도 영월군 한반도면 강원남로 124,128.308775105514,37.1798873643086
MA0101202406A0451332,한반도오토캠핑장,,I1,숙박,I101,일반 숙박,I10104,캠핑/글램핑,영월군,51750355,한반도면,한반도면,강원특별자치도 영월군 한반도면 광전리 123,강원특별자치도 영월군 한반도면 서강로 1221,128.369838148078,37.2458605667773
MA0101202406A0481546,속초회냉면,,I2,음식,I201,한식,I20106,냉면/밀면,영월군,51750355,한반도면,한반도면,강원특별자치도 영월군 한반도면 신천리 455-4,강원특별자치도 영월군 한반도면 서강로 746-2,128.327727141788,37.2352312243279
MA0101202406A0543842,합자회사서진여행사,,N1,시설관리·임대,N105,여행사·보조,N10501,여행사,영월군,51750355,한반도면,한반도면,강원특별자치도 영월군 한반도면 쌍용리 643-11,강원특별자치도 영월군 한반도면 쌍용로 122,128.323140749663,37.1836200652174
MA0101202409A0064000,아우스빌둥GO,,P1,교육,P107,교육 지원,P10799,기타 교육지원 서비스업,영월군,51750355,한반도면,한반도면,강원특별자치도 영월군 한반도면 쌍용리 603-9,강원특별자치도 영월군 한반도면 무동길 19-1,128.320506219298,37.1804149085698
MA0101202409A0224888,한반도자동세차장,,S2,수리·개인,S203,자동차 수리·세차,S20302,자동차 세차장,영월군,51750355,한반도면,한반도면,강원특별자치도 영월군 한반도면 신천리 508-2,강원특별자치도 영월군 한반도면 서면장터로 351,128.332746482447,37.2361478934863
MA0101202409A0251554,농산물,,G2,소매,G205,식료품 소매,G20506,채소/과일 소매업,영월군,51750355,한반도면,한반도면,강원특별자치도 영월군 한반도면 쌍용리 605-6,강원특별자치도 영월군 한반도면 무동길 27-57,128.32112431884,37.1803449480701
MA0101202410A0224239,영월다슬기직판장,,G2,소매,G205,식료품 소매,G20506,채소/과일 소매업,영월군,51750355,한반도면,한반도면,강원특별자치도 영월군 한반도면 쌍용리 568-3,강원특별자치도 영월군 한반도면 강원남로 273,128.322068081068,37.1731174886099
MA0101202410A0340358,쌍용한의원,,Q1,보건의료,Q102,의원,Q10211,한의원,영월군,51750355,한반도면,한반도면,강원특별자치도 영월군 한반도면 쌍용리 491-4,강원특별자치도 영월군 한반도면 쌍용로 228,128.326999872832,37.1750625508157
MA0101202410A0343918,뱃말농원,,G2,소매,G205,식료품 소매,G20506,채소/과일 소매업,영월군,51750355,한반도면,한반도면,강원특별자치도 영월군 한반도면 광전리 227,강원특별자치도 영월군 한반도면 서강로 1059-34,128.351258055221,37.2435693681483
MA0101202410A0343922,악바리농장,,G2,소매,G205,식료품 소매,G20506,채소/과일 소매업,영월군,51750355,한반도면,한반도면,강원특별자치도 영월군 한반도면 광전리 572,강원특별자치도 영월군 한반도면 서강로 1151-26,128.362156930189,37.2480124265273
MA0101202410A0343926,금강산농원,,G2,소매,G205,식료품 소매,G20506,채소/과일 소매업,영월군,51750355,한반도면,한반도면,강원특별자치도 영월군 한반도면 신천리 521-4,강원특별자치도 영월군 한반도면 서강로 803,128.334242065837,37.2372482655906
MA0101202410A0343965,위샘개인영.수과외,,P1,교육,P105,일반 교육,P10501,입시·교과학원,영월군,51750355,한반도면,한반도면,강원특별자치도 영월군 한반도면 쌍용리 578,강원특별자치도 영월군 한반도면 무동길 67,128.320359357918,37.1765062485115
MA0101202410A0344770,신흥닭집,,G2,소매,G205,식료품 소매,G20503,정육점,영월군,51750355,한반도면,한반도면,강원특별자치도 영월군 한반도면 쌍용리 491-9,강원특별자치도 영월군 한반도면 쌍용로 232,128.327118818199,37.1747819116101
MA0101202410A0650056,해동수산,,G2,소매,G205,식료품 소매,G20505,수산물 소매업,영월군,51750355,한반도면,한반도면,강원특별자치도 영월군 한반도면 쌍용리 619-6,강원특별자치도 영월군 한반도면 쌍용로 152-8,128.324706114239,37.1816924744961
MA0101202410A1020723,감자바우농산물,,G2,소매,G205,식료품 소매,G20501,곡물/곡분 소매업,영월군,51750355,한반도면,한반도면,강원특별자치도 영월군 한반도면 신천리 산 202,강원특별자치도 영월군 한반도면 서강로 812-32,128.335915266561,37.2337245857407
MA0101202411A0072560,카페아즈카라,,I2,음식,I212,비알코올 ,I21201,카페,영월군,51750355,한반도면,한반도면,강원특별자치도 영월군 한반도면 신천리 444-4,강원특별자치도 영월군 한반도면 서강로 724-12,128.324574403614,37.2360143495838
MA0101202411A0083650,토리,,I2,음식,I201,한식,I20101,백반/한정식,영월군,51750355,한반도면,한반도면,강원특별자치도 영월군 한반도면 쌍용리 655-3,강원특별자치도 영월군 한반도면 쌍용로 88,128.320572651967,37.1829369389303
MA0101202412A0012180,헤이미쉬,,I1,숙박,I101,일반 숙박,I10103,펜션,영월군,51750355,한반도면,한반도면,강원특별자치도 영월군 한반도면 광전리 1070-6,강원특별자치도 영월군 한반도면 매운길 76-21,128.341634519259,37.2804656572361
MA0101202501A0025869,후탄리구판장,,G2,소매,G204,종합 소매,G20404,슈퍼마켓,영월군,51750355,한반도면,한반도면,강원특별자치도 영월군 한반도면 후탄리 25-2,강원특별자치도 영월군 한반도면 한반도로 67,128.37811248708,37.1921112747252
MA0101202502A0054165,혜인기업,,M1,과학·기술,M106,시장 조사,M10601,시장 조사 및 여론 조사업,영월군,51750355,한반도면,한반도면,강원특별자치도 영월군 한반도면 쌍용리 700,강원특별자치도 영월군 한반도면 쌍용로 89,128.331140826945,37.183899847144
MA0101202505A0041755,뱃말문화,,N1,시설관리·임대,N108,기타 사업 서비스,N10802,전시/컨벤션/행사 대행 서비스업,영월군,51750355,한반도면,한반도면,강원특별자치도 영월군 한반도면 광전리 243,강원특별자치도 영월군 한반도면 서강로 1082,128.355810398067,37.243535344093
MA0101202505A0088585,바른카워시영월출장세차,,S2,수리·개인,S203,자동차 수리·세차,S20302,자동차 세차장,영월군,51750355,한반도면,한반도면,강원특별자치도 영월군 한반도면 옹정리 508-1,강원특별자치도 영월군 한반도면 선암길 45,128.349053038739,37.2222863513833
MA0106202506A0854018,꽃게들의전쟁,,I2,음식,I201,한식,I20112,해산물 구이/찜,영월군,51750355,한반도면,한반도면,강원특별자치도 영월군 한반도면 쌍용리 1141-1,강원특별자치도 영월군 한반도면 강원남로 119-8,128.30777989151,37.1809435041725
MA0106202508A0430764,애플트리,,I1,숙박,I101,일반 숙박,I10102,여관/모텔,영월군,51750355,한반도면,한반도면,강원특별자치도 영월군 한반도면 쌍용리 1097-3,강원특별자치도 영월군 한반도면 강원남로 149-17,128.312021415025,37.1813831408005
MA0106202511A1720420,문수정,,I2,음식,I201,한식,I20101,백반/한정식,영월군,51750355,한반도면,한반도면,강원특별자치도 영월군 한반도면 쌍용리 1093-4,강원특별자치도 영월군 한반도면 강원남로 134,128.309573809731,37.1798424984368
MA0106202511A2467262,정담,,I2,음식,I201,한식,I20101,백반/한정식,영월군,51750355,한반도면,한반도면,강원특별자치도 영월군 한반도면 쌍용리 607-1,강원특별자치도 영월군 한반도면 쌍용로 74,128.320269548392,37.1816969517644
MA0106202601A2313002,장원순대뼈다귀전문점,,I2,음식,I201,한식,I20101,백반/한정식,영월군,51750355,한반도면,한반도면,강원특별자치도 영월군 한반도면 쌍용리 1079-1,강원특별자치도 영월군 한반도면 강원남로 153,128.312034464736,37.1801846788267
